{
  "type": "FeatureCollection",
  "features": [
    {
      "type": "Feature",
      "geometry": {
        "type": "Point",
        "coordinates": [
          -86.6,
          30.1
        ]
      },
      "properties": {
        "nhc_product": "storm_position",
        "storm_id": "09L",
        "atcf": "al092026",
        "wallet": "AT4",
        "name": "Isaias",
        "type": "Hurricane",
        "wind_mph": "110 mph",
        "pressure_mb": "967 mb",
        "movement": "N at 18 mph",
        "headline": "...ISAIAS NEARING LANDFALL IN THE WESTERN FLORIDA PANHANDLE... ...HURRICANE CONDITIONS WITH EXTREME WIND GUSTS SPREADING ACROSS THE WARNING AREA...",
        "datetime_str": "7:00 PM CDT Fri Oct 09",
        "advisory_number": "013A"
      }
    },
    {
      "type": "Feature",
      "geometry": {
        "type": "Polygon",
        "coordinates": [
          [
            [
              -86.62122,
              29.83158
            ],
            [
              -86.61201,
              29.8309
            ],
            [
              -86.58142,
              29.83158
            ],
            [
              -86.5605,
              29.83477
            ],
            [
              -86.53912,
              29.83955
            ],
            [
              -86.51764,
              29.84559
            ],
            [
              -86.49649,
              29.85265
            ],
            [
              -86.4758,
              29.8604
            ],
            [
              -86.44579,
              29.87304
            ],
            [
              -86.43645,
              29.87794
            ],
            [
              -86.40939,
              29.89354
            ],
            [
              -86.40098,
              29.89935
            ],
            [
              -86.37687,
              29.91791
            ],
            [
              -86.36254,
              29.93203
            ],
            [
              -86.34914,
              29.94707
            ],
            [
              -86.33174,
              29.97235
            ],
            [
              -86.3264,
              29.98124
            ],
            [
              -86.31287,
              30.0104
            ],
            [
              -86.30865,
              30.02042
            ],
            [
              -86.29866,
              30.0531
            ],
            [
              -86.29331,
              30.07622
            ],
            [
              -86.28911,
              30.10048
            ],
            [
              -86.28615,
              30.12599
            ],
            [
              -86.28432,
              30.15265
            ],
            [
              -86.2833,
              30.18009
            ],
            [
              -86.28284,
              30.20811
            ],
            [
              -86.28274,
              30.23647
            ],
            [
              -86.28274,
              30.26494
            ],
            [
              -86.28274,
              30.29342
            ],
            [
              -86.28274,
              30.32189
            ],
            [
              -86.28274,
              30.35037
            ],
            [
              -86.28274,
              30.37884
            ],
            [
              -86.28274,
              30.40731
            ],
            [
              -86.28274,
              30.43579
            ],
            [
              -86.28274,
              30.46426
            ],
            [
              -86.28274,
              30.49273
            ],
            [
              -86.28274,
              30.5212
            ],
            [
              -86.28274,
              30.54968
            ],
            [
              -86.28274,
              30.57815
            ],
            [
              -86.28274,
              30.60662
            ],
            [
              -86.28274,
              30.6351
            ],
            [
              -86.28274,
              30.66357
            ],
            [
              -86.28274,
              30.69204
            ],
            [
              -86.28274,
              30.72052
            ],
            [
              -86.28285,
              30.74887
            ],
            [
              -86.2832,
              30.76277
            ],
            [
              -86.28433,
              30.80434
            ],
            [
              -86.28615,
              30.83099
            ],
            [
              -86.28899,
              30.85662
            ],
            [
              -86.29104,
              30.8688
            ],
            [
              -86.29694,
              30.90559
            ],
            [
              -86.30116,
              30.92985
            ],
            [
              -86.30491,
              30.95457
            ],
            [
              -86.30775,
              30.98019
            ],
            [
              -86.30957,
              31.00684
            ],
            [
              -86.31059,
              31.03429
            ],
            [
              -86.31105,
              31.06231
            ],
            [
              -86.31116,
              31.09067
            ],
            [
              -86.31116,
              31.11914
            ],
            [
              -86.31116,
              31.14761
            ],
            [
              -86.31116,
              31.17609
            ],
            [
              -86.31116,
              31.20456
            ],
            [
              -86.31128,
              31.23292
            ],
            [
              -86.31173,
              31.26094
            ],
            [
              -86.31276,
              31.28838
            ],
            [
              -86.31458,
              31.31504
            ],
            [
              -86.31741,
              31.34066
            ],
            [
              -86.31946,
              31.35285
            ],
            [
              -86.32333,
              31.37745
            ],
            [
              -86.32957,
              31.41389
            ],
            [
              -86.33128,
              31.42642
            ],
            [
              -86.33629,
              31.46412
            ],
            [
              -86.33731,
              31.47733
            ],
            [
              -86.34061,
              31.51674
            ],
            [
              -86.34289,
              31.54294
            ],
            [
              -86.34459,
              31.55546
            ],
            [
              -86.34789,
              31.58064
            ],
            [
              -86.35175,
              31.60523
            ],
            [
              -86.35583,
              31.62961
            ],
            [
              -86.35982,
              31.65409
            ],
            [
              -86.36516,
              31.69145
            ],
            [
              -86.36801,
              31.71708
            ],
            [
              -86.37085,
              31.7427
            ],
            [
              -86.37415,
              31.76787
            ],
            [
              -86.37801,
              31.79247
            ],
            [
              -86.38222,
              31.81673
            ],
            [
              -86.38654,
              31.84088
            ],
            [
              -86.39074,
              31.86514
            ],
            [
              -86.39461,
              31.88974
            ],
            [
              -86.39825,
              31.91457
            ],
            [
              -86.40211,
              31.93917
            ],
            [
              -86.40633,
              31.96343
            ],
            [
              -86.41064,
              31.98758
            ],
            [
              -86.41485,
              32.01184
            ],
            [
              -86.41873,
              32.03644
            ],
            [
              -86.4202,
              32.04919
            ],
            [
              -86.42487,
              32.08723
            ],
            [
              -86.4277,
              32.11286
            ],
            [
              -86.42952,
              32.12527
            ],
            [
              -86.43486,
              32.16263
            ],
            [
              -86.43907,
              32.18689
            ],
            [
              -86.44328,
              32.21115
            ],
            [
              -86.44714,
              32.23575
            ],
            [
              -86.45045,
              32.26092
            ],
            [
              -86.45328,
              32.28654
            ],
            [
              -86.45477,
              32.2993
            ],
            [
              -86.45795,
              32.32458
            ],
            [
              -86.46147,
              32.34953
            ],
            [
              -86.4675,
              32.3862
            ],
            [
              -86.47171,
              32.41046
            ],
            [
              -86.47546,
              32.43517
            ],
            [
              -86.47829,
              32.4608
            ],
            [
              -86.48012,
              32.48745
            ],
            [
              -86.48114,
              32.51489
            ],
            [
              -86.4816,
              32.54292
            ],
            [
              -86.48183,
              32.57116
            ],
            [
              -86.48228,
              32.59918
            ],
            [
              -86.48331,
              32.62663
            ],
            [
              -86.48512,
              32.65327
            ],
            [
              -86.48796,
              32.6789
            ],
            [
              -86.49172,
              32.70362
            ],
            [
              -86.49592,
              32.72787
            ],
            [
              -86.50014,
              32.75214
            ],
            [
              -86.50377,
              32.77674
            ],
            [
              -86.50616,
              32.80191
            ],
            [
              -86.50696,
              32.82754
            ],
            [
              -86.50615,
              32.85316
            ],
            [
              -86.50377,
              32.87833
            ],
            [
              -86.50206,
              32.89086
            ],
            [
              -86.49808,
              32.91512
            ],
            [
              -86.49171,
              32.95145
            ],
            [
              -86.48796,
              32.97617
            ],
            [
              -86.485,
              33.00168
            ],
            [
              -86.48273,
              33.02787
            ],
            [
              -86.48069,
              33.0543
            ],
            [
              -86.47842,
              33.08049
            ],
            [
              -86.47546,
              33.106
            ],
            [
              -86.47159,
              33.1306
            ],
            [
              -86.46693,
              33.15441
            ],
            [
              -86.46443,
              33.16614
            ],
            [
              -86.45613,
              33.20053
            ],
            [
              -86.45045,
              33.22331
            ],
            [
              -86.4476,
              33.2347
            ],
            [
              -86.44191,
              33.25748
            ],
            [
              -86.4334,
              33.29165
            ],
            [
              -86.43054,
              33.30304
            ],
            [
              -86.42191,
              33.33709
            ],
            [
              -86.41895,
              33.34837
            ],
            [
              -86.40962,
              33.38174
            ],
            [
              -86.40314,
              33.40372
            ],
            [
              -86.39642,
              33.42547
            ],
            [
              -86.39302,
              33.43629
            ],
            [
              -86.38324,
              33.46921
            ],
            [
              -86.37698,
              33.49142
            ],
            [
              -86.37097,
              33.51385
            ],
            [
              -86.36505,
              33.53641
            ],
            [
              -86.35902,
              33.55885
            ],
            [
              -86.35277,
              33.58105
            ],
            [
              -86.34618,
              33.60292
            ],
            [
              -86.34277,
              33.61374
            ],
            [
              -86.33139,
              33.64506
            ],
            [
              -86.32753,
              33.65542
            ],
            [
              -86.31537,
              33.68595
            ],
            [
              -86.30696,
              33.70599
            ],
            [
              -86.29877,
              33.72626
            ],
            [
              -86.29082,
              33.74677
            ],
            [
              -86.28273,
              33.76715
            ],
            [
              -86.27864,
              33.77729
            ],
            [
              -86.27068,
              33.79779
            ],
            [
              -86.25851,
              33.82831
            ],
            [
              -86.25431,
              33.83833
            ],
            [
              -86.2459,
              33.85838
            ],
            [
              -86.23396,
              33.88913
            ],
            [
              -86.22589,
              33.90952
            ],
            [
              -86.21782,
              33.9299
            ],
            [
              -86.20975,
              33.95029
            ],
            [
              -86.20566,
              33.96043
            ],
            [
              -86.19678,
              33.98001
            ],
            [
              -86.18768,
              33.99938
            ],
            [
              -86.17859,
              34.01874
            ],
            [
              -86.16904,
              34.03765
            ],
            [
              -86.15949,
              34.05655
            ],
            [
              -86.14539,
              34.08514
            ],
            [
              -86.14062,
              34.0946
            ],
            [
              -86.13083,
              34.11327
            ],
            [
              -86.1106,
              34.14994
            ],
            [
              -86.11082,
              34.15017
            ],
            [
              -86.10013,
              34.16794
            ],
            [
              -86.08922,
              34.18548
            ],
            [
              -86.07831,
              34.20302
            ],
            [
              -86.06738,
              34.22056
            ],
            [
              -86.0567,
              34.23833
            ],
            [
              -86.04625,
              34.25632
            ],
            [
              -86.03078,
              34.28354
            ],
            [
              -86.02554,
              34.29254
            ],
            [
              -86.01486,
              34.3103
            ],
            [
              -86.00395,
              34.32785
            ],
            [
              -85.99281,
              34.34516
            ],
            [
              -85.98145,
              34.36224
            ],
            [
              -85.96983,
              34.3791
            ],
            [
              -85.95801,
              34.39573
            ],
            [
              -85.94597,
              34.41212
            ],
            [
              -85.93369,
              34.4283
            ],
            [
              -85.91504,
              34.45233
            ],
            [
              -85.9089,
              34.46041
            ],
            [
              -85.89684,
              34.47681
            ],
            [
              -85.88479,
              34.49322
            ],
            [
              -85.87274,
              34.50962
            ],
            [
              -85.86046,
              34.52579
            ],
            [
              -85.84772,
              34.54151
            ],
            [
              -85.83453,
              34.55677
            ],
            [
              -85.82135,
              34.57203
            ],
            [
              -85.80816,
              34.58729
            ],
            [
              -85.79543,
              34.60301
            ],
            [
              -85.77711,
              34.62738
            ],
            [
              -85.77109,
              34.63558
            ],
            [
              -85.75903,
              34.65199
            ],
            [
              -85.74677,
              34.66816
            ],
            [
              -85.73402,
              34.68388
            ],
            [
              -85.72061,
              34.69891
            ],
            [
              -85.70696,
              34.71371
            ],
            [
              -85.69287,
              34.72806
            ],
            [
              -85.67876,
              34.74241
            ],
            [
              -85.66444,
              34.75653
            ],
            [
              -85.65034,
              34.77089
            ],
            [
              -85.63602,
              34.78501
            ],
            [
              -85.62192,
              34.79936
            ],
            [
              -85.60759,
              34.81348
            ],
            [
              -85.59349,
              34.82784
            ],
            [
              -85.57916,
              34.84196
            ],
            [
              -85.56507,
              34.85631
            ],
            [
              -85.55075,
              34.87043
            ],
            [
              -85.53665,
              34.88478
            ],
            [
              -85.51527,
              34.90608
            ],
            [
              -85.50822,
              34.91326
            ],
            [
              -85.4939,
              34.92738
            ],
            [
              -85.4798,
              34.94173
            ],
            [
              -85.46547,
              34.95585
            ],
            [
              -85.45137,
              34.9702
            ],
            [
              -85.43704,
              34.98433
            ],
            [
              -85.42271,
              34.99845
            ],
            [
              -85.41533,
              35.00528
            ],
            [
              -85.39293,
              35.02555
            ],
            [
              -85.37724,
              35.03831
            ],
            [
              -85.3611,
              35.05061
            ],
            [
              -85.34473,
              35.06268
            ],
            [
              -85.32835,
              35.07476
            ],
            [
              -85.31221,
              35.08706
            ],
            [
              -85.29652,
              35.09982
            ],
            [
              -85.28129,
              35.11302
            ],
            [
              -85.26604,
              35.12624
            ],
            [
              -85.25081,
              35.13945
            ],
            [
              -85.24297,
              35.14582
            ],
            [
              -85.21898,
              35.16451
            ],
            [
              -85.2026,
              35.17657
            ],
            [
              -85.18623,
              35.18865
            ],
            [
              -85.16985,
              35.20072
            ],
            [
              -85.15372,
              35.21302
            ],
            [
              -85.13779,
              35.22555
            ],
            [
              -85.12164,
              35.23785
            ],
            [
              -85.10527,
              35.24992
            ],
            [
              -85.09709,
              35.25596
            ],
            [
              -85.07253,
              35.27407
            ],
            [
              -85.05615,
              35.28614
            ],
            [
              -85.04001,
              35.29844
            ],
            [
              -85.03205,
              35.3047
            ],
            [
              -85.00795,
              35.32327
            ],
            [
              -84.99158,
              35.33534
            ],
            [
              -84.98328,
              35.34127
            ],
            [
              -84.96657,
              35.353
            ],
            [
              -84.94109,
              35.3702
            ],
            [
              -84.92404,
              35.38158
            ],
            [
              -84.91551,
              35.38728
            ],
            [
              -84.89845,
              35.39867
            ],
            [
              -84.87287,
              35.41575
            ],
            [
              -84.85582,
              35.42714
            ],
            [
              -84.83876,
              35.43853
            ],
            [
              -84.83023,
              35.44423
            ],
            [
              -84.80466,
              35.46131
            ],
            [
              -84.7876,
              35.4727
            ],
            [
              -84.77054,
              35.48409
            ],
            [
              -84.75349,
              35.49548
            ],
            [
              -84.72791,
              35.51257
            ],
            [
              -84.71938,
              35.51826
            ],
            [
              -84.70232,
              35.52965
            ],
            [
              -84.68527,
              35.54104
            ],
            [
              -84.66821,
              35.55243
            ],
            [
              -84.65116,
              35.56382
            ],
            [
              -84.63411,
              35.5752
            ],
            [
              -84.61705,
              35.5866
            ],
            [
              -84.60853,
              35.59229
            ],
            [
              -84.59135,
              35.60357
            ],
            [
              -84.55634,
              35.62543
            ],
            [
              -84.54747,
              35.63078
            ],
            [
              -84.52951,
              35.64126
            ],
            [
              -84.51131,
              35.65151
            ],
            [
              -84.49335,
              35.66199
            ],
            [
              -84.47562,
              35.6727
            ],
            [
              -84.4581,
              35.68363
            ],
            [
              -84.44058,
              35.69456
            ],
            [
              -84.42308,
              35.7055
            ],
            [
              -84.40535,
              35.7162
            ],
            [
              -84.39636,
              35.72144
            ],
            [
              -84.3783,
              35.7318
            ],
            [
              -84.35123,
              35.74741
            ],
            [
              -84.33349,
              35.75812
            ],
            [
              -84.31598,
              35.76905
            ],
            [
              -84.30722,
              35.77451
            ],
            [
              -84.28096,
              35.79092
            ],
            [
              -84.27209,
              35.79627
            ],
            [
              -84.24526,
              35.8121
            ],
            [
              -84.22707,
              35.82235
            ],
            [
              -84.21808,
              35.82759
            ],
            [
              -84.20024,
              35.83818
            ],
            [
              -84.17386,
              35.85447
            ],
            [
              -84.1651,
              35.85994
            ],
            [
              -84.13884,
              35.87634
            ],
            [
              -84.1211,
              35.88704
            ],
            [
              -84.10313,
              35.89752
            ],
            [
              -84.08495,
              35.90777
            ],
            [
              -84.07597,
              35.91301
            ],
            [
              -84.04924,
              35.92896
            ],
            [
              -84.03174,
              35.93989
            ],
            [
              -84.02298,
              35.94536
            ],
            [
              -84.00547,
              35.95629
            ],
            [
              -83.98784,
              35.96711
            ],
            [
              -83.96078,
              35.98271
            ],
            [
              -83.94214,
              35.9925
            ],
            [
              -83.93282,
              35.9974
            ],
            [
              -83.90485,
              36.01209
            ],
            [
              -83.8862,
              36.02189
            ],
            [
              -83.87711,
              36.02702
            ],
            [
              -83.85027,
              36.04285
            ],
            [
              -83.84151,
              36.04831
            ],
            [
              -83.81525,
              36.06472
            ],
            [
              -83.79774,
              36.07565
            ],
            [
              -83.78888,
              36.081
            ],
            [
              -83.76181,
              36.09661
            ],
            [
              -83.75249,
              36.1015
            ],
            [
              -83.72452,
              36.1162
            ],
            [
              -83.71519,
              36.12109
            ],
            [
              -83.68723,
              36.13578
            ],
            [
              -83.66904,
              36.14603
            ],
            [
              -83.6513,
              36.15674
            ],
            [
              -83.63379,
              36.16767
            ],
            [
              -83.61627,
              36.17861
            ],
            [
              -83.60752,
              36.18407
            ],
            [
              -83.58103,
              36.20025
            ],
            [
              -83.57193,
              36.20538
            ],
            [
              -83.5442,
              36.22029
            ],
            [
              -83.53487,
              36.22519
            ],
            [
              -83.5069,
              36.23988
            ],
            [
              -83.49757,
              36.24478
            ],
            [
              -83.47916,
              36.2548
            ],
            [
              -83.45232,
              36.27063
            ],
            [
              -83.43481,
              36.28156
            ],
            [
              -83.42606,
              36.28703
            ],
            [
              -83.40855,
              36.29797
            ],
            [
              -83.38206,
              36.31414
            ],
            [
              -83.37296,
              36.31927
            ],
            [
              -83.35455,
              36.32929
            ],
            [
              -83.33591,
              36.33908
            ],
            [
              -83.30792,
              36.35378
            ],
            [
              -83.28928,
              36.36356
            ],
            [
              -83.28018,
              36.36869
            ],
            [
              -83.25336,
              36.38452
            ],
            [
              -83.2446,
              36.38999
            ],
            [
              -83.22708,
              36.40092
            ],
            [
              -83.20958,
              36.41186
            ],
            [
              -83.19196,
              36.42268
            ],
            [
              -83.17399,
              36.43316
            ],
            [
              -83.14625,
              36.44808
            ],
            [
              -83.12761,
              36.45787
            ],
            [
              -83.10896,
              36.46767
            ],
            [
              -83.09031,
              36.47746
            ],
            [
              -83.07211,
              36.48771
            ],
            [
              -83.05438,
              36.49841
            ],
            [
              -83.04563,
              36.50388
            ],
            [
              -83.01936,
              36.52029
            ],
            [
              -83.00186,
              36.53122
            ],
            [
              -82.98412,
              36.54192
            ],
            [
              -82.97502,
              36.54705
            ],
            [
              -82.9566,
              36.55707
            ],
            [
              -82.92863,
              36.57176
            ],
            [
              -82.90998,
              36.58156
            ],
            [
              -82.89133,
              36.59135
            ],
            [
              -82.88223,
              36.59647
            ],
            [
              -82.86427,
              36.60696
            ],
            [
              -82.83791,
              36.62325
            ],
            [
              -82.82039,
              36.63418
            ],
            [
              -82.80289,
              36.64511
            ],
            [
              -82.78514,
              36.65582
            ],
            [
              -82.76694,
              36.66607
            ],
            [
              -82.75762,
              36.67097
            ],
            [
              -82.72966,
              36.68566
            ],
            [
              -82.71078,
              36.69523
            ],
            [
              -82.69168,
              36.70457
            ],
            [
              -82.68225,
              36.70935
            ],
            [
              -82.65416,
              36.72393
            ],
            [
              -82.63551,
              36.73372
            ],
            [
              -82.61732,
              36.74397
            ],
            [
              -82.59959,
              36.75468
            ],
            [
              -82.59083,
              36.76014
            ],
            [
              -82.57332,
              36.77108
            ],
            [
              -82.55581,
              36.78201
            ],
            [
              -82.52933,
              36.79819
            ],
            [
              -82.52023,
              36.80331
            ],
            [
              -82.50181,
              36.81333
            ],
            [
              -82.48316,
              36.82313
            ],
            [
              -82.46452,
              36.83292
            ],
            [
              -82.44586,
              36.84272
            ],
            [
              -82.42744,
              36.85274
            ],
            [
              -82.40061,
              36.86857
            ],
            [
              -82.3831,
              36.8795
            ],
            [
              -82.36559,
              36.89044
            ],
            [
              -82.35683,
              36.8959
            ],
            [
              -82.33035,
              36.91208
            ],
            [
              -82.31239,
              36.92255
            ],
            [
              -82.2942,
              36.93281
            ],
            [
              -82.27623,
              36.94328
            ],
            [
              -82.26736,
              36.94864
            ],
            [
              -82.24098,
              36.96492
            ],
            [
              -82.22346,
              36.97586
            ],
            [
              -82.20596,
              36.98679
            ],
            [
              -82.18822,
              36.9975
            ],
            [
              -82.17004,
              37.00775
            ],
            [
              -82.15138,
              37.01754
            ],
            [
              -82.13274,
              37.02734
            ],
            [
              -82.12342,
              37.03223
            ],
            [
              -82.09544,
              37.04692
            ],
            [
              -82.08635,
              37.05205
            ],
            [
              -82.06838,
              37.06253
            ],
            [
              -82.05077,
              37.07335
            ],
            [
              -82.02449,
              37.08975
            ],
            [
              -82.00699,
              37.10068
            ],
            [
              -81.99812,
              37.10604
            ],
            [
              -81.97129,
              37.12186
            ],
            [
              -81.95309,
              37.13212
            ],
            [
              -81.93513,
              37.14259
            ],
            [
              -81.92626,
              37.14795
            ],
            [
              -81.90864,
              37.15876
            ],
            [
              -81.89113,
              37.1697
            ],
            [
              -81.86486,
              37.1861
            ],
            [
              -81.856,
              37.19146
            ],
            [
              -81.82917,
              37.20728
            ],
            [
              -81.81098,
              37.21754
            ],
            [
              -81.79301,
              37.22801
            ],
            [
              -81.77528,
              37.23872
            ],
            [
              -81.75777,
              37.24966
            ],
            [
              -81.74912,
              37.25524
            ],
            [
              -81.72342,
              37.27221
            ],
            [
              -81.70637,
              37.2836
            ],
            [
              -81.69784,
              37.28929
            ],
            [
              -81.67226,
              37.30637
            ],
            [
              -81.66373,
              37.31207
            ],
            [
              -81.63815,
              37.32915
            ],
            [
              -81.62132,
              37.34077
            ],
            [
              -81.60472,
              37.35262
            ],
            [
              -81.58858,
              37.36492
            ],
            [
              -81.57289,
              37.37768
            ],
            [
              -81.55788,
              37.39111
            ],
            [
              -81.54311,
              37.40478
            ],
            [
              -81.52877,
              37.4189
            ],
            [
              -81.51445,
              37.43303
            ],
            [
              -81.50034,
              37.44738
            ],
            [
              -81.48602,
              37.4615
            ],
            [
              -81.47192,
              37.47585
            ],
            [
              -81.4576,
              37.48997
            ],
            [
              -81.4435,
              37.50432
            ],
            [
              -81.42212,
              37.52562
            ],
            [
              -81.40802,
              37.53997
            ],
            [
              -81.40097,
              37.54715
            ],
            [
              -81.38733,
              37.56195
            ],
            [
              -81.37392,
              37.57698
            ],
            [
              -81.3614,
              37.59293
            ],
            [
              -81.34958,
              37.60955
            ],
            [
              -81.33321,
              37.63586
            ],
            [
              -81.32799,
              37.64486
            ],
            [
              -81.31331,
              37.67288
            ],
            [
              -81.30843,
              37.68222
            ],
            [
              -81.29888,
              37.70113
            ],
            [
              -81.28955,
              37.72026
            ],
            [
              -81.28,
              37.73917
            ],
            [
              -81.26591,
              37.76775
            ],
            [
              -81.25691,
              37.78723
            ],
            [
              -81.24828,
              37.80704
            ],
            [
              -81.24032,
              37.82755
            ],
            [
              -81.23656,
              37.83802
            ],
            [
              -81.22656,
              37.87071
            ],
            [
              -81.22338,
              37.88176
            ],
            [
              -81.21474,
              37.91582
            ],
            [
              -81.21201,
              37.92732
            ],
            [
              -81.20484,
              37.96285
            ],
            [
              -81.20098,
              37.98745
            ],
            [
              -81.19814,
              38.01308
            ],
            [
              -81.19631,
              38.03973
            ],
            [
              -81.1953,
              38.06718
            ],
            [
              -81.19484,
              38.0952
            ],
            [
              -81.19484,
              38.10921
            ],
            [
              -81.1953,
              38.15146
            ],
            [
              -81.19632,
              38.17891
            ],
            [
              -81.19814,
              38.20556
            ],
            [
              -81.20097,
              38.23119
            ],
            [
              -81.20484,
              38.25579
            ],
            [
              -81.2095,
              38.27959
            ],
            [
              -81.21223,
              38.29109
            ],
            [
              -81.2177,
              38.3141
            ],
            [
              -81.22361,
              38.33665
            ],
            [
              -81.22998,
              38.35875
            ],
            [
              -81.24033,
              38.39109
            ],
            [
              -81.24454,
              38.40112
            ],
            [
              -81.25693,
              38.43141
            ],
            [
              -81.26591,
              38.45088
            ],
            [
              -81.27522,
              38.47002
            ],
            [
              -81.2849,
              38.48881
            ],
            [
              -81.29467,
              38.50748
            ],
            [
              -81.30467,
              38.52594
            ],
            [
              -81.32048,
              38.55282
            ],
            [
              -81.32593,
              38.56159
            ],
            [
              -81.33696,
              38.57901
            ],
            [
              -81.3539,
              38.60475
            ],
            [
              -81.3597,
              38.61318
            ],
            [
              -81.37141,
              38.62992
            ],
            [
              -81.38346,
              38.64632
            ],
            [
              -81.39597,
              38.66227
            ],
            [
              -81.40905,
              38.67765
            ],
            [
              -81.4294,
              38.69997
            ],
            [
              -81.43645,
              38.70715
            ],
            [
              -81.4576,
              38.72867
            ],
            [
              -81.46476,
              38.73573
            ],
            [
              -81.48602,
              38.75714
            ],
            [
              -81.49319,
              38.76421
            ],
            [
              -81.50751,
              38.77833
            ],
            [
              -81.51489,
              38.78516
            ],
            [
              -81.54446,
              38.8125
            ],
            [
              -81.56015,
              38.82525
            ],
            [
              -81.57629,
              38.83755
            ],
            [
              -81.5929,
              38.8494
            ],
            [
              -81.60973,
              38.86102
            ],
            [
              -81.61826,
              38.86671
            ],
            [
              -81.64407,
              38.88357
            ],
            [
              -81.66158,
              38.8945
            ],
            [
              -81.67044,
              38.89985
            ],
            [
              -81.69749,
              38.91545
            ],
            [
              -81.71616,
              38.92525
            ],
            [
              -81.73479,
              38.93504
            ],
            [
              -81.75367,
              38.94461
            ],
            [
              -81.77277,
              38.95395
            ],
            [
              -81.79164,
              38.96352
            ],
            [
              -81.81052,
              38.97308
            ],
            [
              -81.82962,
              38.98242
            ],
            [
              -81.8485,
              38.99199
            ],
            [
              -81.86737,
              39.00156
            ],
            [
              -81.88669,
              39.01067
            ],
            [
              -81.90602,
              39.01978
            ],
            [
              -81.9357,
              39.03276
            ],
            [
              -81.94582,
              39.03686
            ],
            [
              -81.96651,
              39.04461
            ],
            [
              -81.98743,
              39.05212
            ],
            [
              -82.02006,
              39.06215
            ],
            [
              -82.04224,
              39.06841
            ],
            [
              -82.05338,
              39.07148
            ],
            [
              -82.07588,
              39.07741
            ],
            [
              -82.11011,
              39.08584
            ],
            [
              -82.1216,
              39.08857
            ],
            [
              -82.15695,
              39.09586
            ],
            [
              -82.18106,
              39.10019
            ],
            [
              -82.20562,
              39.10406
            ],
            [
              -82.21801,
              39.10588
            ],
            [
              -82.2428,
              39.10952
            ],
            [
              -82.27919,
              39.11579
            ],
            [
              -82.30329,
              39.12012
            ],
            [
              -82.32751,
              39.12433
            ],
            [
              -82.33968,
              39.12638
            ],
            [
              -82.36469,
              39.1298
            ],
            [
              -82.40436,
              39.13276
            ],
            [
              -82.41789,
              39.13345
            ],
            [
              -82.45974,
              39.13424
            ],
            [
              -82.48805,
              39.13435
            ],
            [
              -82.51647,
              39.13435
            ],
            [
              -82.53057,
              39.13424
            ],
            [
              -82.55865,
              39.1339
            ],
            [
              -82.60016,
              39.13276
            ],
            [
              -82.62677,
              39.13094
            ],
            [
              -82.65234,
              39.12809
            ],
            [
              -82.67702,
              39.12433
            ],
            [
              -82.70124,
              39.12012
            ],
            [
              -82.72534,
              39.11579
            ],
            [
              -82.74956,
              39.11157
            ],
            [
              -82.77412,
              39.1077
            ],
            [
              -82.7989,
              39.10406
            ],
            [
              -82.82346,
              39.10019
            ],
            [
              -82.84756,
              39.09586
            ],
            [
              -82.88292,
              39.08857
            ],
            [
              -82.89441,
              39.08584
            ],
            [
              -82.91725,
              39.08025
            ],
            [
              -82.93988,
              39.07445
            ],
            [
              -82.95102,
              39.07137
            ],
            [
              -82.99548,
              39.05896
            ],
            [
              -83.00629,
              39.05554
            ],
            [
              -83.02754,
              39.04836
            ],
            [
              -83.0587,
              39.03686
            ],
            [
              -83.06882,
              39.03276
            ],
            [
              -83.08871,
              39.02422
            ],
            [
              -83.11782,
              39.01067
            ],
            [
              -83.13715,
              39.00156
            ],
            [
              -83.15602,
              38.99199
            ],
            [
              -83.1749,
              38.98242
            ],
            [
              -83.18446,
              38.97775
            ],
            [
              -83.21288,
              38.96352
            ],
            [
              -83.23175,
              38.95395
            ],
            [
              -83.24129,
              38.94928
            ],
            [
              -83.26972,
              38.93504
            ],
            [
              -83.27905,
              38.93015
            ],
            [
              -83.2977,
              38.92035
            ],
            [
              -83.316,
              38.91022
            ],
            [
              -83.33362,
              38.89939
            ],
            [
              -83.35909,
              38.8822
            ],
            [
              -83.37547,
              38.87012
            ],
            [
              -83.38342,
              38.86386
            ],
            [
              -83.40753,
              38.8453
            ],
            [
              -83.4239,
              38.83323
            ],
            [
              -83.43208,
              38.82719
            ],
            [
              -83.45665,
              38.80908
            ],
            [
              -83.47302,
              38.797
            ],
            [
              -83.48917,
              38.78471
            ],
            [
              -83.50508,
              38.77218
            ],
            [
              -83.52122,
              38.75988
            ],
            [
              -83.52942,
              38.75385
            ],
            [
              -83.55397,
              38.73573
            ],
            [
              -83.57034,
              38.72366
            ],
            [
              -83.57852,
              38.71762
            ],
            [
              -83.59479,
              38.70544
            ],
            [
              -83.61877,
              38.68676
            ],
            [
              -83.62685,
              38.68061
            ],
            [
              -83.64311,
              38.66842
            ],
            [
              -83.66767,
              38.65031
            ],
            [
              -83.68405,
              38.63824
            ],
            [
              -83.70042,
              38.62617
            ],
            [
              -83.71656,
              38.61386
            ],
            [
              -83.73248,
              38.60134
            ],
            [
              -83.74863,
              38.58904
            ],
            [
              -83.765,
              38.57697
            ],
            [
              -83.77319,
              38.57093
            ],
            [
              -83.79774,
              38.55282
            ],
            [
              -83.80593,
              38.54678
            ],
            [
              -83.83026,
              38.52845
            ],
            [
              -83.84618,
              38.51592
            ],
            [
              -83.87051,
              38.49758
            ],
            [
              -83.87869,
              38.49154
            ],
            [
              -83.89507,
              38.47947
            ],
            [
              -83.91145,
              38.4674
            ],
            [
              -83.92781,
              38.45533
            ],
            [
              -83.93588,
              38.44918
            ],
            [
              -83.95988,
              38.4305
            ],
            [
              -83.97603,
              38.4182
            ],
            [
              -83.9924,
              38.40612
            ],
            [
              -84.00058,
              38.40009
            ],
            [
              -84.01695,
              38.38802
            ],
            [
              -84.04151,
              38.36991
            ],
            [
              -84.04958,
              38.36376
            ],
            [
              -84.07358,
              38.34508
            ],
            [
              -84.08165,
              38.33893
            ],
            [
              -84.10609,
              38.3207
            ],
            [
              -84.11439,
              38.31478
            ],
            [
              -84.14805,
              38.29155
            ],
            [
              -84.15657,
              38.28585
            ],
            [
              -84.17363,
              38.27447
            ],
            [
              -84.19069,
              38.26307
            ],
            [
              -84.1991,
              38.25726
            ],
            [
              -84.21581,
              38.24554
            ],
            [
              -84.24049,
              38.22754
            ],
            [
              -84.25662,
              38.21524
            ],
            [
              -84.28062,
              38.19656
            ],
            [
              -84.2887,
              38.19041
            ],
            [
              -84.29688,
              38.18438
            ],
            [
              -84.32166,
              38.1665
            ],
            [
              -84.33849,
              38.15488
            ],
            [
              -84.34702,
              38.14919
            ],
            [
              -84.36407,
              38.13779
            ],
            [
              -84.38966,
              38.12071
            ],
            [
              -84.40649,
              38.10909
            ],
            [
              -84.42309,
              38.09725
            ],
            [
              -84.43945,
              38.08518
            ],
            [
              -84.44753,
              38.07903
            ],
            [
              -84.47152,
              38.06035
            ],
            [
              -84.48766,
              38.04805
            ],
            [
              -84.50404,
              38.03597
            ],
            [
              -84.51234,
              38.03005
            ],
            [
              -84.53747,
              38.01251
            ],
            [
              -84.54599,
              38.00681
            ],
            [
              -84.57158,
              37.98973
            ],
            [
              -84.58011,
              37.98404
            ],
            [
              -84.60568,
              37.96695
            ],
            [
              -84.62274,
              37.95556
            ],
            [
              -84.6398,
              37.94418
            ],
            [
              -84.65685,
              37.93278
            ],
            [
              -84.66537,
              37.92709
            ],
            [
              -84.69073,
              37.90977
            ],
            [
              -84.70733,
              37.89793
            ],
            [
              -84.73178,
              37.87971
            ],
            [
              -84.73985,
              37.87356
            ],
            [
              -84.75577,
              37.86103
            ],
            [
              -84.77191,
              37.84873
            ],
            [
              -84.78828,
              37.83665
            ],
            [
              -84.80488,
              37.82481
            ],
            [
              -84.82171,
              37.81319
            ],
            [
              -84.83023,
              37.8075
            ],
            [
              -84.85582,
              37.79042
            ],
            [
              -84.86435,
              37.78472
            ],
            [
              -84.8897,
              37.76741
            ],
            [
              -84.9063,
              37.75556
            ],
            [
              -84.92268,
              37.74349
            ],
            [
              -84.93882,
              37.73119
            ],
            [
              -84.96281,
              37.71252
            ],
            [
              -84.97089,
              37.70637
            ],
            [
              -84.98726,
              37.69429
            ],
            [
              -85.00363,
              37.68222
            ],
            [
              -85.02818,
              37.66411
            ],
            [
              -85.03638,
              37.65807
            ],
            [
              -85.05252,
              37.64577
            ],
            [
              -85.06844,
              37.63325
            ],
            [
              -85.08458,
              37.62095
            ],
            [
              -85.10095,
              37.60887
            ],
            [
              -85.12598,
              37.59122
            ],
            [
              -85.13438,
              37.58541
            ],
            [
              -85.14291,
              37.57972
            ],
            [
              -85.15997,
              37.56833
            ],
            [
              -85.18555,
              37.55124
            ],
            [
              -85.20237,
              37.53963
            ],
            [
              -85.21068,
              37.5337
            ],
            [
              -85.22717,
              37.52174
            ],
            [
              -85.24342,
              37.50956
            ],
            [
              -85.26741,
              37.49088
            ],
            [
              -85.28355,
              37.47858
            ],
            [
              -85.29175,
              37.47255
            ],
            [
              -85.3163,
              37.45444
            ],
            [
              -85.32449,
              37.4484
            ],
            [
              -85.34904,
              37.43029
            ],
            [
              -85.36519,
              37.41799
            ],
            [
              -85.37315,
              37.41173
            ],
            [
              -85.39725,
              37.39317
            ],
            [
              -85.41363,
              37.38109
            ],
            [
              -85.42999,
              37.36902
            ],
            [
              -85.44638,
              37.35694
            ],
            [
              -85.46274,
              37.34487
            ],
            [
              -85.47888,
              37.33257
            ],
            [
              -85.4948,
              37.32005
            ],
            [
              -85.50288,
              37.3139
            ],
            [
              -85.51913,
              37.30171
            ],
            [
              -85.53551,
              37.28963
            ],
            [
              -85.55188,
              37.27756
            ],
            [
              -85.56825,
              37.26549
            ],
            [
              -85.58452,
              37.2533
            ],
            [
              -85.61658,
              37.22847
            ],
            [
              -85.62465,
              37.22232
            ],
            [
              -85.63284,
              37.21628
            ],
            [
              -85.65739,
              37.19817
            ],
            [
              -85.67377,
              37.1861
            ],
            [
              -85.68195,
              37.18006
            ],
            [
              -85.70628,
              37.16172
            ],
            [
              -85.7222,
              37.1492
            ],
            [
              -85.73027,
              37.14305
            ],
            [
              -85.75471,
              37.12482
            ],
            [
              -85.7711,
              37.11275
            ],
            [
              -85.78747,
              37.10068
            ],
            [
              -85.80362,
              37.08838
            ],
            [
              -85.81931,
              37.07562
            ],
            [
              -85.83454,
              37.06242
            ],
            [
              -85.84978,
              37.0492
            ],
            [
              -85.87285,
              37.02961
            ],
            [
              -85.88069,
              37.02323
            ],
            [
              -85.89684,
              37.01093
            ],
            [
              -85.91322,
              36.99886
            ],
            [
              -85.9296,
              36.98679
            ],
            [
              -85.94597,
              36.97472
            ],
            [
              -85.9621,
              36.96241
            ],
            [
              -85.97006,
              36.95615
            ],
            [
              -85.99417,
              36.93759
            ],
            [
              -86.01872,
              36.91948
            ],
            [
              -86.02692,
              36.91344
            ],
            [
              -86.05136,
              36.89522
            ],
            [
              -86.05943,
              36.88907
            ],
            [
              -86.06728,
              36.88269
            ],
            [
              -86.08263,
              36.86959
            ],
            [
              -86.10491,
              36.84921
            ],
            [
              -86.11947,
              36.83532
            ],
            [
              -86.14175,
              36.81493
            ],
            [
              -86.14926,
              36.80821
            ],
            [
              -86.17302,
              36.7893
            ],
            [
              -86.18109,
              36.78315
            ],
            [
              -86.19746,
              36.77108
            ],
            [
              -86.21384,
              36.75901
            ],
            [
              -86.22191,
              36.75286
            ],
            [
              -86.23782,
              36.74033
            ],
            [
              -86.26068,
              36.72051
            ],
            [
              -86.27546,
              36.70684
            ],
            [
              -86.28979,
              36.69272
            ],
            [
              -86.30411,
              36.6786
            ],
            [
              -86.31821,
              36.66425
            ],
            [
              -86.33253,
              36.65012
            ],
            [
              -86.34686,
              36.636
            ],
            [
              -86.36163,
              36.62234
            ],
            [
              -86.37665,
              36.60889
            ],
            [
              -86.39233,
              36.59614
            ],
            [
              -86.40848,
              36.58384
            ],
            [
              -86.42485,
              36.57176
            ],
            [
              -86.44123,
              36.55969
            ],
            [
              -86.4493,
              36.55354
            ],
            [
              -86.48058,
              36.52791
            ],
            [
              -86.48808,
              36.52119
            ],
            [
              -86.50285,
              36.50753
            ],
            [
              -86.52435,
              36.48634
            ],
            [
              -86.53151,
              36.47928
            ],
            [
              -86.54561,
              36.46493
            ],
            [
              -86.55994,
              36.45081
            ],
            [
              -86.57404,
              36.43646
            ],
            [
              -86.58836,
              36.42234
            ],
            [
              -86.60962,
              36.40092
            ],
            [
              -86.61679,
              36.39386
            ],
            [
              -86.63088,
              36.37951
            ],
            [
              -86.6452,
              36.36539
            ],
            [
              -86.65931,
              36.35104
            ],
            [
              -86.67363,
              36.33692
            ],
            [
              -86.68773,
              36.32257
            ],
            [
              -86.70911,
              36.30127
            ],
            [
              -86.71616,
              36.29409
            ],
            [
              -86.73048,
              36.27997
            ],
            [
              -86.75174,
              36.25856
            ],
            [
              -86.75891,
              36.2515
            ],
            [
              -86.77301,
              36.23715
            ],
            [
              -86.78734,
              36.22303
            ],
            [
              -86.80143,
              36.20868
            ],
            [
              -86.81554,
              36.19433
            ],
            [
              -86.83588,
              36.172
            ],
            [
              -86.84259,
              36.16449
            ],
            [
              -86.85532,
              36.14877
            ],
            [
              -86.8676,
              36.1326
            ],
            [
              -86.87965,
              36.1162
            ],
            [
              -86.89169,
              36.0998
            ],
            [
              -86.90398,
              36.08363
            ],
            [
              -86.91672,
              36.06791
            ],
            [
              -86.93014,
              36.05287
            ],
            [
              -86.94378,
              36.03806
            ],
            [
              -86.96493,
              36.01654
            ],
            [
              -86.97198,
              36.00936
            ],
            [
              -86.98607,
              35.99501
            ],
            [
              -86.99971,
              35.9802
            ],
            [
              -87.01313,
              35.96518
            ],
            [
              -87.02586,
              35.94946
            ],
            [
              -87.03815,
              35.93328
            ],
            [
              -87.0502,
              35.91688
            ],
            [
              -87.06226,
              35.90048
            ],
            [
              -87.07453,
              35.8843
            ],
            [
              -87.08727,
              35.8686
            ],
            [
              -87.10046,
              35.85332
            ],
            [
              -87.11365,
              35.83807
            ],
            [
              -87.12684,
              35.8228
            ],
            [
              -87.13957,
              35.80709
            ],
            [
              -87.15186,
              35.79092
            ],
            [
              -87.16391,
              35.77451
            ],
            [
              -87.17595,
              35.75811
            ],
            [
              -87.188,
              35.74171
            ],
            [
              -87.20029,
              35.72554
            ],
            [
              -87.21278,
              35.70959
            ],
            [
              -87.22507,
              35.69342
            ],
            [
              -87.23712,
              35.67702
            ],
            [
              -87.24894,
              35.6604
            ],
            [
              -87.26054,
              35.64354
            ],
            [
              -87.27191,
              35.62646
            ],
            [
              -87.28328,
              35.60937
            ],
            [
              -87.30034,
              35.58375
            ],
            [
              -87.30602,
              35.5752
            ],
            [
              -87.3174,
              35.55812
            ],
            [
              -87.33445,
              35.53249
            ],
            [
              -87.34013,
              35.52395
            ],
            [
              -87.3515,
              35.50687
            ],
            [
              -87.36288,
              35.48978
            ],
            [
              -87.37993,
              35.46416
            ],
            [
              -87.38561,
              35.45562
            ],
            [
              -87.39676,
              35.4383
            ],
            [
              -87.41301,
              35.41188
            ],
            [
              -87.41836,
              35.40299
            ],
            [
              -87.42859,
              35.38477
            ],
            [
              -87.43836,
              35.36609
            ],
            [
              -87.44814,
              35.34741
            ],
            [
              -87.45792,
              35.32873
            ],
            [
              -87.47282,
              35.30094
            ],
            [
              -87.47794,
              35.29183
            ],
            [
              -87.48863,
              35.27407
            ],
            [
              -87.49954,
              35.25653
            ],
            [
              -87.51045,
              35.23899
            ],
            [
              -87.52138,
              35.22145
            ],
            [
              -87.53206,
              35.20368
            ],
            [
              -87.5423,
              35.18546
            ],
            [
              -87.55695,
              35.15744
            ],
            [
              -87.56184,
              35.1481
            ],
            [
              -87.5714,
              35.1292
            ],
            [
              -87.58947,
              35.09036
            ],
            [
              -87.59402,
              35.08068
            ],
            [
              -87.59845,
              35.07088
            ],
            [
              -87.61062,
              35.04036
            ],
            [
              -87.62267,
              35.00973
            ],
            [
              -87.62676,
              34.99959
            ],
            [
              -87.63483,
              34.9792
            ],
            [
              -87.63893,
              34.96906
            ],
            [
              -87.6478,
              34.94947
            ],
            [
              -87.65689,
              34.93011
            ],
            [
              -87.66577,
              34.91053
            ],
            [
              -87.67487,
              34.89116
            ],
            [
              -87.68782,
              34.86143
            ],
            [
              -87.69193,
              34.8513
            ],
            [
              -87.70352,
              34.82021
            ],
            [
              -87.70738,
              34.80984
            ],
            [
              -87.71819,
              34.77795
            ],
            [
              -87.72535,
              34.75666
            ],
            [
              -87.73285,
              34.7357
            ],
            [
              -87.74058,
              34.71497
            ],
            [
              -87.74445,
              34.70461
            ],
            [
              -87.7565,
              34.67397
            ],
            [
              -87.76457,
              34.65358
            ],
            [
              -87.77218,
              34.63274
            ],
            [
              -87.77924,
              34.61132
            ],
            [
              -87.78264,
              34.6005
            ],
            [
              -87.79208,
              34.56725
            ],
            [
              -87.79822,
              34.54492
            ],
            [
              -87.8013,
              34.53376
            ],
            [
              -87.81096,
              34.50073
            ],
            [
              -87.81425,
              34.4898
            ],
            [
              -87.82437,
              34.45723
            ],
            [
              -87.83085,
              34.43525
            ],
            [
              -87.8371,
              34.41304
            ],
            [
              -87.84314,
              34.3906
            ],
            [
              -87.84893,
              34.36794
            ],
            [
              -87.85178,
              34.35654
            ],
            [
              -87.85986,
              34.32192
            ],
            [
              -87.86497,
              34.29858
            ],
            [
              -87.86748,
              34.28685
            ],
            [
              -87.87451,
              34.2512
            ],
            [
              -87.87918,
              34.22739
            ],
            [
              -87.88396,
              34.2037
            ],
            [
              -87.88634,
              34.19186
            ],
            [
              -87.89304,
              34.15587
            ],
            [
              -87.89725,
              34.13161
            ],
            [
              -87.90112,
              34.10701
            ],
            [
              -87.90475,
              34.08218
            ],
            [
              -87.90862,
              34.05758
            ],
            [
              -87.91068,
              34.04539
            ],
            [
              -87.91715,
              34.00917
            ],
            [
              -87.92136,
              33.98491
            ],
            [
              -87.92511,
              33.9602
            ],
            [
              -87.92807,
              33.93468
            ],
            [
              -87.93034,
              33.90849
            ],
            [
              -87.93238,
              33.88207
            ],
            [
              -87.93466,
              33.85587
            ],
            [
              -87.93762,
              33.83036
            ],
            [
              -87.94138,
              33.80565
            ],
            [
              -87.94557,
              33.78139
            ],
            [
              -87.94773,
              33.76931
            ],
            [
              -87.95354,
              33.73241
            ],
            [
              -87.95638,
              33.70679
            ],
            [
              -87.95821,
              33.68014
            ],
            [
              -87.95923,
              33.65269
            ],
            [
              -87.95979,
              33.62479
            ],
            [
              -87.96036,
              33.59688
            ],
            [
              -87.96138,
              33.56944
            ],
            [
              -87.9632,
              33.54279
            ],
            [
              -87.96433,
              33.52969
            ],
            [
              -87.96774,
              33.50463
            ],
            [
              -87.974,
              33.46819
            ],
            [
              -87.9782,
              33.44392
            ],
            [
              -87.98026,
              33.43174
            ],
            [
              -87.9847,
              33.3937
            ],
            [
              -87.98606,
              33.3675
            ],
            [
              -87.98605,
              33.34108
            ],
            [
              -87.98469,
              33.31488
            ],
            [
              -87.98196,
              33.28937
            ],
            [
              -87.97992,
              33.27718
            ],
            [
              -87.974,
              33.24039
            ],
            [
              -87.97195,
              33.22821
            ],
            [
              -87.96604,
              33.19142
            ],
            [
              -87.9632,
              33.16579
            ],
            [
              -87.96127,
              33.13926
            ],
            [
              -87.95979,
              33.11227
            ],
            [
              -87.95831,
              33.08527
            ],
            [
              -87.95638,
              33.05874
            ],
            [
              -87.95354,
              33.03312
            ],
            [
              -87.94978,
              33.0084
            ],
            [
              -87.94547,
              32.98425
            ],
            [
              -87.94081,
              32.96045
            ],
            [
              -87.93604,
              32.93676
            ],
            [
              -87.93137,
              32.91296
            ],
            [
              -87.92671,
              32.88915
            ],
            [
              -87.92194,
              32.86546
            ],
            [
              -87.91716,
              32.84177
            ],
            [
              -87.91238,
              32.81808
            ],
            [
              -87.90761,
              32.79439
            ],
            [
              -87.90294,
              32.77058
            ],
            [
              -87.89816,
              32.74689
            ],
            [
              -87.89021,
              32.71216
            ],
            [
              -87.88725,
              32.70088
            ],
            [
              -87.88112,
              32.67856
            ],
            [
              -87.87451,
              32.6567
            ],
            [
              -87.86781,
              32.63494
            ],
            [
              -87.86133,
              32.61296
            ],
            [
              -87.85507,
              32.59075
            ],
            [
              -87.85213,
              32.57948
            ],
            [
              -87.84314,
              32.54576
            ],
            [
              -87.83711,
              32.52332
            ],
            [
              -87.83086,
              32.50112
            ],
            [
              -87.82437,
              32.47914
            ],
            [
              -87.81755,
              32.4575
            ],
            [
              -87.8105,
              32.43608
            ],
            [
              -87.80345,
              32.41467
            ],
            [
              -87.79641,
              32.39326
            ],
            [
              -87.78925,
              32.37196
            ],
            [
              -87.78207,
              32.35066
            ],
            [
              -87.77503,
              32.32925
            ],
            [
              -87.76798,
              32.30785
            ],
            [
              -87.76082,
              32.28654
            ],
            [
              -87.75366,
              32.26524
            ],
            [
              -87.7466,
              32.24384
            ],
            [
              -87.73944,
              32.22254
            ],
            [
              -87.73195,
              32.20158
            ],
            [
              -87.72421,
              32.18085
            ],
            [
              -87.71636,
              32.16024
            ],
            [
              -87.70818,
              32.13996
            ],
            [
              -87.69975,
              32.11992
            ],
            [
              -87.69157,
              32.09965
            ],
            [
              -87.68361,
              32.07915
            ],
            [
              -87.67554,
              32.05876
            ],
            [
              -87.66747,
              32.03838
            ],
            [
              -87.6595,
              32.01787
            ],
            [
              -87.6553,
              32.00785
            ],
            [
              -87.64291,
              31.97755
            ],
            [
              -87.63473,
              31.95728
            ],
            [
              -87.62677,
              31.93678
            ],
            [
              -87.6187,
              31.91639
            ],
            [
              -87.61061,
              31.896
            ],
            [
              -87.60255,
              31.87562
            ],
            [
              -87.58958,
              31.84589
            ],
            [
              -87.58504,
              31.83621
            ],
            [
              -87.57162,
              31.80694
            ],
            [
              -87.56708,
              31.79726
            ],
            [
              -87.55367,
              31.76799
            ],
            [
              -87.54958,
              31.75785
            ],
            [
              -87.5415,
              31.73746
            ],
            [
              -87.53343,
              31.71708
            ],
            [
              -87.52534,
              31.69669
            ],
            [
              -87.51728,
              31.6763
            ],
            [
              -87.51284,
              31.66651
            ],
            [
              -87.49976,
              31.6369
            ],
            [
              -87.49078,
              31.61742
            ],
            [
              -87.4818,
              31.59795
            ],
            [
              -87.47737,
              31.58815
            ],
            [
              -87.46429,
              31.55854
            ],
            [
              -87.45622,
              31.53815
            ],
            [
              -87.44814,
              31.51777
            ],
            [
              -87.44007,
              31.49738
            ],
            [
              -87.432,
              31.47699
            ],
            [
              -87.42348,
              31.45706
            ],
            [
              -87.41892,
              31.44738
            ],
            [
              -87.4054,
              31.41822
            ],
            [
              -87.3913,
              31.38964
            ],
            [
              -87.38174,
              31.37073
            ],
            [
              -87.3772,
              31.36105
            ],
            [
              -87.37265,
              31.35137
            ],
            [
              -87.35469,
              31.31242
            ],
            [
              -87.3506,
              31.30228
            ],
            [
              -87.34253,
              31.28189
            ],
            [
              -87.33035,
              31.25137
            ],
            [
              -87.32637,
              31.24112
            ],
            [
              -87.31842,
              31.22062
            ],
            [
              -87.31023,
              31.20034
            ],
            [
              -87.30181,
              31.1803
            ],
            [
              -87.29363,
              31.16003
            ],
            [
              -87.28578,
              31.13941
            ],
            [
              -87.27805,
              31.11868
            ],
            [
              -87.27054,
              31.09773
            ],
            [
              -87.26338,
              31.07643
            ],
            [
              -87.25633,
              31.05502
            ],
            [
              -87.25281,
              31.04432
            ],
            [
              -87.24246,
              31.01197
            ],
            [
              -87.23598,
              30.98999
            ],
            [
              -87.22974,
              30.96778
            ],
            [
              -87.22371,
              30.94534
            ],
            [
              -87.2178,
              30.92279
            ],
            [
              -87.21176,
              30.90035
            ],
            [
              -87.20552,
              30.87814
            ],
            [
              -87.19904,
              30.85616
            ],
            [
              -87.19221,
              30.83452
            ],
            [
              -87.18517,
              30.81311
            ],
            [
              -87.17812,
              30.7917
            ],
            [
              -87.17106,
              30.77029
            ],
            [
              -87.16389,
              30.74899
            ],
            [
              -87.15674,
              30.72769
            ],
            [
              -87.14969,
              30.70628
            ],
            [
              -87.14253,
              30.68498
            ],
            [
              -87.13503,
              30.66402
            ],
            [
              -87.12729,
              30.6433
            ],
            [
              -87.11945,
              30.62268
            ],
            [
              -87.11127,
              30.60241
            ],
            [
              -87.10284,
              30.58236
            ],
            [
              -87.09467,
              30.56209
            ],
            [
              -87.08681,
              30.54148
            ],
            [
              -87.07908,
              30.52075
            ],
            [
              -87.07158,
              30.49979
            ],
            [
              -87.06441,
              30.47849
            ],
            [
              -87.05725,
              30.4572
            ],
            [
              -87.04975,
              30.43624
            ],
            [
              -87.04202,
              30.41551
            ],
            [
              -87.03416,
              30.3949
            ],
            [
              -87.02599,
              30.37463
            ],
            [
              -87.01756,
              30.35458
            ],
            [
              -87.00938,
              30.3343
            ],
            [
              -87.00154,
              30.31369
            ],
            [
              -86.9938,
              30.29296
            ],
            [
              -86.9863,
              30.27201
            ],
            [
              -86.97914,
              30.25071
            ],
            [
              -86.97197,
              30.22941
            ],
            [
              -86.96447,
              30.20845
            ],
            [
              -86.95674,
              30.18772
            ],
            [
              -86.9489,
              30.16711
            ],
            [
              -86.9407,
              30.14684
            ],
            [
              -86.9323,
              30.12679
            ],
            [
              -86.9241,
              30.10652
            ],
            [
              -86.91615,
              30.08602
            ],
            [
              -86.90808,
              30.06563
            ],
            [
              -86.89989,
              30.04536
            ],
            [
              -86.89148,
              30.02531
            ],
            [
              -86.88228,
              30.00607
            ],
            [
              -86.87204,
              29.98785
            ],
            [
              -86.86089,
              29.97053
            ],
            [
              -86.84873,
              29.95424
            ],
            [
              -86.82849,
              29.93181
            ],
            [
              -86.81393,
              29.91791
            ],
            [
              -86.80609,
              29.91154
            ],
            [
              -86.78143,
              29.89354
            ],
            [
              -86.76368,
              29.88284
            ],
            [
              -86.74515,
              29.87304
            ],
            [
              -86.72583,
              29.86438
            ],
            [
              -86.70638,
              29.85641
            ],
            [
              -86.68729,
              29.84889
            ],
            [
              -86.65874,
              29.83955
            ],
            [
              -86.6302,
              29.83329
            ],
            [
              -86.62122,
              29.83158
            ]
          ]
        ]
      },
      "properties": {
        "STORMNAME": "Isaias",
        "STORMTYPE": "HU",
        "ADVDATE": "700 PM CDT Fri Oct 09 2026",
        "ADVISNUM": "13A",
        "STORMNUM": 9,
        "FCSTPRD": 120,
        "BASIN": "AL",
        "nhc_product": "cone_of_uncertainty",
        "atcf": "al092026",
        "storm_name": "Isaias",
        "storm_id": "09L"
      }
    },
    {
      "type": "Feature",
      "geometry": {
        "type": "Point",
        "coordinates": [
          -86.6,
          30.1
        ]
      },
      "properties": {
        "ADVDATE": "700 PM CDT Fri Oct 09 2026",
        "ADVISNUM": "13A",
        "BASIN": "AL",
        "DATELBL": "7:00 PM Fri",
        "DVLBL": "H",
        "FCSTPRD": 120,
        "FLDATELBL": "2026-10-09 4:00 PM Fri CDT",
        "GUST": 130,
        "LAT": 30,
        "LON": -86,
        "MAXWIND": 95,
        "MSLP": 967,
        "SSNUM": 2,
        "STORMNAME": "Hurricane Isaias",
        "STORMNUM": 9,
        "STORMSRC": "Tropical Cyclone",
        "STORMTYPE": "HU",
        "TCDVLP": "Hurricane",
        "TAU": 0,
        "TCDIR": 10,
        "TCSPD": 15,
        "TIMEZONE": "CDT",
        "VALIDTIME": "09/2100",
        "nhc_product": "forecast_track_points",
        "atcf": "al092026",
        "storm_name": "Isaias",
        "storm_id": "09L"
      }
    },
    {
      "type": "Feature",
      "geometry": {
        "type": "Point",
        "coordinates": [
          -86.8,
          31.2
        ]
      },
      "properties": {
        "ADVDATE": "700 PM CDT Fri Oct 09 2026",
        "ADVISNUM": "13A",
        "BASIN": "AL",
        "DATELBL": "1:00 AM Sat",
        "DVLBL": "H",
        "FCSTPRD": 120,
        "FLDATELBL": "2026-10-10 1:00 AM Sat CDT",
        "GUST": 95,
        "LAT": 31,
        "LON": -86,
        "MAXWIND": 75,
        "MSLP": 9999,
        "SSNUM": 1,
        "STORMNAME": "Hurricane Isaias",
        "STORMNUM": 9,
        "STORMSRC": "Tropical Cyclone",
        "STORMTYPE": "HU",
        "TCDVLP": "Hurricane",
        "TAU": 12,
        "TCDIR": 9999,
        "TCSPD": 9999,
        "TIMEZONE": "CDT",
        "VALIDTIME": "10/0600",
        "nhc_product": "forecast_track_points",
        "atcf": "al092026",
        "storm_name": "Isaias",
        "storm_id": "09L"
      }
    },
    {
      "type": "Feature",
      "geometry": {
        "type": "Point",
        "coordinates": [
          -87.2,
          33.4
        ]
      },
      "properties": {
        "ADVDATE": "700 PM CDT Fri Oct 09 2026",
        "ADVISNUM": "13A",
        "BASIN": "AL",
        "DATELBL": "1:00 PM Sat",
        "DVLBL": "S",
        "FCSTPRD": 120,
        "FLDATELBL": "2026-10-10 1:00 PM Sat CDT",
        "GUST": 55,
        "LAT": 33,
        "LON": -87,
        "MAXWIND": 40,
        "MSLP": 9999,
        "SSNUM": 0,
        "STORMNAME": "Hurricane Isaias",
        "STORMNUM": 9,
        "STORMSRC": "Post-Tropical Cyclone",
        "STORMTYPE": "STS",
        "TCDVLP": "Subtropical Storm",
        "TAU": 24,
        "TCDIR": 9999,
        "TCSPD": 9999,
        "TIMEZONE": "CDT",
        "VALIDTIME": "10/1800",
        "nhc_product": "forecast_track_points",
        "atcf": "al092026",
        "storm_name": "Isaias",
        "storm_id": "09L"
      }
    },
    {
      "type": "Feature",
      "geometry": {
        "type": "Point",
        "coordinates": [
          -86.1,
          35.6
        ]
      },
      "properties": {
        "ADVDATE": "700 PM CDT Fri Oct 09 2026",
        "ADVISNUM": "13A",
        "BASIN": "AL",
        "DATELBL": "1:00 AM Sun",
        "DVLBL": "D",
        "FCSTPRD": 120,
        "FLDATELBL": "2026-10-11 1:00 AM Sun CDT",
        "GUST": 40,
        "LAT": 35,
        "LON": -86,
        "MAXWIND": 30,
        "MSLP": 9999,
        "SSNUM": 0,
        "STORMNAME": "Hurricane Isaias",
        "STORMNUM": 9,
        "STORMSRC": "Post-Tropical Cyclone",
        "STORMTYPE": "STD",
        "TCDVLP": "Subtropical Depression",
        "TAU": 36,
        "TCDIR": 9999,
        "TCSPD": 9999,
        "TIMEZONE": "CDT",
        "VALIDTIME": "11/0600",
        "nhc_product": "forecast_track_points",
        "atcf": "al092026",
        "storm_name": "Isaias",
        "storm_id": "09L"
      }
    },
    {
      "type": "Feature",
      "geometry": {
        "type": "Point",
        "coordinates": [
          -82.5,
          38.1
        ]
      },
      "properties": {
        "ADVDATE": "700 PM CDT Fri Oct 09 2026",
        "ADVISNUM": "13A",
        "BASIN": "AL",
        "DATELBL": "1:00 PM Sun",
        "DVLBL": "D",
        "FCSTPRD": 120,
        "FLDATELBL": "2026-10-11 1:00 PM Sun CDT",
        "GUST": 35,
        "LAT": 38,
        "LON": -82,
        "MAXWIND": 25,
        "MSLP": 9999,
        "SSNUM": 0,
        "STORMNAME": "Hurricane Isaias",
        "STORMNUM": 9,
        "STORMSRC": "Post-Tropical Cyclone",
        "STORMTYPE": "STD",
        "TCDVLP": "Subtropical Depression",
        "TAU": 48,
        "TCDIR": 9999,
        "TCSPD": 9999,
        "TIMEZONE": "CDT",
        "VALIDTIME": "11/1800",
        "nhc_product": "forecast_track_points",
        "atcf": "al092026",
        "storm_name": "Isaias",
        "storm_id": "09L"
      }
    },
    {
      "type": "Feature",
      "geometry": {
        "type": "Polygon",
        "coordinates": [
          [
            [
              -86.5701065,
              32.9270477
            ],
            [
              -86.5112381,
              32.9298439
            ],
            [
              -86.45224,
              32.9317474
            ],
            [
              -86.3931351,
              32.9327583
            ],
            [
              -86.3339386,
              32.9328728
            ],
            [
              -86.2746735,
              32.9320869
            ],
            [
              -86.2153625,
              32.930397
            ],
            [
              -86.1560059,
              32.9278069
            ],
            [
              -86.0966568,
              32.924305
            ],
            [
              -86.037323,
              32.9199028
            ],
            [
              -85.9780121,
              32.9145966
            ],
            [
              -85.9187546,
              32.908371
            ],
            [
              -85.859581,
              32.9012527
            ],
            [
              -85.8004837,
              32.8932152
            ],
            [
              -85.7415085,
              32.8842773
            ],
            [
              -85.682663,
              32.8744278
            ],
            [
              -85.6239777,
              32.8636742
            ],
            [
              -85.5654602,
              32.8520126
            ],
            [
              -85.5071411,
              32.8394547
            ],
            [
              -85.449028,
              32.8259926
            ],
            [
              -85.3911591,
              32.8116379
            ],
            [
              -85.3335419,
              32.7963829
            ],
            [
              -85.2761993,
              32.7802315
            ],
            [
              -85.2191467,
              32.7631989
            ],
            [
              -85.1624222,
              32.7452774
            ],
            [
              -85.1060104,
              32.7264709
            ],
            [
              -85.0499649,
              32.7067909
            ],
            [
              -84.9943008,
              32.6862335
            ],
            [
              -84.9390335,
              32.6648102
            ],
            [
              -84.8841629,
              32.6425171
            ],
            [
              -84.8297272,
              32.6193695
            ],
            [
              -84.7757416,
              32.5953712
            ],
            [
              -84.7222443,
              32.5705261
            ],
            [
              -84.66922,
              32.5448341
            ],
            [
              -84.6166992,
              32.5183182
            ],
            [
              -84.5647202,
              32.490963
            ],
            [
              -84.5132675,
              32.4628029
            ],
            [
              -84.4623871,
              32.4338188
            ],
            [
              -84.4120789,
              32.4040337
            ],
            [
              -84.362381,
              32.373455
            ],
            [
              -84.3132858,
              32.342083
            ],
            [
              -84.2652817,
              32.3095818
            ],
            [
              -84.2188187,
              32.2756233
            ],
            [
              -84.1739578,
              32.2402534
            ],
            [
              -84.1307373,
              32.2034988
            ],
            [
              -84.0892029,
              32.1654053
            ],
            [
              -84.0494003,
              32.1260109
            ],
            [
              -84.0113602,
              32.0853462
            ],
            [
              -83.9751282,
              32.0434723
            ],
            [
              -83.9407425,
              32.000412
            ],
            [
              -83.9077911,
              31.9565601
            ],
            [
              -83.8758316,
              31.912302
            ],
            [
              -83.8448944,
              31.8676491
            ],
            [
              -83.8149719,
              31.8226147
            ],
            [
              -83.7860794,
              31.7772141
            ],
            [
              -83.7582016,
              31.731472
            ],
            [
              -83.7313538,
              31.6853943
            ],
            [
              -83.7055435,
              31.6390038
            ],
            [
              -83.6807709,
              31.5923195
            ],
            [
              -83.6570358,
              31.5453491
            ],
            [
              -83.634346,
              31.4981155
            ],
            [
              -83.6127014,
              31.4506359
            ],
            [
              -83.5920944,
              31.4029198
            ],
            [
              -83.5725403,
              31.3549938
            ],
            [
              -83.5540314,
              31.3068676
            ],
            [
              -83.5365677,
              31.2585621
            ],
            [
              -83.5201569,
              31.2100868
            ],
            [
              -83.5047913,
              31.1614609
            ],
            [
              -83.4904709,
              31.1127052
            ],
            [
              -83.4772034,
              31.0638351
            ],
            [
              -83.4649734,
              31.0148621
            ],
            [
              -83.4537888,
              30.9658031
            ],
            [
              -83.4436493,
              30.9166775
            ],
            [
              -83.4345474,
              30.8675003
            ],
            [
              -83.4264832,
              30.8182888
            ],
            [
              -83.4194565,
              30.7690563
            ],
            [
              -83.4134521,
              30.7198219
            ],
            [
              -83.4084778,
              30.6705971
            ],
            [
              -83.4045258,
              30.6213989
            ],
            [
              -83.4016037,
              30.5722446
            ],
            [
              -83.3996811,
              30.5231533
            ],
            [
              -83.3987732,
              30.4741344
            ],
            [
              -83.3988724,
              30.4252052
            ],
            [
              -83.399971,
              30.3763828
            ],
            [
              -83.4020615,
              30.3276768
            ],
            [
              -83.4051285,
              30.27911
            ],
            [
              -83.4091949,
              30.23069
            ],
            [
              -83.4142303,
              30.1824379
            ],
            [
              -83.4202347,
              30.1343613
            ],
            [
              -83.4271927,
              30.086483
            ],
            [
              -83.4351044,
              30.0388088
            ],
            [
              -83.4439545,
              29.9913597
            ],
            [
              -83.4537659,
              29.944149
            ],
            [
              -83.4644928,
              29.8971863
            ],
            [
              -83.4761353,
              29.8504868
            ],
            [
              -83.4887009,
              29.8040676
            ],
            [
              -83.5021667,
              29.7579384
            ],
            [
              -83.5165253,
              29.7121105
            ],
            [
              -83.5317764,
              29.666605
            ],
            [
              -83.547905,
              29.6214333
            ],
            [
              -83.5649033,
              29.5766068
            ],
            [
              -83.5827408,
              29.5321274
            ],
            [
              -83.6014404,
              29.4880199
            ],
            [
              -83.6209717,
              29.4442978
            ],
            [
              -83.6413269,
              29.4009666
            ],
            [
              -83.6624985,
              29.3580399
            ],
            [
              -83.6844711,
              29.3155289
            ],
            [
              -83.7072449,
              29.2734451
            ],
            [
              -83.7307968,
              29.2318039
            ],
            [
              -83.7551041,
              29.1906128
            ],
            [
              -83.7801895,
              29.1498814
            ],
            [
              -83.8060074,
              29.1096268
            ],
            [
              -83.8325729,
              29.0698509
            ],
            [
              -83.8598633,
              29.030571
            ],
            [
              -83.8878632,
              28.9917946
            ],
            [
              -83.9165573,
              28.9535294
            ],
            [
              -83.9459381,
              28.9157887
            ],
            [
              -83.9759903,
              28.8785782
            ],
            [
              -84.0067062,
              28.8419113
            ],
            [
              -84.038063,
              28.8057938
            ],
            [
              -84.0700684,
              28.770237
            ],
            [
              -84.1026917,
              28.7352505
            ],
            [
              -84.1359177,
              28.70084
            ],
            [
              -84.1697464,
              28.6670132
            ],
            [
              -84.204155,
              28.6337757
            ],
            [
              -84.2391281,
              28.6011429
            ],
            [
              -84.2746582,
              28.5691185
            ],
            [
              -84.3107224,
              28.5377064
            ],
            [
              -84.3473206,
              28.5069199
            ],
            [
              -84.3844376,
              28.476759
            ],
            [
              -84.4220505,
              28.4472389
            ],
            [
              -84.4603958,
              28.4185791
            ],
            [
              -84.4996643,
              28.3910255
            ],
            [
              -84.5398483,
              28.3645992
            ],
            [
              -84.5809021,
              28.3393211
            ],
            [
              -84.6228104,
              28.3152046
            ],
            [
              -84.6655197,
              28.2922707
            ],
            [
              -84.7090073,
              28.2705345
            ],
            [
              -84.7532349,
              28.2500134
            ],
            [
              -84.798172,
              28.2307243
            ],
            [
              -84.8435364,
              28.2124557
            ],
            [
              -84.8890686,
              28.1949959
            ],
            [
              -84.9347458,
              28.1783371
            ],
            [
              -84.9805603,
              28.1624832
            ],
            [
              -85.026474,
              28.1474304
            ],
            [
              -85.0725098,
              28.1331787
            ],
            [
              -85.1186066,
              28.11973
            ],
            [
              -85.1647644,
              28.1070786
            ],
            [
              -85.2109756,
              28.0952225
            ],
            [
              -85.2572174,
              28.0841637
            ],
            [
              -85.3034821,
              28.0738983
            ],
            [
              -85.3497238,
              28.0644207
            ],
            [
              -85.3959503,
              28.0557289
            ],
            [
              -85.442131,
              28.047821
            ],
            [
              -85.488266,
              28.0406933
            ],
            [
              -85.5343246,
              28.0343399
            ],
            [
              -85.5802917,
              28.0287571
            ],
            [
              -85.6261673,
              28.0239429
            ],
            [
              -85.6719131,
              28.0198898
            ],
            [
              -85.7175293,
              28.0165977
            ],
            [
              -85.7629929,
              28.0140553
            ],
            [
              -85.8082962,
              28.0122604
            ],
            [
              -85.8534088,
              28.0112057
            ],
            [
              -85.8983459,
              28.0108871
            ],
            [
              -85.9430389,
              28.011301
            ],
            [
              -85.9875259,
              28.0124359
            ],
            [
              -86.0317764,
              28.0142879
            ],
            [
              -86.0757751,
              28.0168495
            ],
            [
              -86.1194916,
              28.0201111
            ],
            [
              -86.1629333,
              28.0240707
            ],
            [
              -86.2060699,
              28.0287132
            ],
            [
              -86.2488861,
              28.0340385
            ],
            [
              -86.2913971,
              28.0400352
            ],
            [
              -86.3335724,
              28.0466957
            ],
            [
              -86.3753967,
              28.0540085
            ],
            [
              -86.4168396,
              28.0619736
            ],
            [
              -86.4579163,
              28.0705719
            ],
            [
              -86.4986191,
              28.0797997
            ],
            [
              -86.5389099,
              28.0896473
            ],
            [
              -86.5787811,
              28.1001053
            ],
            [
              -86.6182404,
              28.1111622
            ],
            [
              -86.6572571,
              28.1228104
            ],
            [
              -86.6958313,
              28.1350403
            ],
            [
              -86.7339478,
              28.1478443
            ],
            [
              -86.7715912,
              28.1612034
            ],
            [
              -86.8087616,
              28.1751175
            ],
            [
              -86.8454361,
              28.1895676
            ],
            [
              -86.8816147,
              28.2045479
            ],
            [
              -86.9172821,
              28.220047
            ],
            [
              -86.9524307,
              28.2360535
            ],
            [
              -86.9870605,
              28.2525539
            ],
            [
              -87.0211487,
              28.2695389
            ],
            [
              -87.0546951,
              28.2870007
            ],
            [
              -87.0876846,
              28.3049221
            ],
            [
              -87.1201096,
              28.3232937
            ],
            [
              -87.1519699,
              28.342104
            ],
            [
              -87.1832581,
              28.3613415
            ],
            [
              -87.2139359,
              28.3809929
            ],
            [
              -87.2440338,
              28.4010468
            ],
            [
              -87.2735367,
              28.4214897
            ],
            [
              -87.3024368,
              28.4423141
            ],
            [
              -87.330719,
              28.463501
            ],
            [
              -87.3583832,
              28.4850464
            ],
            [
              -87.385437,
              28.5069313
            ],
            [
              -87.41185,
              28.5291405
            ],
            [
              -87.4376297,
              28.5516701
            ],
            [
              -87.4627762,
              28.5745029
            ],
            [
              -87.4872742,
              28.5976257
            ],
            [
              -87.5111237,
              28.6210251
            ],
            [
              -87.534317,
              28.6446915
            ],
            [
              -87.5568542,
              28.6686096
            ],
            [
              -87.578743,
              28.69277
            ],
            [
              -87.5999603,
              28.7171535
            ],
            [
              -87.6205139,
              28.7417526
            ],
            [
              -87.6404114,
              28.7665501
            ],
            [
              -87.6596375,
              28.7915421
            ],
            [
              -87.6781921,
              28.8167038
            ],
            [
              -87.6960754,
              28.8420315
            ],
            [
              -87.7132874,
              28.867506
            ],
            [
              -87.7298203,
              28.8931179
            ],
            [
              -87.7456665,
              28.9188538
            ],
            [
              -87.7619324,
              28.9437561
            ],
            [
              -87.7797241,
              28.9669151
            ],
            [
              -87.7991333,
              28.9883823
            ],
            [
              -87.8202209,
              29.0082169
            ],
            [
              -87.8430481,
              29.0264797
            ],
            [
              -87.8677063,
              29.0432167
            ],
            [
              -87.8942566,
              29.0585022
            ],
            [
              -87.9227524,
              29.0723953
            ],
            [
              -87.9532623,
              29.0849609
            ],
            [
              -87.9847717,
              29.0972061
            ],
            [
              -88.0161972,
              29.1100941
            ],
            [
              -88.0475388,
              29.1236267
            ],
            [
              -88.0787735,
              29.1378098
            ],
            [
              -88.1098785,
              29.1526394
            ],
            [
              -88.1408386,
              29.1681137
            ],
            [
              -88.1716385,
              29.1842422
            ],
            [
              -88.2022781,
              29.2010098
            ],
            [
              -88.2327347,
              29.2184277
            ],
            [
              -88.26297,
              29.2364902
            ],
            [
              -88.292984,
              29.2552013
            ],
            [
              -88.3227539,
              29.2745495
            ],
            [
              -88.3522797,
              29.2945423
            ],
            [
              -88.3815155,
              29.315176
            ],
            [
              -88.4104843,
              29.3364429
            ],
            [
              -88.4391403,
              29.358345
            ],
            [
              -88.4674759,
              29.3808804
            ],
            [
              -88.4954758,
              29.4040432
            ],
            [
              -88.5231171,
              29.4278259
            ],
            [
              -88.5503922,
              29.4522305
            ],
            [
              -88.5772858,
              29.4772511
            ],
            [
              -88.6037598,
              29.502882
            ],
            [
              -88.6298294,
              29.5291214
            ],
            [
              -88.6554489,
              29.5559597
            ],
            [
              -88.6806259,
              29.583395
            ],
            [
              -88.7053299,
              29.6114159
            ],
            [
              -88.7295456,
              29.6400242
            ],
            [
              -88.7532578,
              29.6692123
            ],
            [
              -88.7764587,
              29.698967
            ],
            [
              -88.7991257,
              29.7292862
            ],
            [
              -88.8212509,
              29.7601662
            ],
            [
              -88.842804,
              29.7915878
            ],
            [
              -88.8637848,
              29.8235569
            ],
            [
              -88.8841553,
              29.8560562
            ],
            [
              -88.9039307,
              29.8890762
            ],
            [
              -88.9230728,
              29.9226151
            ],
            [
              -88.9415665,
              29.9566612
            ],
            [
              -88.9594116,
              29.9912014
            ],
            [
              -88.9765778,
              30.026228
            ],
            [
              -88.9930573,
              30.0617294
            ],
            [
              -89.0088425,
              30.0977077
            ],
            [
              -89.0239105,
              30.1341343
            ],
            [
              -89.0382462,
              30.171011
            ],
            [
              -89.0518417,
              30.2083206
            ],
            [
              -89.064682,
              30.2460499
            ],
            [
              -89.0767517,
              30.284193
            ],
            [
              -89.088028,
              30.3227367
            ],
            [
              -89.0985107,
              30.3616676
            ],
            [
              -89.1081848,
              30.4009743
            ],
            [
              -89.1170349,
              30.4406433
            ],
            [
              -89.1250458,
              30.4806595
            ],
            [
              -89.1322098,
              30.5210133
            ],
            [
              -89.1385193,
              30.5616856
            ],
            [
              -89.1439438,
              30.6026745
            ],
            [
              -89.1484833,
              30.6439552
            ],
            [
              -89.1521301,
              30.6855125
            ],
            [
              -89.1548691,
              30.7273426
            ],
            [
              -89.1566925,
              30.7694225
            ],
            [
              -89.1575851,
              30.8117332
            ],
            [
              -89.1575394,
              30.8542709
            ],
            [
              -89.1565399,
              30.8970165
            ],
            [
              -89.1545868,
              30.9399548
            ],
            [
              -89.1516647,
              30.9830627
            ],
            [
              -89.1477737,
              31.0263329
            ],
            [
              -89.1428986,
              31.0697422
            ],
            [
              -89.1370163,
              31.1132851
            ],
            [
              -89.1301422,
              31.1569309
            ],
            [
              -89.1222534,
              31.2006741
            ],
            [
              -89.1133423,
              31.2444897
            ],
            [
              -89.1034088,
              31.2883701
            ],
            [
              -89.0924606,
              31.3322887
            ],
            [
              -89.0804672,
              31.3762341
            ],
            [
              -89.0674286,
              31.420187
            ],
            [
              -89.0533447,
              31.4641285
            ],
            [
              -89.038208,
              31.5080395
            ],
            [
              -89.0220108,
              31.5519066
            ],
            [
              -89.0047531,
              31.5957108
            ],
            [
              -88.9864273,
              31.6394272
            ],
            [
              -88.9670334,
              31.6830482
            ],
            [
              -88.9465714,
              31.7265415
            ],
            [
              -88.9250412,
              31.769907
            ],
            [
              -88.9020004,
              31.8127518
            ],
            [
              -88.877037,
              31.8546829
            ],
            [
              -88.850174,
              31.8956566
            ],
            [
              -88.8214493,
              31.9356346
            ],
            [
              -88.7909088,
              31.9745655
            ],
            [
              -88.7585678,
              32.012413
            ],
            [
              -88.7244492,
              32.0491333
            ],
            [
              -88.6886139,
              32.0846863
            ],
            [
              -88.6510849,
              32.1190338
            ],
            [
              -88.6123352,
              32.1524925
            ],
            [
              -88.5728226,
              32.1854019
            ],
            [
              -88.532547,
              32.2177544
            ],
            [
              -88.4915161,
              32.249527
            ],
            [
              -88.4497528,
              32.2807198
            ],
            [
              -88.4072647,
              32.3113174
            ],
            [
              -88.3640594,
              32.341301
            ],
            [
              -88.3201523,
              32.3706741
            ],
            [
              -88.2755585,
              32.3994064
            ],
            [
              -88.2302704,
              32.4275017
            ],
            [
              -88.1843414,
              32.4549408
            ],
            [
              -88.1377258,
              32.4817085
            ],
            [
              -88.0904846,
              32.5078087
            ],
            [
              -88.0426178,
              32.5332184
            ],
            [
              -87.9941406,
              32.5579338
            ],
            [
              -87.9450607,
              32.5819397
            ],
            [
              -87.8953934,
              32.6052284
            ],
            [
              -87.8451691,
              32.6277924
            ],
            [
              -87.7943802,
              32.6496162
            ],
            [
              -87.7430496,
              32.6706963
            ],
            [
              -87.6911926,
              32.6910248
            ],
            [
              -87.6388397,
              32.7105865
            ],
            [
              -87.5859833,
              32.7293739
            ],
            [
              -87.5326614,
              32.7473831
            ],
            [
              -87.4788742,
              32.7645988
            ],
            [
              -87.4246445,
              32.7810211
            ],
            [
              -87.3699875,
              32.7966385
            ],
            [
              -87.3149185,
              32.8114395
            ],
            [
              -87.2594681,
              32.8254242
            ],
            [
              -87.2036438,
              32.8385811
            ],
            [
              -87.1474609,
              32.8509064
            ],
            [
              -87.0909424,
              32.8623848
            ],
            [
              -87.0340958,
              32.8730278
            ],
            [
              -86.9769592,
              32.8828163
            ],
            [
              -86.9195328,
              32.8917465
            ],
            [
              -86.8618469,
              32.8998146
            ],
            [
              -86.8039093,
              32.9070168
            ],
            [
              -86.7457428,
              32.9133453
            ],
            [
              -86.6873856,
              32.9187965
            ],
            [
              -86.6288223,
              32.9233589
            ],
            [
              -86.5701065,
              32.9270477
            ]
          ]
        ]
      },
      "properties": {
        "RADII": 34,
        "STORMID": "al092026",
        "BASIN": "al",
        "STORMNUM": 9,
        "ADVNUM": "13A",
        "VALIDTIME": "2026101000",
        "SYNOPTIME": "2026100918",
        "TIMEZONE": "UTC",
        "TAU": 0,
        "NE": 180,
        "SE": 150,
        "SW": 90,
        "NW": 160,
        "nhc_product": "wind_radii",
        "atcf": "al092026",
        "storm_name": "Isaias",
        "storm_id": "09L"
      }
    },
    {
      "type": "Feature",
      "geometry": {
        "type": "Polygon",
        "coordinates": [
          [
            [
              -86.5892563,
              31.1793289
            ],
            [
              -86.5672989,
              31.1771507
            ],
            [
              -86.5454254,
              31.1746483
            ],
            [
              -86.5236511,
              31.171814
            ],
            [
              -86.501976,
              31.1686535
            ],
            [
              -86.4804001,
              31.1651745
            ],
            [
              -86.4589462,
              31.1613693
            ],
            [
              -86.4376068,
              31.1572475
            ],
            [
              -86.4163971,
              31.1528053
            ],
            [
              -86.3953171,
              31.1480503
            ],
            [
              -86.374382,
              31.1429825
            ],
            [
              -86.3535843,
              31.1376076
            ],
            [
              -86.3329468,
              31.1319237
            ],
            [
              -86.3124695,
              31.1259384
            ],
            [
              -86.2921448,
              31.1196518
            ],
            [
              -86.2720032,
              31.1130676
            ],
            [
              -86.2520294,
              31.1061935
            ],
            [
              -86.2322388,
              31.0990257
            ],
            [
              -86.2126389,
              31.0915699
            ],
            [
              -86.1932373,
              31.083828
            ],
            [
              -86.1740341,
              31.0758095
            ],
            [
              -86.1550217,
              31.0675125
            ],
            [
              -86.1362381,
              31.058939
            ],
            [
              -86.1176529,
              31.0501003
            ],
            [
              -86.0992966,
              31.0409946
            ],
            [
              -86.0811615,
              31.0316257
            ],
            [
              -86.0632629,
              31.0219994
            ],
            [
              -86.0456009,
              31.0121231
            ],
            [
              -86.0281677,
              31.0019932
            ],
            [
              -86.010994,
              30.9916172
            ],
            [
              -85.9940567,
              30.9810047
            ],
            [
              -85.9773865,
              30.97015
            ],
            [
              -85.9609756,
              30.9590626
            ],
            [
              -85.9448242,
              30.9477463
            ],
            [
              -85.9289398,
              30.9362106
            ],
            [
              -85.9133224,
              30.9244518
            ],
            [
              -85.897995,
              30.9124832
            ],
            [
              -85.8829422,
              30.9003029
            ],
            [
              -85.8681641,
              30.8879128
            ],
            [
              -85.8536758,
              30.8753262
            ],
            [
              -85.8394775,
              30.8625412
            ],
            [
              -85.8254013,
              30.8497105
            ],
            [
              -85.8112717,
              30.8369675
            ],
            [
              -85.797081,
              30.8243179
            ],
            [
              -85.7828064,
              30.8117447
            ],
            [
              -85.7684784,
              30.7992477
            ],
            [
              -85.7540588,
              30.7868137
            ],
            [
              -85.7395325,
              30.7744446
            ],
            [
              -85.7249146,
              30.7621288
            ],
            [
              -85.7101822,
              30.7498608
            ],
            [
              -85.6955261,
              30.7374916
            ],
            [
              -85.6810913,
              30.7248745
            ],
            [
              -85.6669006,
              30.712019
            ],
            [
              -85.6529541,
              30.6989231
            ],
            [
              -85.6392517,
              30.6855907
            ],
            [
              -85.6258011,
              30.6720314
            ],
            [
              -85.6126328,
              30.6582375
            ],
            [
              -85.5997009,
              30.6442261
            ],
            [
              -85.5870667,
              30.6299915
            ],
            [
              -85.5746841,
              30.6155396
            ],
            [
              -85.5625992,
              30.6008739
            ],
            [
              -85.5507965,
              30.5860062
            ],
            [
              -85.5392761,
              30.5709267
            ],
            [
              -85.5280609,
              30.5556469
            ],
            [
              -85.5171356,
              30.5401745
            ],
            [
              -85.5065155,
              30.5245056
            ],
            [
              -85.4962006,
              30.5086536
            ],
            [
              -85.4861984,
              30.4926147
            ],
            [
              -85.4765167,
              30.4764004
            ],
            [
              -85.4671478,
              30.4600124
            ],
            [
              -85.458107,
              30.4434547
            ],
            [
              -85.4493942,
              30.4267311
            ],
            [
              -85.4410095,
              30.4098434
            ],
            [
              -85.4329605,
              30.3928051
            ],
            [
              -85.4252548,
              30.3756199
            ],
            [
              -85.4178772,
              30.3582859
            ],
            [
              -85.4108582,
              30.3408108
            ],
            [
              -85.4041824,
              30.3232021
            ],
            [
              -85.3978653,
              30.3054638
            ],
            [
              -85.3919067,
              30.2876015
            ],
            [
              -85.3862991,
              30.2696152
            ],
            [
              -85.3810577,
              30.2515221
            ],
            [
              -85.3761749,
              30.2333202
            ],
            [
              -85.3716507,
              30.2150135
            ],
            [
              -85.3675079,
              30.1966076
            ],
            [
              -85.3637314,
              30.1781101
            ],
            [
              -85.360321,
              30.1595249
            ],
            [
              -85.3572845,
              30.1408615
            ],
            [
              -85.3546448,
              30.1221237
            ],
            [
              -85.3523788,
              30.1033115
            ],
            [
              -85.3504791,
              30.0844421
            ],
            [
              -85.3489685,
              30.0655079
            ],
            [
              -85.3478317,
              30.0465298
            ],
            [
              -85.3470993,
              30.0275002
            ],
            [
              -85.3467484,
              30.0084305
            ],
            [
              -85.3467789,
              29.9893265
            ],
            [
              -85.3471985,
              29.9701939
            ],
            [
              -85.3480148,
              29.9510403
            ],
            [
              -85.3492279,
              29.9318638
            ],
            [
              -85.3508224,
              29.9126816
            ],
            [
              -85.3528137,
              29.8934975
            ],
            [
              -85.3551941,
              29.8743114
            ],
            [
              -85.3579712,
              29.8551331
            ],
            [
              -85.3611298,
              29.835968
            ],
            [
              -85.3646927,
              29.816824
            ],
            [
              -85.3686447,
              29.7977066
            ],
            [
              -85.3729935,
              29.7786179
            ],
            [
              -85.3777313,
              29.7595692
            ],
            [
              -85.3828583,
              29.7405624
            ],
            [
              -85.3883896,
              29.7216091
            ],
            [
              -85.3942947,
              29.7027073
            ],
            [
              -85.4005966,
              29.6838684
            ],
            [
              -85.4072876,
              29.6651039
            ],
            [
              -85.41436,
              29.64641
            ],
            [
              -85.4218369,
              29.6277943
            ],
            [
              -85.4296951,
              29.6092663
            ],
            [
              -85.4379272,
              29.5908298
            ],
            [
              -85.4465561,
              29.5724926
            ],
            [
              -85.4555511,
              29.5542641
            ],
            [
              -85.4649277,
              29.5361423
            ],
            [
              -85.4746933,
              29.518137
            ],
            [
              -85.4848251,
              29.5002575
            ],
            [
              -85.4953308,
              29.4825039
            ],
            [
              -85.5062027,
              29.4648838
            ],
            [
              -85.5174561,
              29.4474087
            ],
            [
              -85.529068,
              29.4300766
            ],
            [
              -85.5410385,
              29.412899
            ],
            [
              -85.5533752,
              29.3958778
            ],
            [
              -85.5660706,
              29.3790207
            ],
            [
              -85.5791168,
              29.3623314
            ],
            [
              -85.592514,
              29.3458176
            ],
            [
              -85.606514,
              29.3297081
            ],
            [
              -85.6213303,
              29.3142395
            ],
            [
              -85.6369476,
              29.2994308
            ],
            [
              -85.6533508,
              29.2852993
            ],
            [
              -85.6705017,
              29.2718678
            ],
            [
              -85.6883926,
              29.2591515
            ],
            [
              -85.7070007,
              29.2471714
            ],
            [
              -85.7262878,
              29.2359486
            ],
            [
              -85.7462311,
              29.2254906
            ],
            [
              -85.766571,
              29.2155991
            ],
            [
              -85.7870331,
              29.2060547
            ],
            [
              -85.8076324,
              29.1968613
            ],
            [
              -85.8283386,
              29.1880226
            ],
            [
              -85.8491592,
              29.1795273
            ],
            [
              -85.8700867,
              29.1713867
            ],
            [
              -85.8911133,
              29.1636009
            ],
            [
              -85.9122162,
              29.1561623
            ],
            [
              -85.933403,
              29.1490822
            ],
            [
              -85.9546661,
              29.142355
            ],
            [
              -85.9759903,
              29.1359787
            ],
            [
              -85.9973755,
              29.1299572
            ],
            [
              -86.0187988,
              29.1242905
            ],
            [
              -86.0402679,
              29.1189747
            ],
            [
              -86.0617752,
              29.1140137
            ],
            [
              -86.083313,
              29.1094017
            ],
            [
              -86.1048584,
              29.1051426
            ],
            [
              -86.1264267,
              29.1012363
            ],
            [
              -86.1479874,
              29.0976772
            ],
            [
              -86.1695557,
              29.0944691
            ],
            [
              -86.1911087,
              29.0916061
            ],
            [
              -86.2126541,
              29.0890903
            ],
            [
              -86.2341614,
              29.0869217
            ],
            [
              -86.2556534,
              29.0850964
            ],
            [
              -86.2771072,
              29.0836105
            ],
            [
              -86.2985001,
              29.0824661
            ],
            [
              -86.3198471,
              29.0816612
            ],
            [
              -86.3411331,
              29.0811901
            ],
            [
              -86.3623505,
              29.0810585
            ],
            [
              -86.3835068,
              29.0812588
            ],
            [
              -86.4045715,
              29.0817871
            ],
            [
              -86.42556,
              29.0826416
            ],
            [
              -86.4464417,
              29.0838242
            ],
            [
              -86.467247,
              29.0853271
            ],
            [
              -86.4879303,
              29.0871506
            ],
            [
              -86.5084991,
              29.0892944
            ],
            [
              -86.5289459,
              29.091753
            ],
            [
              -86.5492783,
              29.0945225
            ],
            [
              -86.5694733,
              29.0976028
            ],
            [
              -86.5895309,
              29.1009865
            ],
            [
              -86.6094513,
              29.1046715
            ],
            [
              -86.6292191,
              29.1086559
            ],
            [
              -86.6488419,
              29.112936
            ],
            [
              -86.6682968,
              29.117506
            ],
            [
              -86.6875916,
              29.1223679
            ],
            [
              -86.7066956,
              29.1275158
            ],
            [
              -86.7256317,
              29.1329441
            ],
            [
              -86.7443924,
              29.138649
            ],
            [
              -86.76297,
              29.1446266
            ],
            [
              -86.7813339,
              29.1508713
            ],
            [
              -86.79953,
              29.1573887
            ],
            [
              -86.8174896,
              29.1641674
            ],
            [
              -86.8352585,
              29.171196
            ],
            [
              -86.8528137,
              29.178484
            ],
            [
              -86.8701477,
              29.186018
            ],
            [
              -86.8872681,
              29.1937962
            ],
            [
              -86.9041443,
              29.2018166
            ],
            [
              -86.9208069,
              29.2100735
            ],
            [
              -86.937233,
              29.2185535
            ],
            [
              -86.9534225,
              29.2272644
            ],
            [
              -86.9693604,
              29.2361927
            ],
            [
              -86.985054,
              29.2453403
            ],
            [
              -87.0004883,
              29.2547035
            ],
            [
              -87.0156708,
              29.2642689
            ],
            [
              -87.0306015,
              29.2740402
            ],
            [
              -87.0452652,
              29.2840061
            ],
            [
              -87.0596695,
              29.2941589
            ],
            [
              -87.0738068,
              29.3045082
            ],
            [
              -87.0876694,
              29.3150368
            ],
            [
              -87.1012497,
              29.325737
            ],
            [
              -87.114563,
              29.3366165
            ],
            [
              -87.127594,
              29.3476601
            ],
            [
              -87.1403351,
              29.3588657
            ],
            [
              -87.1527939,
              29.3702259
            ],
            [
              -87.1649628,
              29.3817348
            ],
            [
              -87.1768494,
              29.3933926
            ],
            [
              -87.1884384,
              29.4051895
            ],
            [
              -87.1997299,
              29.4171181
            ],
            [
              -87.2107239,
              29.4291782
            ],
            [
              -87.2214203,
              29.4413662
            ],
            [
              -87.2318268,
              29.4536705
            ],
            [
              -87.2422562,
              29.4657993
            ],
            [
              -87.2530594,
              29.4774704
            ],
            [
              -87.2642822,
              29.488699
            ],
            [
              -87.2759247,
              29.4995041
            ],
            [
              -87.2880173,
              29.509901
            ],
            [
              -87.3005676,
              29.519907
            ],
            [
              -87.3136063,
              29.529541
            ],
            [
              -87.3271484,
              29.5388184
            ],
            [
              -87.341217,
              29.5477562
            ],
            [
              -87.3554916,
              29.5566616
            ],
            [
              -87.3696213,
              29.5658302
            ],
            [
              -87.3836212,
              29.575264
            ],
            [
              -87.3974762,
              29.5849609
            ],
            [
              -87.4111786,
              29.5949135
            ],
            [
              -87.4247208,
              29.6051235
            ],
            [
              -87.4381104,
              29.615591
            ],
            [
              -87.4513245,
              29.6263084
            ],
            [
              -87.4643707,
              29.6372814
            ],
            [
              -87.4772339,
              29.6485062
            ],
            [
              -87.4899216,
              29.659977
            ],
            [
              -87.5024033,
              29.6716881
            ],
            [
              -87.514679,
              29.683651
            ],
            [
              -87.5267563,
              29.6958485
            ],
            [
              -87.5386124,
              29.7082863
            ],
            [
              -87.5502701,
              29.7209606
            ],
            [
              -87.5616989,
              29.7338638
            ],
            [
              -87.5728989,
              29.7469959
            ],
            [
              -87.5838623,
              29.7603588
            ],
            [
              -87.5945892,
              29.7739391
            ],
            [
              -87.605072,
              29.7877426
            ],
            [
              -87.615303,
              29.8017654
            ],
            [
              -87.6252747,
              29.816
            ],
            [
              -87.6349869,
              29.8304405
            ],
            [
              -87.6444244,
              29.845089
            ],
            [
              -87.6535873,
              29.8599415
            ],
            [
              -87.6624756,
              29.8749866
            ],
            [
              -87.6710739,
              29.8902321
            ],
            [
              -87.67939,
              29.9056625
            ],
            [
              -87.6874161,
              29.9212818
            ],
            [
              -87.695137,
              29.9370823
            ],
            [
              -87.7025528,
              29.953064
            ],
            [
              -87.7096481,
              29.9692154
            ],
            [
              -87.7164536,
              29.9855347
            ],
            [
              -87.7229156,
              30.0020218
            ],
            [
              -87.7290573,
              30.0186634
            ],
            [
              -87.7348862,
              30.0354614
            ],
            [
              -87.7403717,
              30.0524082
            ],
            [
              -87.7455215,
              30.0695019
            ],
            [
              -87.7503357,
              30.086731
            ],
            [
              -87.7547913,
              30.1040955
            ],
            [
              -87.7589035,
              30.1215916
            ],
            [
              -87.7626648,
              30.1392078
            ],
            [
              -87.7660675,
              30.1569443
            ],
            [
              -87.769104,
              30.1747952
            ],
            [
              -87.7717743,
              30.1927528
            ],
            [
              -87.7740784,
              30.2108078
            ],
            [
              -87.7760162,
              30.2289639
            ],
            [
              -87.777565,
              30.2472057
            ],
            [
              -87.7787552,
              30.2655373
            ],
            [
              -87.779541,
              30.2839432
            ],
            [
              -87.7799377,
              30.3024254
            ],
            [
              -87.7799683,
              30.3209743
            ],
            [
              -87.7796021,
              30.3395786
            ],
            [
              -87.7788391,
              30.358242
            ],
            [
              -87.7776794,
              30.3769493
            ],
            [
              -87.7761154,
              30.3957005
            ],
            [
              -87.7741547,
              30.4144859
            ],
            [
              -87.7717972,
              30.4333019
            ],
            [
              -87.7690201,
              30.4521408
            ],
            [
              -87.7658463,
              30.4709949
            ],
            [
              -87.7622681,
              30.4898605
            ],
            [
              -87.7582703,
              30.508728
            ],
            [
              -87.7538757,
              30.5275917
            ],
            [
              -87.749054,
              30.5464439
            ],
            [
              -87.7438126,
              30.5652847
            ],
            [
              -87.7381668,
              30.5840969
            ],
            [
              -87.7321014,
              30.6028786
            ],
            [
              -87.7256241,
              30.6216259
            ],
            [
              -87.7187271,
              30.6403275
            ],
            [
              -87.7114105,
              30.6589794
            ],
            [
              -87.7036819,
              30.6775742
            ],
            [
              -87.6955261,
              30.6961021
            ],
            [
              -87.6869583,
              30.7145615
            ],
            [
              -87.6779709,
              30.7329445
            ],
            [
              -87.6685638,
              30.7512417
            ],
            [
              -87.6587448,
              30.7694435
            ],
            [
              -87.6484909,
              30.7875462
            ],
            [
              -87.6378403,
              30.8055458
            ],
            [
              -87.62677,
              30.8234291
            ],
            [
              -87.6152878,
              30.8411942
            ],
            [
              -87.6031342,
              30.8586121
            ],
            [
              -87.5900879,
              30.8754539
            ],
            [
              -87.576149,
              30.8916893
            ],
            [
              -87.5613556,
              30.9073009
            ],
            [
              -87.5457001,
              30.9222717
            ],
            [
              -87.5292282,
              30.9365749
            ],
            [
              -87.5119476,
              30.9501915
            ],
            [
              -87.4939041,
              30.9631004
            ],
            [
              -87.4751053,
              30.9752884
            ],
            [
              -87.4558334,
              30.986948
            ],
            [
              -87.436348,
              30.9982986
            ],
            [
              -87.4166565,
              31.0093307
            ],
            [
              -87.3967743,
              31.0200462
            ],
            [
              -87.3767014,
              31.0304394
            ],
            [
              -87.3564453,
              31.0405064
            ],
            [
              -87.3360214,
              31.0502529
            ],
            [
              -87.3154144,
              31.0596657
            ],
            [
              -87.2946472,
              31.0687523
            ],
            [
              -87.2737427,
              31.077507
            ],
            [
              -87.2526779,
              31.0859299
            ],
            [
              -87.2314758,
              31.0940151
            ],
            [
              -87.210144,
              31.1017666
            ],
            [
              -87.1886902,
              31.1091747
            ],
            [
              -87.1671143,
              31.1162453
            ],
            [
              -87.1454315,
              31.1229725
            ],
            [
              -87.1236496,
              31.1293602
            ],
            [
              -87.1017685,
              31.1354065
            ],
            [
              -87.0798035,
              31.1411095
            ],
            [
              -87.0577545,
              31.1464672
            ],
            [
              -87.0356445,
              31.1514797
            ],
            [
              -87.0134583,
              31.1561451
            ],
            [
              -86.9911957,
              31.1604652
            ],
            [
              -86.9689026,
              31.1644382
            ],
            [
              -86.9465637,
              31.1680698
            ],
            [
              -86.9241867,
              31.1713486
            ],
            [
              -86.9017868,
              31.1742859
            ],
            [
              -86.879364,
              31.1768723
            ],
            [
              -86.856926,
              31.1791153
            ],
            [
              -86.8344803,
              31.1810169
            ],
            [
              -86.8120422,
              31.1825695
            ],
            [
              -86.7896042,
              31.1837769
            ],
            [
              -86.7671814,
              31.1846447
            ],
            [
              -86.7447891,
              31.1851673
            ],
            [
              -86.7224197,
              31.1853504
            ],
            [
              -86.7000961,
              31.1851902
            ],
            [
              -86.6778107,
              31.1846886
            ],
            [
              -86.655571,
              31.1838512
            ],
            [
              -86.6333923,
              31.1826782
            ],
            [
              -86.61129,
              31.1811733
            ],
            [
              -86.5892563,
              31.1793289
            ]
          ]
        ]
      },
      "properties": {
        "RADII": 50,
        "STORMID": "al092026",
        "BASIN": "al",
        "STORMNUM": 9,
        "ADVNUM": "13A",
        "VALIDTIME": "2026101000",
        "SYNOPTIME": "2026100918",
        "TIMEZONE": "UTC",
        "TAU": 0,
        "NE": 60,
        "SE": 70,
        "SW": 50,
        "NW": 70,
        "nhc_product": "wind_radii",
        "atcf": "al092026",
        "storm_name": "Isaias",
        "storm_id": "09L"
      }
    },
    {
      "type": "Feature",
      "geometry": {
        "type": "Polygon",
        "coordinates": [
          [
            [
              -86.5955429,
              30.5164051
            ],
            [
              -86.5870438,
              30.5181198
            ],
            [
              -86.578476,
              30.5197048
            ],
            [
              -86.5698471,
              30.5211582
            ],
            [
              -86.5611496,
              30.5224819
            ],
            [
              -86.5523987,
              30.5236683
            ],
            [
              -86.5435791,
              30.5247154
            ],
            [
              -86.5346985,
              30.525631
            ],
            [
              -86.5257721,
              30.5264072
            ],
            [
              -86.5167847,
              30.5270424
            ],
            [
              -86.5077515,
              30.5275345
            ],
            [
              -86.4986801,
              30.5278854
            ],
            [
              -86.489563,
              30.5280933
            ],
            [
              -86.4804077,
              30.5281582
            ],
            [
              -86.4712143,
              30.5280724
            ],
            [
              -86.4619827,
              30.5278416
            ],
            [
              -86.4527283,
              30.527462
            ],
            [
              -86.4434433,
              30.5269299
            ],
            [
              -86.4341354,
              30.5262527
            ],
            [
              -86.4248123,
              30.525425
            ],
            [
              -86.4154587,
              30.5244408
            ],
            [
              -86.406105,
              30.5233078
            ],
            [
              -86.3967361,
              30.5220203
            ],
            [
              -86.3873596,
              30.5205784
            ],
            [
              -86.3779831,
              30.5189819
            ],
            [
              -86.3686066,
              30.5172291
            ],
            [
              -86.35923,
              30.5153236
            ],
            [
              -86.3498688,
              30.5132618
            ],
            [
              -86.3405151,
              30.5110397
            ],
            [
              -86.3311615,
              30.5086632
            ],
            [
              -86.321846,
              30.506134
            ],
            [
              -86.3125534,
              30.5034447
            ],
            [
              -86.3032761,
              30.500597
            ],
            [
              -86.2940292,
              30.4975929
            ],
            [
              -86.2848129,
              30.4944324
            ],
            [
              -86.2756195,
              30.4911118
            ],
            [
              -86.2664795,
              30.4876328
            ],
            [
              -86.2573776,
              30.4840012
            ],
            [
              -86.2483215,
              30.4802113
            ],
            [
              -86.2393188,
              30.476265
            ],
            [
              -86.2303772,
              30.4721603
            ],
            [
              -86.2215729,
              30.4678307
            ],
            [
              -86.2129898,
              30.4632053
            ],
            [
              -86.2046661,
              30.458292
            ],
            [
              -86.1965866,
              30.4530945
            ],
            [
              -86.1887894,
              30.4476223
            ],
            [
              -86.1812439,
              30.4418774
            ],
            [
              -86.1739883,
              30.4358692
            ],
            [
              -86.1670151,
              30.4295998
            ],
            [
              -86.1603394,
              30.4230862
            ],
            [
              -86.1538773,
              30.4163952
            ],
            [
              -86.1475525,
              30.4096146
            ],
            [
              -86.1413727,
              30.4027328
            ],
            [
              -86.1353302,
              30.3957615
            ],
            [
              -86.1294403,
              30.3887024
            ],
            [
              -86.1236877,
              30.3815536
            ],
            [
              -86.1180801,
              30.3743153
            ],
            [
              -86.1126328,
              30.3670006
            ],
            [
              -86.1073227,
              30.359602
            ],
            [
              -86.1021576,
              30.3521214
            ],
            [
              -86.0971603,
              30.3445663
            ],
            [
              -86.0923157,
              30.336937
            ],
            [
              -86.087616,
              30.3292332
            ],
            [
              -86.0830841,
              30.3214626
            ],
            [
              -86.0787048,
              30.3136253
            ],
            [
              -86.0744781,
              30.3057213
            ],
            [
              -86.0704346,
              30.2977524
            ],
            [
              -86.0665359,
              30.2897301
            ],
            [
              -86.0628052,
              30.2816467
            ],
            [
              -86.0592346,
              30.2735081
            ],
            [
              -86.0558319,
              30.265316
            ],
            [
              -86.052597,
              30.2570724
            ],
            [
              -86.04953,
              30.2487869
            ],
            [
              -86.0466309,
              30.2404518
            ],
            [
              -86.0438995,
              30.2320766
            ],
            [
              -86.0413513,
              30.2236595
            ],
            [
              -86.0389481,
              30.2152061
            ],
            [
              -86.0367432,
              30.2067184
            ],
            [
              -86.0346909,
              30.1981983
            ],
            [
              -86.032814,
              30.1896458
            ],
            [
              -86.0311279,
              30.1810703
            ],
            [
              -86.0295944,
              30.1724682
            ],
            [
              -86.028244,
              30.1638451
            ],
            [
              -86.0270691,
              30.1552029
            ],
            [
              -86.0260773,
              30.1465454
            ],
            [
              -86.0252533,
              30.1378708
            ],
            [
              -86.0245972,
              30.1291885
            ],
            [
              -86.0241165,
              30.1204967
            ],
            [
              -86.023819,
              30.1117992
            ],
            [
              -86.0236893,
              30.1030979
            ],
            [
              -86.023735,
              30.0943985
            ],
            [
              -86.0239716,
              30.0856972
            ],
            [
              -86.0243759,
              30.0769997
            ],
            [
              -86.0249481,
              30.0683117
            ],
            [
              -86.0256958,
              30.0596352
            ],
            [
              -86.026619,
              30.050972
            ],
            [
              -86.0277176,
              30.0423203
            ],
            [
              -86.0289993,
              30.0336876
            ],
            [
              -86.0304489,
              30.0250759
            ],
            [
              -86.032074,
              30.016489
            ],
            [
              -86.0338669,
              30.007925
            ],
            [
              -86.0358353,
              29.9993935
            ],
            [
              -86.0379715,
              29.9908886
            ],
            [
              -86.0402756,
              29.9824181
            ],
            [
              -86.0427551,
              29.9739857
            ],
            [
              -86.0453949,
              29.9655933
            ],
            [
              -86.0482178,
              29.9572411
            ],
            [
              -86.0512009,
              29.9489307
            ],
            [
              -86.0543518,
              29.9406662
            ],
            [
              -86.057663,
              29.9324512
            ],
            [
              -86.061142,
              29.9242897
            ],
            [
              -86.0647812,
              29.9161777
            ],
            [
              -86.0685806,
              29.9081287
            ],
            [
              -86.0725555,
              29.9001331
            ],
            [
              -86.0766754,
              29.8921986
            ],
            [
              -86.0809631,
              29.8843288
            ],
            [
              -86.0853882,
              29.8765259
            ],
            [
              -86.0899963,
              29.8687878
            ],
            [
              -86.0947418,
              29.8611221
            ],
            [
              -86.0996399,
              29.853529
            ],
            [
              -86.1046906,
              29.8460121
            ],
            [
              -86.1098938,
              29.8385715
            ],
            [
              -86.1152573,
              29.8312149
            ],
            [
              -86.1207581,
              29.8239346
            ],
            [
              -86.1263962,
              29.8167419
            ],
            [
              -86.1321793,
              29.8096313
            ],
            [
              -86.1381073,
              29.8026161
            ],
            [
              -86.1441727,
              29.7956848
            ],
            [
              -86.150383,
              29.7888489
            ],
            [
              -86.156723,
              29.7821083
            ],
            [
              -86.1631927,
              29.7754612
            ],
            [
              -86.1698303,
              29.7689552
            ],
            [
              -86.1766968,
              29.7626209
            ],
            [
              -86.1837616,
              29.7564697
            ],
            [
              -86.1910248,
              29.7505016
            ],
            [
              -86.1984787,
              29.7447205
            ],
            [
              -86.2061234,
              29.7391357
            ],
            [
              -86.2139587,
              29.7337475
            ],
            [
              -86.221962,
              29.7285595
            ],
            [
              -86.2301407,
              29.7235756
            ],
            [
              -86.2384491,
              29.7187595
            ],
            [
              -86.2468338,
              29.7140846
            ],
            [
              -86.2552948,
              29.7095432
            ],
            [
              -86.2638245,
              29.705143
            ],
            [
              -86.2724304,
              29.7008801
            ],
            [
              -86.2811127,
              29.6967564
            ],
            [
              -86.2898483,
              29.6927757
            ],
            [
              -86.2986603,
              29.6889305
            ],
            [
              -86.3075256,
              29.6852322
            ],
            [
              -86.3164368,
              29.6816788
            ],
            [
              -86.3254089,
              29.6782627
            ],
            [
              -86.3344421,
              29.6749954
            ],
            [
              -86.3435059,
              29.6718674
            ],
            [
              -86.3526154,
              29.6688881
            ],
            [
              -86.3617859,
              29.66605
            ],
            [
              -86.3709717,
              29.6633644
            ],
            [
              -86.3802109,
              29.6608181
            ],
            [
              -86.3894653,
              29.6584206
            ],
            [
              -86.3987579,
              29.656168
            ],
            [
              -86.4080658,
              29.6540623
            ],
            [
              -86.4174118,
              29.6520996
            ],
            [
              -86.4267731,
              29.6502895
            ],
            [
              -86.4361496,
              29.6486244
            ],
            [
              -86.4455414,
              29.6471024
            ],
            [
              -86.4549408,
              29.6457291
            ],
            [
              -86.4643555,
              29.6445007
            ],
            [
              -86.4737701,
              29.6434193
            ],
            [
              -86.4831848,
              29.6424828
            ],
            [
              -86.4926071,
              29.6416969
            ],
            [
              -86.5020218,
              29.6410522
            ],
            [
              -86.5114288,
              29.6405544
            ],
            [
              -86.5208282,
              29.6402016
            ],
            [
              -86.5302048,
              29.6399918
            ],
            [
              -86.5395737,
              29.6399193
            ],
            [
              -86.5489197,
              29.6399975
            ],
            [
              -86.5582428,
              29.6402149
            ],
            [
              -86.567543,
              29.6405773
            ],
            [
              -86.5768204,
              29.6410789
            ],
            [
              -86.5860825,
              29.6417198
            ],
            [
              -86.5952835,
              29.6425037
            ],
            [
              -86.6044617,
              29.643425
            ],
            [
              -86.6136017,
              29.6444836
            ],
            [
              -86.6227036,
              29.6456833
            ],
            [
              -86.631752,
              29.6470165
            ],
            [
              -86.6407623,
              29.6484852
            ],
            [
              -86.6497345,
              29.6500893
            ],
            [
              -86.658638,
              29.651825
            ],
            [
              -86.6674805,
              29.6536942
            ],
            [
              -86.6762772,
              29.6556931
            ],
            [
              -86.6850204,
              29.6578236
            ],
            [
              -86.6936951,
              29.6600819
            ],
            [
              -86.702301,
              29.662468
            ],
            [
              -86.7108536,
              29.6649818
            ],
            [
              -86.7193298,
              29.6676159
            ],
            [
              -86.7277298,
              29.6703796
            ],
            [
              -86.7360535,
              29.6732616
            ],
            [
              -86.7443085,
              29.6762657
            ],
            [
              -86.7524796,
              29.6793919
            ],
            [
              -86.760582,
              29.6826344
            ],
            [
              -86.7685852,
              29.6859913
            ],
            [
              -86.7765121,
              29.6894665
            ],
            [
              -86.7843399,
              29.6930504
            ],
            [
              -86.7920837,
              29.6967545
            ],
            [
              -86.7997284,
              29.7005615
            ],
            [
              -86.8072968,
              29.7044773
            ],
            [
              -86.8147659,
              29.7085037
            ],
            [
              -86.8221359,
              29.7126331
            ],
            [
              -86.8293991,
              29.7168655
            ],
            [
              -86.8365631,
              29.721199
            ],
            [
              -86.8436127,
              29.7256336
            ],
            [
              -86.850563,
              29.7301674
            ],
            [
              -86.8574219,
              29.7347946
            ],
            [
              -86.8641586,
              29.7395153
            ],
            [
              -86.8707809,
              29.7443275
            ],
            [
              -86.8772964,
              29.7492294
            ],
            [
              -86.8836975,
              29.7542248
            ],
            [
              -86.8899765,
              29.759304
            ],
            [
              -86.8961487,
              29.764473
            ],
            [
              -86.9021988,
              29.7697144
            ],
            [
              -86.9081268,
              29.7750454
            ],
            [
              -86.9139252,
              29.7804489
            ],
            [
              -86.9196091,
              29.7859287
            ],
            [
              -86.9251709,
              29.7914829
            ],
            [
              -86.930603,
              29.7971115
            ],
            [
              -86.9359131,
              29.8028088
            ],
            [
              -86.9410858,
              29.8085766
            ],
            [
              -86.9461365,
              29.8144093
            ],
            [
              -86.9510498,
              29.8203049
            ],
            [
              -86.9558411,
              29.8262596
            ],
            [
              -86.9604874,
              29.8322792
            ],
            [
              -86.9650192,
              29.8383484
            ],
            [
              -86.9694061,
              29.8444786
            ],
            [
              -86.9736633,
              29.8506603
            ],
            [
              -86.9777756,
              29.8568897
            ],
            [
              -86.9817581,
              29.8631725
            ],
            [
              -86.9856033,
              29.8694973
            ],
            [
              -86.9893036,
              29.8758678
            ],
            [
              -86.9928818,
              29.8822765
            ],
            [
              -86.9963074,
              29.8887253
            ],
            [
              -86.9996033,
              29.8952122
            ],
            [
              -87.002739,
              29.9017372
            ],
            [
              -87.0057526,
              29.9082909
            ],
            [
              -87.0086212,
              29.9148769
            ],
            [
              -87.0113449,
              29.9214878
            ],
            [
              -87.0139313,
              29.9281273
            ],
            [
              -87.0163727,
              29.9347878
            ],
            [
              -87.0186691,
              29.9414749
            ],
            [
              -87.0208282,
              29.9481735
            ],
            [
              -87.02285,
              29.9548912
            ],
            [
              -87.0247192,
              29.9616261
            ],
            [
              -87.0264587,
              29.9683743
            ],
            [
              -87.0280457,
              29.9751244
            ],
            [
              -87.0295029,
              29.9818859
            ],
            [
              -87.0308075,
              29.988657
            ],
            [
              -87.0319748,
              29.99543
            ],
            [
              -87.0329971,
              30.0022011
            ],
            [
              -87.0338821,
              30.008976
            ],
            [
              -87.0346298,
              30.0157433
            ],
            [
              -87.0352325,
              30.0225048
            ],
            [
              -87.0356903,
              30.0292587
            ],
            [
              -87.0360107,
              30.0360031
            ],
            [
              -87.0362015,
              30.042738
            ],
            [
              -87.0362473,
              30.0494556
            ],
            [
              -87.0361557,
              30.05616
            ],
            [
              -87.0359192,
              30.0628452
            ],
            [
              -87.0355606,
              30.0695095
            ],
            [
              -87.0350571,
              30.076149
            ],
            [
              -87.0344086,
              30.0827637
            ],
            [
              -87.0336456,
              30.0893555
            ],
            [
              -87.0327454,
              30.0959167
            ],
            [
              -87.0317078,
              30.1024437
            ],
            [
              -87.0305481,
              30.1089439
            ],
            [
              -87.0292435,
              30.1154079
            ],
            [
              -87.0278015,
              30.12183
            ],
            [
              -87.0262527,
              30.1282177
            ],
            [
              -87.0245667,
              30.1345615
            ],
            [
              -87.0227585,
              30.1408653
            ],
            [
              -87.0208282,
              30.1471291
            ],
            [
              -87.0187683,
              30.1533413
            ],
            [
              -87.0165863,
              30.1595078
            ],
            [
              -87.0142822,
              30.1656265
            ],
            [
              -87.0118561,
              30.1716881
            ],
            [
              -87.0093079,
              30.1777
            ],
            [
              -87.0066528,
              30.1836586
            ],
            [
              -87.0038757,
              30.189558
            ],
            [
              -87.0009995,
              30.1953964
            ],
            [
              -86.9979935,
              30.2011795
            ],
            [
              -86.9948807,
              30.2068996
            ],
            [
              -86.9916611,
              30.2125511
            ],
            [
              -86.988327,
              30.2181473
            ],
            [
              -86.9848938,
              30.223671
            ],
            [
              -86.9813538,
              30.2291298
            ],
            [
              -86.9777145,
              30.2345181
            ],
            [
              -86.9739685,
              30.2398338
            ],
            [
              -86.9701233,
              30.2450771
            ],
            [
              -86.9661865,
              30.250248
            ],
            [
              -86.9621506,
              30.2553482
            ],
            [
              -86.9580154,
              30.2603664
            ],
            [
              -86.9537888,
              30.2653122
            ],
            [
              -86.9494705,
              30.2701759
            ],
            [
              -86.9450531,
              30.2749557
            ],
            [
              -86.940567,
              30.2796593
            ],
            [
              -86.935997,
              30.2842808
            ],
            [
              -86.9313278,
              30.2888184
            ],
            [
              -86.9265976,
              30.2932739
            ],
            [
              -86.9217682,
              30.2976418
            ],
            [
              -86.9168777,
              30.3019238
            ],
            [
              -86.9118958,
              30.3061142
            ],
            [
              -86.9068527,
              30.3102207
            ],
            [
              -86.9017334,
              30.3142395
            ],
            [
              -86.8965454,
              30.3181629
            ],
            [
              -86.8914185,
              30.3221054
            ],
            [
              -86.8864746,
              30.3261814
            ],
            [
              -86.8816986,
              30.3303967
            ],
            [
              -86.8770981,
              30.3347607
            ],
            [
              -86.8726425,
              30.3392735
            ],
            [
              -86.8683319,
              30.3439465
            ],
            [
              -86.8641739,
              30.3487816
            ],
            [
              -86.8601456,
              30.3537903
            ],
            [
              -86.8562469,
              30.3589706
            ],
            [
              -86.8523407,
              30.3642235
            ],
            [
              -86.8483047,
              30.3694363
            ],
            [
              -86.8441315,
              30.3746071
            ],
            [
              -86.8398132,
              30.379734
            ],
            [
              -86.8353729,
              30.3848133
            ],
            [
              -86.8307877,
              30.3898411
            ],
            [
              -86.8260803,
              30.3948193
            ],
            [
              -86.8212357,
              30.3997421
            ],
            [
              -86.8162689,
              30.4046097
            ],
            [
              -86.8111725,
              30.4094162
            ],
            [
              -86.8059311,
              30.4141636
            ],
            [
              -86.8005676,
              30.4188442
            ],
            [
              -86.7950745,
              30.4234581
            ],
            [
              -86.7894592,
              30.428009
            ],
            [
              -86.7837296,
              30.4324818
            ],
            [
              -86.7778625,
              30.4368858
            ],
            [
              -86.7718811,
              30.4412098
            ],
            [
              -86.7657776,
              30.4454613
            ],
            [
              -86.7595444,
              30.4496288
            ],
            [
              -86.7531891,
              30.4537144
            ],
            [
              -86.746727,
              30.4577122
            ],
            [
              -86.7401428,
              30.4616222
            ],
            [
              -86.7334518,
              30.4654446
            ],
            [
              -86.7266464,
              30.4691734
            ],
            [
              -86.7197266,
              30.4728127
            ],
            [
              -86.7126846,
              30.4763489
            ],
            [
              -86.7055511,
              30.4797878
            ],
            [
              -86.6983185,
              30.4831238
            ],
            [
              -86.6909714,
              30.4863586
            ],
            [
              -86.6835251,
              30.4894886
            ],
            [
              -86.6759796,
              30.4925137
            ],
            [
              -86.6683426,
              30.4954224
            ],
            [
              -86.660614,
              30.4982262
            ],
            [
              -86.652771,
              30.5009155
            ],
            [
              -86.6448517,
              30.5034885
            ],
            [
              -86.6368332,
              30.5059433
            ],
            [
              -86.6287384,
              30.5082836
            ],
            [
              -86.6205521,
              30.510498
            ],
            [
              -86.6122894,
              30.5125942
            ],
            [
              -86.6039505,
              30.5145607
            ],
            [
              -86.5955429,
              30.5164051
            ]
          ]
        ]
      },
      "properties": {
        "RADII": 64,
        "STORMID": "al092026",
        "BASIN": "al",
        "STORMNUM": 9,
        "ADVNUM": "13A",
        "VALIDTIME": "2026101000",
        "SYNOPTIME": "2026100918",
        "TIMEZONE": "UTC",
        "TAU": 0,
        "NE": 30,
        "SE": 30,
        "SW": 25,
        "NW": 20,
        "nhc_product": "wind_radii",
        "atcf": "al092026",
        "storm_name": "Isaias",
        "storm_id": "09L"
      }
    },
    {
      "type": "Feature",
      "geometry": {
        "type": "Polygon",
        "coordinates": [
          [
            [
              -86.5688248,
              33.0945282
            ],
            [
              -86.5064774,
              33.093586
            ],
            [
              -86.4441605,
              33.0916977
            ],
            [
              -86.381897,
              33.0888786
            ],
            [
              -86.3197098,
              33.0851135
            ],
            [
              -86.2576065,
              33.0804138
            ],
            [
              -86.1956329,
              33.0747757
            ],
            [
              -86.1337814,
              33.068203
            ],
            [
              -86.0720901,
              33.0606956
            ],
            [
              -86.010582,
              33.0522614
            ],
            [
              -85.9492645,
              33.0428963
            ],
            [
              -85.8881607,
              33.0326118
            ],
            [
              -85.827301,
              33.0214043
            ],
            [
              -85.7667084,
              33.0092773
            ],
            [
              -85.7063828,
              32.9962387
            ],
            [
              -85.6463623,
              32.9822922
            ],
            [
              -85.5866547,
              32.9674416
            ],
            [
              -85.5272903,
              32.9516945
            ],
            [
              -85.4682846,
              32.9350471
            ],
            [
              -85.4096527,
              32.9175224
            ],
            [
              -85.3514175,
              32.8991089
            ],
            [
              -85.293602,
              32.879818
            ],
            [
              -85.2362137,
              32.8596649
            ],
            [
              -85.1792908,
              32.8386383
            ],
            [
              -85.1228333,
              32.816761
            ],
            [
              -85.066864,
              32.7940369
            ],
            [
              -85.0114136,
              32.7704735
            ],
            [
              -84.9564743,
              32.7460709
            ],
            [
              -84.902092,
              32.7208481
            ],
            [
              -84.8482742,
              32.6948051
            ],
            [
              -84.7950211,
              32.6679573
            ],
            [
              -84.7423782,
              32.6403046
            ],
            [
              -84.6903458,
              32.611866
            ],
            [
              -84.6389389,
              32.582653
            ],
            [
              -84.5881805,
              32.5526619
            ],
            [
              -84.5380859,
              32.5219116
            ],
            [
              -84.4886703,
              32.490406
            ],
            [
              -84.4399414,
              32.458168
            ],
            [
              -84.391922,
              32.4251938
            ],
            [
              -84.344635,
              32.3915062
            ],
            [
              -84.2980804,
              32.3571053
            ],
            [
              -84.2522812,
              32.3220062
            ],
            [
              -84.2072449,
              32.286232
            ],
            [
              -84.1629944,
              32.2497749
            ],
            [
              -84.1195221,
              32.2126579
            ],
            [
              -84.0768661,
              32.1748924
            ],
            [
              -84.0350342,
              32.1364899
            ],
            [
              -83.9940338,
              32.0974617
            ],
            [
              -83.9538727,
              32.0578232
            ],
            [
              -83.9145737,
              32.0175858
            ],
            [
              -83.8761368,
              31.976759
            ],
            [
              -83.8385773,
              31.93536
            ],
            [
              -83.8019104,
              31.8934002
            ],
            [
              -83.7661438,
              31.8508987
            ],
            [
              -83.7312851,
              31.8078613
            ],
            [
              -83.6973572,
              31.7643051
            ],
            [
              -83.6643448,
              31.7202435
            ],
            [
              -83.6322784,
              31.6756935
            ],
            [
              -83.6011581,
              31.6306667
            ],
            [
              -83.5709991,
              31.5851765
            ],
            [
              -83.5418015,
              31.5392361
            ],
            [
              -83.5135727,
              31.4928665
            ],
            [
              -83.4863205,
              31.4460793
            ],
            [
              -83.4600677,
              31.3988895
            ],
            [
              -83.4347992,
              31.3513069
            ],
            [
              -83.4105377,
              31.3033524
            ],
            [
              -83.3872757,
              31.255043
            ],
            [
              -83.3650284,
              31.2063847
            ],
            [
              -83.3437958,
              31.1574059
            ],
            [
              -83.3235855,
              31.1081085
            ],
            [
              -83.3044052,
              31.0585175
            ],
            [
              -83.2862549,
              31.0086441
            ],
            [
              -83.2691422,
              30.9585056
            ],
            [
              -83.253067,
              30.9081135
            ],
            [
              -83.2380295,
              30.8574905
            ],
            [
              -83.2240448,
              30.8066502
            ],
            [
              -83.2111053,
              30.7556057
            ],
            [
              -83.1992188,
              30.7043724
            ],
            [
              -83.1883774,
              30.6529675
            ],
            [
              -83.1785965,
              30.6014099
            ],
            [
              -83.1698685,
              30.5497093
            ],
            [
              -83.1621933,
              30.4978848
            ],
            [
              -83.1555862,
              30.4459591
            ],
            [
              -83.150032,
              30.3939362
            ],
            [
              -83.1455307,
              30.3418388
            ],
            [
              -83.1420898,
              30.2896805
            ],
            [
              -83.1397018,
              30.237484
            ],
            [
              -83.1383743,
              30.1852493
            ],
            [
              -83.138092,
              30.133009
            ],
            [
              -83.1388702,
              30.0807724
            ],
            [
              -83.7168579,
              30.046751
            ],
            [
              -83.7190018,
              30.0032482
            ],
            [
              -83.7220154,
              29.9597855
            ],
            [
              -83.7259064,
              29.9163723
            ],
            [
              -83.7306595,
              29.8730278
            ],
            [
              -83.73629,
              29.8297615
            ],
            [
              -83.742775,
              29.7865849
            ],
            [
              -83.7501221,
              29.7435131
            ],
            [
              -83.7583313,
              29.7005596
            ],
            [
              -83.7673874,
              29.6577358
            ],
            [
              -83.777298,
              29.6150589
            ],
            [
              -83.7880478,
              29.5725307
            ],
            [
              -83.7996445,
              29.5301762
            ],
            [
              -83.8120728,
              29.487999
            ],
            [
              -83.8253403,
              29.4460182
            ],
            [
              -83.8394394,
              29.4042416
            ],
            [
              -83.8543472,
              29.3626862
            ],
            [
              -83.870079,
              29.3213634
            ],
            [
              -83.8866196,
              29.2802792
            ],
            [
              -83.9039688,
              29.2394524
            ],
            [
              -83.9221191,
              29.1988945
            ],
            [
              -83.9410553,
              29.158617
            ],
            [
              -83.9607849,
              29.1186295
            ],
            [
              -83.9812851,
              29.0789452
            ],
            [
              -84.0025635,
              29.0395775
            ],
            [
              -84.0246048,
              29.000536
            ],
            [
              -84.0474091,
              28.961832
            ],
            [
              -84.070961,
              28.9234772
            ],
            [
              -84.095253,
              28.8854847
            ],
            [
              -84.120285,
              28.8478642
            ],
            [
              -84.1460419,
              28.8106251
            ],
            [
              -84.1725159,
              28.7737789
            ],
            [
              -84.199707,
              28.7373409
            ],
            [
              -84.2275848,
              28.7013187
            ],
            [
              -84.2561722,
              28.66572
            ],
            [
              -84.2854309,
              28.630558
            ],
            [
              -84.3153687,
              28.5958424
            ],
            [
              -84.3459625,
              28.5615864
            ],
            [
              -84.3772278,
              28.5277939
            ],
            [
              -84.4091339,
              28.4944782
            ],
            [
              -84.4416733,
              28.4616508
            ],
            [
              -84.4748306,
              28.4293175
            ],
            [
              -84.5086136,
              28.3974876
            ],
            [
              -84.5429993,
              28.3661747
            ],
            [
              -84.57798,
              28.3353844
            ],
            [
              -84.6135483,
              28.3051262
            ],
            [
              -84.6496887,
              28.2754078
            ],
            [
              -84.6863861,
              28.2462406
            ],
            [
              -84.7236481,
              28.2176304
            ],
            [
              -84.7614365,
              28.1895885
            ],
            [
              -84.7997665,
              28.1621208
            ],
            [
              -84.8386078,
              28.1352348
            ],
            [
              -84.8779526,
              28.1089382
            ],
            [
              -84.9178009,
              28.0832386
            ],
            [
              -84.9581299,
              28.0581455
            ],
            [
              -84.9989243,
              28.0336647
            ],
            [
              -85.0401764,
              28.0098038
            ],
            [
              -85.0818863,
              27.9865665
            ],
            [
              -85.1240234,
              27.9639664
            ],
            [
              -85.1665878,
              27.9420013
            ],
            [
              -85.2095566,
              27.9206829
            ],
            [
              -85.2529221,
              27.9000168
            ],
            [
              -85.2966766,
              27.8800087
            ],
            [
              -85.3408051,
              27.8606625
            ],
            [
              -85.3852921,
              27.8419857
            ],
            [
              -85.4301147,
              27.8239822
            ],
            [
              -85.4752808,
              27.8066597
            ],
            [
              -85.5207672,
              27.79002
            ],
            [
              -85.5665588,
              27.7740707
            ],
            [
              -85.612648,
              27.7588139
            ],
            [
              -85.6590118,
              27.744257
            ],
            [
              -85.7056503,
              27.7304001
            ],
            [
              -85.7525406,
              27.717247
            ],
            [
              -85.799675,
              27.7048073
            ],
            [
              -85.8470383,
              27.6930828
            ],
            [
              -85.8946075,
              27.6820698
            ],
            [
              -85.9423828,
              27.6717815
            ],
            [
              -85.9903412,
              27.6622124
            ],
            [
              -86.038475,
              27.6533718
            ],
            [
              -86.0867691,
              27.645256
            ],
            [
              -86.1352081,
              27.6378708
            ],
            [
              -86.1837769,
              27.6312199
            ],
            [
              -86.2324677,
              27.6253033
            ],
            [
              -86.2812576,
              27.620121
            ],
            [
              -86.3301468,
              27.615675
            ],
            [
              -86.3791046,
              27.6119728
            ],
            [
              -86.4281235,
              27.6090069
            ],
            [
              -86.4771957,
              27.606781
            ],
            [
              -86.5263062,
              27.6052971
            ],
            [
              -86.5754318,
              27.604557
            ],
            [
              -86.6148834,
              28.6027355
            ],
            [
              -86.6446381,
              28.6031857
            ],
            [
              -86.6743851,
              28.604084
            ],
            [
              -86.7041016,
              28.6054306
            ],
            [
              -86.7338028,
              28.6072273
            ],
            [
              -86.7634506,
              28.6094704
            ],
            [
              -86.7930603,
              28.6121635
            ],
            [
              -86.8226089,
              28.6153011
            ],
            [
              -86.8520966,
              28.618885
            ],
            [
              -86.8815079,
              28.6229153
            ],
            [
              -86.9108353,
              28.6273861
            ],
            [
              -86.9400711,
              28.6323013
            ],
            [
              -86.9692078,
              28.6376534
            ],
            [
              -86.9982452,
              28.6434479
            ],
            [
              -87.0271606,
              28.6496811
            ],
            [
              -87.0559464,
              28.6563492
            ],
            [
              -87.08461,
              28.6634483
            ],
            [
              -87.113121,
              28.6709824
            ],
            [
              -87.1414871,
              28.6789417
            ],
            [
              -87.1697006,
              28.6873341
            ],
            [
              -87.1977386,
              28.6961479
            ],
            [
              -87.2256012,
              28.7053814
            ],
            [
              -87.2532959,
              28.7150364
            ],
            [
              -87.2807846,
              28.725111
            ],
            [
              -87.308075,
              28.7355957
            ],
            [
              -87.3351669,
              28.7464924
            ],
            [
              -87.3620377,
              28.7577972
            ],
            [
              -87.3886795,
              28.7695045
            ],
            [
              -87.4151001,
              28.7816105
            ],
            [
              -87.4412766,
              28.794117
            ],
            [
              -87.4672089,
              28.8070164
            ],
            [
              -87.4928894,
              28.820303
            ],
            [
              -87.5183029,
              28.8339787
            ],
            [
              -87.5434494,
              28.8480339
            ],
            [
              -87.5683212,
              28.8624668
            ],
            [
              -87.5929031,
              28.8772717
            ],
            [
              -87.6171951,
              28.8924484
            ],
            [
              -87.6411896,
              28.9079895
            ],
            [
              -87.6648788,
              28.9238873
            ],
            [
              -87.6882629,
              28.9401436
            ],
            [
              -87.7113113,
              28.9567509
            ],
            [
              -87.7340393,
              28.9736996
            ],
            [
              -87.7564392,
              28.9909935
            ],
            [
              -87.7784882,
              29.0086231
            ],
            [
              -87.8001938,
              29.0265789
            ],
            [
              -87.8215485,
              29.0448627
            ],
            [
              -87.8425369,
              29.0634613
            ],
            [
              -87.8631592,
              29.0823822
            ],
            [
              -87.8834152,
              29.1016045
            ],
            [
              -87.9032898,
              29.1211357
            ],
            [
              -87.9227753,
              29.1409569
            ],
            [
              -87.9418716,
              29.1610756
            ],
            [
              -87.9605637,
              29.1814766
            ],
            [
              -87.9788666,
              29.2021599
            ],
            [
              -87.9967422,
              29.2231102
            ],
            [
              -88.0142136,
              29.2443333
            ],
            [
              -88.0312729,
              29.2658138
            ],
            [
              -88.0478973,
              29.28755
            ],
            [
              -88.0640945,
              29.3095341
            ],
            [
              -88.0798569,
              29.3317547
            ],
            [
              -88.0951767,
              29.3542175
            ],
            [
              -88.110054,
              29.3769035
            ],
            [
              -88.1244736,
              29.3998108
            ],
            [
              -88.1384506,
              29.4229355
            ],
            [
              -88.1519623,
              29.4462643
            ],
            [
              -88.1650085,
              29.4697933
            ],
            [
              -88.1775894,
              29.4935188
            ],
            [
              -88.1896973,
              29.5174274
            ],
            [
              -88.2013397,
              29.5415173
            ],
            [
              -88.2124939,
              29.5657787
            ],
            [
              -88.2231598,
              29.5902023
            ],
            [
              -88.2333527,
              29.6147881
            ],
            [
              -88.243042,
              29.6395206
            ],
            [
              -88.252243,
              29.6644001
            ],
            [
              -88.2609482,
              29.6894093
            ],
            [
              -88.2691574,
              29.7145462
            ],
            [
              -88.2768555,
              29.7398052
            ],
            [
              -88.2840576,
              29.7651749
            ],
            [
              -88.2907486,
              29.7906551
            ],
            [
              -88.296936,
              29.8162289
            ],
            [
              -88.3026047,
              29.8418884
            ],
            [
              -88.3077545,
              29.8676319
            ],
            [
              -88.3123932,
              29.8934536
            ],
            [
              -88.3165131,
              29.9193363
            ],
            [
              -88.3201141,
              29.945282
            ],
            [
              -88.3231964,
              29.9712734
            ],
            [
              -88.3257523,
              29.9973106
            ],
            [
              -88.3277893,
              30.0233803
            ],
            [
              -88.3292999,
              30.0494766
            ],
            [
              -88.3302841,
              30.0755939
            ],
            [
              -89.6766739,
              30.0873756
            ],
            [
              -89.6771851,
              30.1338158
            ],
            [
              -89.6767578,
              30.1802578
            ],
            [
              -89.6753922,
              30.2266788
            ],
            [
              -89.6730957,
              30.2730827
            ],
            [
              -89.6698456,
              30.3194389
            ],
            [
              -89.6656723,
              30.3657417
            ],
            [
              -89.660553,
              30.411972
            ],
            [
              -89.6544876,
              30.4581165
            ],
            [
              -89.6474915,
              30.5041618
            ],
            [
              -89.6395569,
              30.5501022
            ],
            [
              -89.6306839,
              30.595911
            ],
            [
              -89.6208801,
              30.6415787
            ],
            [
              -89.6101379,
              30.6870956
            ],
            [
              -89.598465,
              30.7324371
            ],
            [
              -89.5858688,
              30.7775955
            ],
            [
              -89.5723419,
              30.8225651
            ],
            [
              -89.5578918,
              30.8673172
            ],
            [
              -89.542511,
              30.9118423
            ],
            [
              -89.5262222,
              30.9561329
            ],
            [
              -89.5090256,
              31.0001698
            ],
            [
              -89.4909134,
              31.0439453
            ],
            [
              -89.4718933,
              31.0874329
            ],
            [
              -89.451973,
              31.1306305
            ],
            [
              -89.43116,
              31.173521
            ],
            [
              -89.409462,
              31.2160931
            ],
            [
              -89.3868713,
              31.2583237
            ],
            [
              -89.3634033,
              31.3002148
            ],
            [
              -89.3390732,
              31.3417416
            ],
            [
              -89.3138657,
              31.3828964
            ],
            [
              -89.2878113,
              31.423666
            ],
            [
              -89.2608948,
              31.4640369
            ],
            [
              -89.2331314,
              31.5039902
            ],
            [
              -89.2045441,
              31.5435257
            ],
            [
              -89.1751175,
              31.5826149
            ],
            [
              -89.1448746,
              31.6212616
            ],
            [
              -89.1138153,
              31.659441
            ],
            [
              -89.0819626,
              31.6971436
            ],
            [
              -89.0493088,
              31.7343655
            ],
            [
              -89.0158691,
              31.7710876
            ],
            [
              -88.9816589,
              31.8072987
            ],
            [
              -88.9466782,
              31.8429852
            ],
            [
              -88.9109497,
              31.8781452
            ],
            [
              -88.8744812,
              31.9127522
            ],
            [
              -88.8372726,
              31.9468079
            ],
            [
              -88.7993469,
              31.9803009
            ],
            [
              -88.7607117,
              32.0132065
            ],
            [
              -88.7213745,
              32.0455322
            ],
            [
              -88.6813507,
              32.0772591
            ],
            [
              -88.6406555,
              32.1083679
            ],
            [
              -88.5992966,
              32.1388664
            ],
            [
              -88.5572891,
              32.1687317
            ],
            [
              -88.5146484,
              32.1979561
            ],
            [
              -88.4713821,
              32.2265396
            ],
            [
              -88.4275055,
              32.2544594
            ],
            [
              -88.3830338,
              32.2817116
            ],
            [
              -88.3379822,
              32.3082924
            ],
            [
              -88.292366,
              32.3341904
            ],
            [
              -88.2461853,
              32.3593941
            ],
            [
              -88.1994705,
              32.3838921
            ],
            [
              -88.1522446,
              32.4076881
            ],
            [
              -88.1044922,
              32.4307632
            ],
            [
              -88.0562592,
              32.4531136
            ],
            [
              -88.0075455,
              32.4747353
            ],
            [
              -87.9583664,
              32.4956131
            ],
            [
              -87.9087372,
              32.5157509
            ],
            [
              -87.8586884,
              32.5351334
            ],
            [
              -87.8082199,
              32.5537567
            ],
            [
              -87.7573547,
              32.5716133
            ],
            [
              -87.7061005,
              32.5887032
            ],
            [
              -87.6544876,
              32.6050148
            ],
            [
              -87.6025238,
              32.6205444
            ],
            [
              -87.5502319,
              32.6352844
            ],
            [
              -87.4976273,
              32.6492348
            ],
            [
              -87.4447327,
              32.6623917
            ],
            [
              -87.3915482,
              32.6747437
            ],
            [
              -87.3381042,
              32.6862946
            ],
            [
              -87.2844162,
              32.6970329
            ],
            [
              -87.2304993,
              32.7069664
            ],
            [
              -87.1763763,
              32.7160721
            ],
            [
              -87.1220627,
              32.7243652
            ],
            [
              -87.0675812,
              32.7318382
            ],
            [
              -87.0129395,
              32.7384872
            ],
            [
              -86.9581604,
              32.7443085
            ],
            [
              -86.9032669,
              32.7493019
            ],
            [
              -86.848259,
              32.7534676
            ],
            [
              -86.7931824,
              32.7567978
            ],
            [
              -86.7380447,
              32.7593002
            ],
            [
              -86.6828461,
              32.7609673
            ],
            [
              -86.6276321,
              32.7617989
            ],
            [
              -86.5688248,
              33.0945282
            ]
          ]
        ]
      },
      "properties": {
        "RADII": 34,
        "STORMID": "al092026",
        "BASIN": "al",
        "STORMNUM": 9,
        "ADVNUM": "13A",
        "VALIDTIME": "2026101000",
        "SYNOPTIME": "2026100918",
        "TIMEZONE": "UTC",
        "TAU": 0,
        "NE": 180,
        "SE": 150,
        "SW": 90,
        "NW": 160,
        "nhc_product": "wind_radii",
        "atcf": "al092026",
        "storm_name": "Isaias",
        "storm_id": "09L"
      }
    },
    {
      "type": "Feature",
      "geometry": {
        "type": "Polygon",
        "coordinates": [
          [
            [
              -86.5898361,
              31.098177
            ],
            [
              -86.5694885,
              31.0978699
            ],
            [
              -86.5491638,
              31.0972557
            ],
            [
              -86.5288391,
              31.0963326
            ],
            [
              -86.5085449,
              31.0951061
            ],
            [
              -86.4882812,
              31.0935707
            ],
            [
              -86.4680557,
              31.091732
            ],
            [
              -86.4478607,
              31.0895882
            ],
            [
              -86.4277267,
              31.0871391
            ],
            [
              -86.4076385,
              31.084383
            ],
            [
              -86.3876114,
              31.0813274
            ],
            [
              -86.3676529,
              31.0779724
            ],
            [
              -86.3477631,
              31.0743122
            ],
            [
              -86.3279572,
              31.0703583
            ],
            [
              -86.3082428,
              31.0660954
            ],
            [
              -86.2886047,
              31.0615425
            ],
            [
              -86.2690735,
              31.0566902
            ],
            [
              -86.2496414,
              31.0515499
            ],
            [
              -86.2303238,
              31.046114
            ],
            [
              -86.2111206,
              31.0403862
            ],
            [
              -86.1920471,
              31.0343685
            ],
            [
              -86.1730881,
              31.0280647
            ],
            [
              -86.1542664,
              31.0214767
            ],
            [
              -86.135582,
              31.0146103
            ],
            [
              -86.1170578,
              31.0074558
            ],
            [
              -86.0986786,
              31.0000229
            ],
            [
              -86.0804443,
              30.9923153
            ],
            [
              -86.0623856,
              30.9843311
            ],
            [
              -86.0444946,
              30.9760799
            ],
            [
              -86.0267639,
              30.9675598
            ],
            [
              -86.0092239,
              30.9587688
            ],
            [
              -85.9918747,
              30.9497185
            ],
            [
              -85.9747009,
              30.9404068
            ],
            [
              -85.9577332,
              30.9308376
            ],
            [
              -85.9409561,
              30.9210129
            ],
            [
              -85.9243927,
              30.9109383
            ],
            [
              -85.9080429,
              30.9006062
            ],
            [
              -85.8919067,
              30.8900375
            ],
            [
              -85.8759918,
              30.8792248
            ],
            [
              -85.8602982,
              30.8681774
            ],
            [
              -85.844841,
              30.8568897
            ],
            [
              -85.8296127,
              30.8453712
            ],
            [
              -85.8146286,
              30.8336296
            ],
            [
              -85.7998886,
              30.8216572
            ],
            [
              -85.7854004,
              30.8094654
            ],
            [
              -85.7711639,
              30.7970619
            ],
            [
              -85.7571793,
              30.7844391
            ],
            [
              -85.7434616,
              30.7716045
            ],
            [
              -85.7300186,
              30.7585697
            ],
            [
              -85.716835,
              30.7453365
            ],
            [
              -85.7039337,
              30.731905
            ],
            [
              -85.6912994,
              30.7182789
            ],
            [
              -85.6789551,
              30.704464
            ],
            [
              -85.6669006,
              30.6904659
            ],
            [
              -85.6551208,
              30.6762867
            ],
            [
              -85.6436462,
              30.661932
            ],
            [
              -85.6324692,
              30.6474037
            ],
            [
              -85.6215897,
              30.6327171
            ],
            [
              -85.6110077,
              30.6178646
            ],
            [
              -85.6007309,
              30.6028538
            ],
            [
              -85.5907669,
              30.5876923
            ],
            [
              -85.5811157,
              30.5723782
            ],
            [
              -85.5717773,
              30.5569248
            ],
            [
              -85.5627594,
              30.5413322
            ],
            [
              -85.5540619,
              30.5256023
            ],
            [
              -85.5456848,
              30.5097446
            ],
            [
              -85.5376358,
              30.493763
            ],
            [
              -85.5299149,
              30.4776669
            ],
            [
              -85.5225143,
              30.4614525
            ],
            [
              -85.5154495,
              30.4451294
            ],
            [
              -85.5087204,
              30.4287014
            ],
            [
              -85.502327,
              30.4121799
            ],
            [
              -85.4962769,
              30.3955612
            ],
            [
              -85.4905624,
              30.378849
            ],
            [
              -85.4851837,
              30.3620605
            ],
            [
              -85.4801559,
              30.3451881
            ],
            [
              -85.4754639,
              30.3282433
            ],
            [
              -85.4711151,
              30.3112297
            ],
            [
              -85.4671173,
              30.2941532
            ],
            [
              -85.4634705,
              30.2770233
            ],
            [
              -85.4601593,
              30.2598324
            ],
            [
              -85.4572067,
              30.2425995
            ],
            [
              -85.4546051,
              30.2253265
            ],
            [
              -85.4523392,
              30.2080173
            ],
            [
              -85.4504395,
              30.19067
            ],
            [
              -85.4488831,
              30.1733036
            ],
            [
              -85.4476852,
              30.1559105
            ],
            [
              -85.4468307,
              30.1385078
            ],
            [
              -85.4463272,
              30.1210938
            ],
            [
              -85.4461823,
              30.1036739
            ],
            [
              -85.254158,
              30.0829811
            ],
            [
              -85.254837,
              30.062664
            ],
            [
              -85.255928,
              30.0423622
            ],
            [
              -85.2574387,
              30.0220833
            ],
            [
              -85.2593536,
              30.0018291
            ],
            [
              -85.2616653,
              29.9815998
            ],
            [
              -85.2643967,
              29.9614143
            ],
            [
              -85.2675247,
              29.9412727
            ],
            [
              -85.2710571,
              29.9211807
            ],
            [
              -85.2749939,
              29.901144
            ],
            [
              -85.279335,
              29.8811703
            ],
            [
              -85.2840652,
              29.8612671
            ],
            [
              -85.2891998,
              29.8414345
            ],
            [
              -85.2947235,
              29.8216858
            ],
            [
              -85.3006592,
              29.802021
            ],
            [
              -85.3069763,
              29.7824497
            ],
            [
              -85.3136826,
              29.7629795
            ],
            [
              -85.3207703,
              29.7436085
            ],
            [
              -85.3282471,
              29.7243519
            ],
            [
              -85.336113,
              29.7052059
            ],
            [
              -85.3443527,
              29.6861877
            ],
            [
              -85.3529739,
              29.6672916
            ],
            [
              -85.361969,
              29.6485291
            ],
            [
              -85.3713379,
              29.6299114
            ],
            [
              -85.381073,
              29.6114311
            ],
            [
              -85.3911743,
              29.5931034
            ],
            [
              -85.4016418,
              29.5749302
            ],
            [
              -85.412468,
              29.5569172
            ],
            [
              -85.4236374,
              29.539072
            ],
            [
              -85.435173,
              29.5213966
            ],
            [
              -85.447052,
              29.5039005
            ],
            [
              -85.4592819,
              29.4865818
            ],
            [
              -85.4718475,
              29.4694519
            ],
            [
              -85.4847488,
              29.4525166
            ],
            [
              -85.4979858,
              29.4357758
            ],
            [
              -85.5115509,
              29.419241
            ],
            [
              -85.5254364,
              29.4029083
            ],
            [
              -85.53965,
              29.3867931
            ],
            [
              -85.5541687,
              29.3708897
            ],
            [
              -85.5690155,
              29.3552132
            ],
            [
              -85.5841599,
              29.3397579
            ],
            [
              -85.5996094,
              29.3245354
            ],
            [
              -85.6153488,
              29.3095512
            ],
            [
              -85.6313858,
              29.2948036
            ],
            [
              -85.6477203,
              29.2803001
            ],
            [
              -85.6643219,
              29.2660465
            ],
            [
              -85.6812134,
              29.2520466
            ],
            [
              -85.6983719,
              29.2383041
            ],
            [
              -85.7158051,
              29.2248211
            ],
            [
              -85.73349,
              29.2116013
            ],
            [
              -85.7514343,
              29.1986561
            ],
            [
              -85.7696381,
              29.1859779
            ],
            [
              -85.7880783,
              29.1735821
            ],
            [
              -85.8067627,
              29.1614609
            ],
            [
              -85.8256836,
              29.1496277
            ],
            [
              -85.8448334,
              29.1380787
            ],
            [
              -85.8642044,
              29.1268215
            ],
            [
              -85.8837967,
              29.11586
            ],
            [
              -85.903595,
              29.1051941
            ],
            [
              -85.9236069,
              29.0948296
            ],
            [
              -85.9438171,
              29.0847683
            ],
            [
              -85.9642181,
              29.075016
            ],
            [
              -85.9848099,
              29.0655727
            ],
            [
              -86.0055771,
              29.0564404
            ],
            [
              -86.0265274,
              29.0476227
            ],
            [
              -86.0476456,
              29.0391235
            ],
            [
              -86.068924,
              29.0309391
            ],
            [
              -86.0903625,
              29.0230846
            ],
            [
              -86.1119461,
              29.0155525
            ],
            [
              -86.1336823,
              29.0083466
            ],
            [
              -86.1555481,
              29.0014687
            ],
            [
              -86.1775513,
              28.9949245
            ],
            [
              -86.1996765,
              28.9887123
            ],
            [
              -86.2219086,
              28.9828358
            ],
            [
              -86.2442703,
              28.9772949
            ],
            [
              -86.2667236,
              28.9720917
            ],
            [
              -86.2892761,
              28.9672318
            ],
            [
              -86.3119278,
              28.9627094
            ],
            [
              -86.3346558,
              28.9585304
            ],
            [
              -86.3574677,
              28.9546947
            ],
            [
              -86.3803558,
              28.9512081
            ],
            [
              -86.4033051,
              28.9480629
            ],
            [
              -86.4263077,
              28.9452648
            ],
            [
              -86.4493637,
              28.9428177
            ],
            [
              -86.4724655,
              28.9407158
            ],
            [
              -86.4955978,
              28.9389648
            ],
            [
              -86.5187683,
              28.9375648
            ],
            [
              -86.5419617,
              28.936512
            ],
            [
              -86.5651703,
              28.935812
            ],
            [
              -86.5883942,
              28.935461
            ],
            [
              -86.6083221,
              29.2681866
            ],
            [
              -86.6249619,
              29.2684364
            ],
            [
              -86.6415939,
              29.2689419
            ],
            [
              -86.6582184,
              29.2696934
            ],
            [
              -86.6748123,
              29.2706966
            ],
            [
              -86.6913986,
              29.2719536
            ],
            [
              -86.7079468,
              29.2734604
            ],
            [
              -86.724472,
              29.2752113
            ],
            [
              -86.7409592,
              29.277216
            ],
            [
              -86.7574005,
              29.2794666
            ],
            [
              -86.7737961,
              29.281971
            ],
            [
              -86.7901382,
              29.2847157
            ],
            [
              -86.806427,
              29.2877102
            ],
            [
              -86.8226547,
              29.2909489
            ],
            [
              -86.8388138,
              29.2944317
            ],
            [
              -86.8549042,
              29.2981606
            ],
            [
              -86.8709183,
              29.3021336
            ],
            [
              -86.8868484,
              29.3063431
            ],
            [
              -86.9026947,
              29.3107929
            ],
            [
              -86.9184494,
              29.3154831
            ],
            [
              -86.9341125,
              29.3204098
            ],
            [
              -86.9496765,
              29.3255749
            ],
            [
              -86.9651337,
              29.3309708
            ],
            [
              -86.980484,
              29.3365974
            ],
            [
              -86.9957199,
              29.3424587
            ],
            [
              -87.0108414,
              29.3485508
            ],
            [
              -87.0258408,
              29.354866
            ],
            [
              -87.0407104,
              29.3614044
            ],
            [
              -87.0554504,
              29.3681736
            ],
            [
              -87.0700455,
              29.3751621
            ],
            [
              -87.0845108,
              29.3823681
            ],
            [
              -87.0988235,
              29.3897915
            ],
            [
              -87.112999,
              29.3974304
            ],
            [
              -87.1270142,
              29.405283
            ],
            [
              -87.1408768,
              29.4133453
            ],
            [
              -87.1545715,
              29.4216175
            ],
            [
              -87.1681061,
              29.43009
            ],
            [
              -87.1814651,
              29.4387703
            ],
            [
              -87.1946564,
              29.4476509
            ],
            [
              -87.2076645,
              29.456728
            ],
            [
              -87.2204971,
              29.4659996
            ],
            [
              -87.2331467,
              29.4754658
            ],
            [
              -87.2455978,
              29.485117
            ],
            [
              -87.2578583,
              29.4949589
            ],
            [
              -87.2699203,
              29.504982
            ],
            [
              -87.2817841,
              29.5151901
            ],
            [
              -87.2934494,
              29.5255718
            ],
            [
              -87.3049011,
              29.536129
            ],
            [
              -87.3161469,
              29.5468597
            ],
            [
              -87.3271713,
              29.5577564
            ],
            [
              -87.3379822,
              29.5688171
            ],
            [
              -87.3485718,
              29.58004
            ],
            [
              -87.3589325,
              29.591423
            ],
            [
              -87.369072,
              29.6029587
            ],
            [
              -87.3789749,
              29.614645
            ],
            [
              -87.388649,
              29.626482
            ],
            [
              -87.3980865,
              29.6384583
            ],
            [
              -87.40728,
              29.6505795
            ],
            [
              -87.4162369,
              29.662838
            ],
            [
              -87.424942,
              29.6752281
            ],
            [
              -87.4333954,
              29.687748
            ],
            [
              -87.4416046,
              29.7003956
            ],
            [
              -87.4495621,
              29.7131596
            ],
            [
              -87.4572601,
              29.7260494
            ],
            [
              -87.4646988,
              29.7390461
            ],
            [
              -87.4718857,
              29.7521572
            ],
            [
              -87.4788055,
              29.765377
            ],
            [
              -87.4854584,
              29.7786961
            ],
            [
              -87.4918442,
              29.7921143
            ],
            [
              -87.4979553,
              29.8056278
            ],
            [
              -87.5037994,
              29.8192291
            ],
            [
              -87.5093765,
              29.8329182
            ],
            [
              -87.514679,
              29.8466873
            ],
            [
              -87.5196991,
              29.8605347
            ],
            [
              -87.5244446,
              29.8744583
            ],
            [
              -87.5289078,
              29.8884544
            ],
            [
              -87.5330887,
              29.9025097
            ],
            [
              -87.5369949,
              29.9166279
            ],
            [
              -87.5406036,
              29.9308052
            ],
            [
              -87.5439377,
              29.9450321
            ],
            [
              -87.5469818,
              29.9593067
            ],
            [
              -87.5497437,
              29.9736271
            ],
            [
              -87.5522156,
              29.9879875
            ],
            [
              -87.5543976,
              30.0023785
            ],
            [
              -87.5562897,
              30.0168076
            ],
            [
              -87.5578918,
              30.0312595
            ],
            [
              -87.5591965,
              30.0457325
            ],
            [
              -87.5602112,
              30.0602226
            ],
            [
              -87.5609436,
              30.0747261
            ],
            [
              -87.5613785,
              30.0892372
            ],
            [
              -87.9461365,
              30.1032982
            ],
            [
              -87.9459991,
              30.123621
            ],
            [
              -87.9454575,
              30.14394
            ],
            [
              -87.9445038,
              30.1642494
            ],
            [
              -87.9431381,
              30.1845398
            ],
            [
              -87.9413681,
              30.2048054
            ],
            [
              -87.9391785,
              30.2250423
            ],
            [
              -87.9365921,
              30.2452431
            ],
            [
              -87.9335861,
              30.265398
            ],
            [
              -87.9301758,
              30.285511
            ],
            [
              -87.9263611,
              30.305563
            ],
            [
              -87.922142,
              30.3255596
            ],
            [
              -87.917511,
              30.3454895
            ],
            [
              -87.9124832,
              30.365345
            ],
            [
              -87.9070435,
              30.3851147
            ],
            [
              -87.901207,
              30.40481
            ],
            [
              -87.8949661,
              30.4244061
            ],
            [
              -87.8883362,
              30.4439125
            ],
            [
              -87.8813019,
              30.4633102
            ],
            [
              -87.8738785,
              30.4825993
            ],
            [
              -87.8660583,
              30.5017719
            ],
            [
              -87.8578491,
              30.5208282
            ],
            [
              -87.8492508,
              30.5397568
            ],
            [
              -87.840271,
              30.5585499
            ],
            [
              -87.8309021,
              30.5772076
            ],
            [
              -87.8211594,
              30.5957165
            ],
            [
              -87.8110352,
              30.6140804
            ],
            [
              -87.8005371,
              30.6322823
            ],
            [
              -87.7896652,
              30.6503277
            ],
            [
              -87.7784348,
              30.6682091
            ],
            [
              -87.7668304,
              30.6859131
            ],
            [
              -87.7548599,
              30.7034397
            ],
            [
              -87.7425385,
              30.7207851
            ],
            [
              -87.7298584,
              30.7379398
            ],
            [
              -87.7168274,
              30.7549019
            ],
            [
              -87.7034531,
              30.7716656
            ],
            [
              -87.689743,
              30.7882233
            ],
            [
              -87.6756821,
              30.8045712
            ],
            [
              -87.6612854,
              30.8207035
            ],
            [
              -87.6465683,
              30.8366184
            ],
            [
              -87.6315231,
              30.8523064
            ],
            [
              -87.6161499,
              30.8677673
            ],
            [
              -87.6004562,
              30.8829918
            ],
            [
              -87.5844574,
              30.897974
            ],
            [
              -87.568161,
              30.9127159
            ],
            [
              -87.5515442,
              30.9272099
            ],
            [
              -87.5346451,
              30.9414482
            ],
            [
              -87.5174408,
              30.9554329
            ],
            [
              -87.4999542,
              30.9691544
            ],
            [
              -87.482193,
              30.9826069
            ],
            [
              -87.4641495,
              30.9957924
            ],
            [
              -87.4458389,
              31.0087013
            ],
            [
              -87.4272537,
              31.0213337
            ],
            [
              -87.4084167,
              31.03368
            ],
            [
              -87.389328,
              31.0457478
            ],
            [
              -87.3699875,
              31.0575161
            ],
            [
              -87.3504028,
              31.0689945
            ],
            [
              -87.3305893,
              31.0801754
            ],
            [
              -87.3105469,
              31.0910606
            ],
            [
              -87.2902756,
              31.1016369
            ],
            [
              -87.2697906,
              31.1119022
            ],
            [
              -87.2490997,
              31.1218567
            ],
            [
              -87.2281952,
              31.1315022
            ],
            [
              -87.2070999,
              31.140831
            ],
            [
              -87.1858063,
              31.1498337
            ],
            [
              -87.1643448,
              31.1585217
            ],
            [
              -87.1426926,
              31.1668758
            ],
            [
              -87.1208649,
              31.1749077
            ],
            [
              -87.0988846,
              31.1826057
            ],
            [
              -87.0767365,
              31.1899719
            ],
            [
              -87.054451,
              31.1970024
            ],
            [
              -87.0320129,
              31.2036934
            ],
            [
              -87.0094376,
              31.2100487
            ],
            [
              -86.9867401,
              31.2160587
            ],
            [
              -86.9639206,
              31.2217293
            ],
            [
              -86.940979,
              31.2270451
            ],
            [
              -86.9179382,
              31.2320213
            ],
            [
              -86.8947906,
              31.2366486
            ],
            [
              -86.8715515,
              31.2409248
            ],
            [
              -86.8482285,
              31.2448483
            ],
            [
              -86.8248291,
              31.2484207
            ],
            [
              -86.8013535,
              31.2516384
            ],
            [
              -86.7778168,
              31.2544994
            ],
            [
              -86.7542191,
              31.2570057
            ],
            [
              -86.7305756,
              31.2591572
            ],
            [
              -86.7068939,
              31.2609501
            ],
            [
              -86.6831741,
              31.2623844
            ],
            [
              -86.6594315,
              31.263464
            ],
            [
              -86.6356735,
              31.2641773
            ],
            [
              -86.6118927,
              31.2645397
            ],
            [
              -86.5898361,
              31.098177
            ]
          ]
        ]
      },
      "properties": {
        "RADII": 50,
        "STORMID": "al092026",
        "BASIN": "al",
        "STORMNUM": 9,
        "ADVNUM": "13A",
        "VALIDTIME": "2026101000",
        "SYNOPTIME": "2026100918",
        "TIMEZONE": "UTC",
        "TAU": 0,
        "NE": 60,
        "SE": 70,
        "SW": 50,
        "NW": 70,
        "nhc_product": "wind_radii",
        "atcf": "al092026",
        "storm_name": "Isaias",
        "storm_id": "09L"
      }
    },
    {
      "type": "Feature",
      "geometry": {
        "type": "Polygon",
        "coordinates": [
          [
            [
              -86.5949402,
              30.5990887
            ],
            [
              -86.5848312,
              30.598938
            ],
            [
              -86.5747147,
              30.5986328
            ],
            [
              -86.5646057,
              30.5981731
            ],
            [
              -86.554512,
              30.5975609
            ],
            [
              -86.544426,
              30.5967999
            ],
            [
              -86.5343628,
              30.5958843
            ],
            [
              -86.5243225,
              30.5948162
            ],
            [
              -86.5143051,
              30.5935955
            ],
            [
              -86.504303,
              30.5922298
            ],
            [
              -86.4943466,
              30.5907097
            ],
            [
              -86.4844208,
              30.5890408
            ],
            [
              -86.4745178,
              30.5872173
            ],
            [
              -86.4646606,
              30.5852489
            ],
            [
              -86.4548492,
              30.5831318
            ],
            [
              -86.445076,
              30.5808678
            ],
            [
              -86.4353561,
              30.5784531
            ],
            [
              -86.4256821,
              30.5758934
            ],
            [
              -86.416069,
              30.5731869
            ],
            [
              -86.4065018,
              30.5703392
            ],
            [
              -86.3970032,
              30.5673485
            ],
            [
              -86.3875656,
              30.564209
            ],
            [
              -86.3781967,
              30.5609283
            ],
            [
              -86.3688889,
              30.5575123
            ],
            [
              -86.3596573,
              30.5539532
            ],
            [
              -86.3504944,
              30.5502529
            ],
            [
              -86.341423,
              30.5464211
            ],
            [
              -86.3324203,
              30.5424442
            ],
            [
              -86.323494,
              30.5383358
            ],
            [
              -86.3146667,
              30.5340958
            ],
            [
              -86.3059235,
              30.5297203
            ],
            [
              -86.2972641,
              30.5252132
            ],
            [
              -86.2887039,
              30.5205784
            ],
            [
              -86.2802429,
              30.5158138
            ],
            [
              -86.2718735,
              30.5109234
            ],
            [
              -86.2636108,
              30.5059032
            ],
            [
              -86.2554474,
              30.5007629
            ],
            [
              -86.2473907,
              30.4955006
            ],
            [
              -86.2394485,
              30.4901123
            ],
            [
              -86.2316132,
              30.4846134
            ],
            [
              -86.2238846,
              30.4789886
            ],
            [
              -86.2162857,
              30.4732552
            ],
            [
              -86.2088013,
              30.4674015
            ],
            [
              -86.2014313,
              30.4614391
            ],
            [
              -86.1941833,
              30.4553661
            ],
            [
              -86.1870651,
              30.4491863
            ],
            [
              -86.180069,
              30.4428959
            ],
            [
              -86.1732025,
              30.4365025
            ],
            [
              -86.166481,
              30.430006
            ],
            [
              -86.1598816,
              30.4234161
            ],
            [
              -86.1534195,
              30.4167213
            ],
            [
              -86.1470947,
              30.4099293
            ],
            [
              -86.1409073,
              30.4030399
            ],
            [
              -86.1348648,
              30.3960609
            ],
            [
              -86.1289597,
              30.3889942
            ],
            [
              -86.1231995,
              30.3818398
            ],
            [
              -86.1175842,
              30.3745995
            ],
            [
              -86.1121216,
              30.3672714
            ],
            [
              -86.1068192,
              30.3598671
            ],
            [
              -86.1016541,
              30.3523769
            ],
            [
              -86.0966492,
              30.3448143
            ],
            [
              -86.0917892,
              30.3371773
            ],
            [
              -86.0870895,
              30.3294697
            ],
            [
              -86.08255,
              30.3216858
            ],
            [
              -86.0781708,
              30.3138428
            ],
            [
              -86.0739517,
              30.3059292
            ],
            [
              -86.0698853,
              30.2979584
            ],
            [
              -86.0659866,
              30.2899227
            ],
            [
              -86.0622482,
              30.2818317
            ],
            [
              -86.0586853,
              30.2736835
            ],
            [
              -86.055275,
              30.2654839
            ],
            [
              -86.0520401,
              30.2572327
            ],
            [
              -86.0489731,
              30.2489376
            ],
            [
              -86.0460663,
              30.240591
            ],
            [
              -86.043335,
              30.2322102
            ],
            [
              -86.0407791,
              30.2237854
            ],
            [
              -86.0383835,
              30.2153206
            ],
            [
              -86.0361633,
              30.2068233
            ],
            [
              -86.0341187,
              30.1982994
            ],
            [
              -86.0322418,
              30.1897411
            ],
            [
              -86.0305405,
              30.1811485
            ],
            [
              -86.0290222,
              30.1725426
            ],
            [
              -86.0276718,
              30.163908
            ],
            [
              -86.0264893,
              30.1552544
            ],
            [
              -86.0254822,
              30.1465912
            ],
            [
              -86.0246582,
              30.137907
            ],
            [
              -86.0240097,
              30.1292191
            ],
            [
              -86.0235291,
              30.1205139
            ],
            [
              -86.0232315,
              30.1118088
            ],
            [
              -86.0231094,
              30.1030998
            ],
            [
              -86.0231552,
              30.0943871
            ],
            [
              -86.0233765,
              30.0856762
            ],
            [
              -86.0237808,
              30.0769749
            ],
            [
              -86.0243607,
              30.0682793
            ],
            [
              -86.025116,
              30.0595913
            ],
            [
              -86.0260391,
              30.0509205
            ],
            [
              -86.0271454,
              30.0422592
            ],
            [
              -86.0284195,
              30.0336227
            ],
            [
              -86.0298691,
              30.0249958
            ],
            [
              -86.0314941,
              30.0164032
            ],
            [
              -86.033287,
              30.0078316
            ],
            [
              -86.0352554,
              29.9992867
            ],
            [
              -86.0373917,
              29.990778
            ],
            [
              -86.039711,
              29.9823017
            ],
            [
              -86.0421906,
              29.9738579
            ],
            [
              -86.044838,
              29.9654541
            ],
            [
              -86.0476532,
              29.9570942
            ],
            [
              -86.0506363,
              29.9487743
            ],
            [
              -86.0537949,
              29.9405041
            ],
            [
              -86.0571136,
              29.9322834
            ],
            [
              -86.0605927,
              29.9241066
            ],
            [
              -86.0642395,
              29.9159927
            ],
            [
              -86.0680466,
              29.9079304
            ],
            [
              -86.0720139,
              29.899929
            ],
            [
              -86.0761414,
              29.8919849
            ],
            [
              -86.0804291,
              29.8841057
            ],
            [
              -86.084877,
              29.876297
            ],
            [
              -86.0894775,
              29.8685551
            ],
            [
              -86.0942383,
              29.8608799
            ],
            [
              -86.0991364,
              29.8532791
            ],
            [
              -86.1042023,
              29.8457546
            ],
            [
              -86.1094055,
              29.8383064
            ],
            [
              -86.114769,
              29.8309402
            ],
            [
              -86.1202698,
              29.8236561
            ],
            [
              -86.1259232,
              29.8164539
            ],
            [
              -86.1317139,
              29.8093395
            ],
            [
              -86.1376419,
              29.8023109
            ],
            [
              -86.1437225,
              29.7953758
            ],
            [
              -86.1499252,
              29.7885323
            ],
            [
              -86.1562729,
              29.7817841
            ],
            [
              -86.1627579,
              29.775135
            ],
            [
              -86.1693649,
              29.7685833
            ],
            [
              -86.1761093,
              29.7621288
            ],
            [
              -86.1829834,
              29.7557812
            ],
            [
              -86.1899719,
              29.7495384
            ],
            [
              -86.1970978,
              29.7433968
            ],
            [
              -86.2043381,
              29.7373695
            ],
            [
              -86.2116928,
              29.731451
            ],
            [
              -86.2191696,
              29.7256432
            ],
            [
              -86.2267685,
              29.7199497
            ],
            [
              -86.2344666,
              29.7143726
            ],
            [
              -86.2422791,
              29.7089119
            ],
            [
              -86.250206,
              29.7035713
            ],
            [
              -86.2582321,
              29.698349
            ],
            [
              -86.2663651,
              29.6932507
            ],
            [
              -86.2745972,
              29.6882744
            ],
            [
              -86.2829208,
              29.6834259
            ],
            [
              -86.2913437,
              29.6786995
            ],
            [
              -86.2998581,
              29.6741028
            ],
            [
              -86.3084641,
              29.6696358
            ],
            [
              -86.3171616,
              29.6652985
            ],
            [
              -86.325943,
              29.6610947
            ],
            [
              -86.3348007,
              29.6570225
            ],
            [
              -86.3437424,
              29.6530857
            ],
            [
              -86.3527679,
              29.6492844
            ],
            [
              -86.3618546,
              29.6456203
            ],
            [
              -86.3710251,
              29.6420918
            ],
            [
              -86.3802567,
              29.6387043
            ],
            [
              -86.3895493,
              29.6354561
            ],
            [
              -86.3989182,
              29.632349
            ],
            [
              -86.4083328,
              29.629385
            ],
            [
              -86.4178162,
              29.6265602
            ],
            [
              -86.4273529,
              29.6238823
            ],
            [
              -86.4369431,
              29.6213493
            ],
            [
              -86.446579,
              29.6189575
            ],
            [
              -86.4562531,
              29.6167145
            ],
            [
              -86.4659805,
              29.6146183
            ],
            [
              -86.4757462,
              29.6126671
            ],
            [
              -86.4855499,
              29.6108646
            ],
            [
              -86.4953842,
              29.609211
            ],
            [
              -86.5052567,
              29.6077061
            ],
            [
              -86.515152,
              29.6063499
            ],
            [
              -86.5250778,
              29.6051407
            ],
            [
              -86.5350189,
              29.6040897
            ],
            [
              -86.5449905,
              29.6031799
            ],
            [
              -86.5549698,
              29.6024265
            ],
            [
              -86.5649567,
              29.6018219
            ],
            [
              -86.5749664,
              29.601368
            ],
            [
              -86.5849762,
              29.6010666
            ],
            [
              -86.5949936,
              29.6009121
            ],
            [
              -86.6041794,
              29.6840916
            ],
            [
              -86.6125412,
              29.6842175
            ],
            [
              -86.6208878,
              29.6844692
            ],
            [
              -86.6292343,
              29.6848488
            ],
            [
              -86.6375656,
              29.6853542
            ],
            [
              -86.6458893,
              29.6859837
            ],
            [
              -86.6542053,
              29.6867409
            ],
            [
              -86.6624908,
              29.6876183
            ],
            [
              -86.6707687,
              29.6886272
            ],
            [
              -86.6790237,
              29.6897564
            ],
            [
              -86.6872559,
              29.6910133
            ],
            [
              -86.6954575,
              29.6923923
            ],
            [
              -86.7036285,
              29.6938953
            ],
            [
              -86.7117767,
              29.6955223
            ],
            [
              -86.7198868,
              29.6972694
            ],
            [
              -86.7279587,
              29.6991405
            ],
            [
              -86.7360001,
              29.7011356
            ],
            [
              -86.7439957,
              29.7032471
            ],
            [
              -86.7519455,
              29.7054825
            ],
            [
              -86.7598495,
              29.7078362
            ],
            [
              -86.7677078,
              29.7103081
            ],
            [
              -86.7755127,
              29.7129002
            ],
            [
              -86.7832718,
              29.7156086
            ],
            [
              -86.7909698,
              29.7184334
            ],
            [
              -86.7986145,
              29.7213764
            ],
            [
              -86.8061981,
              29.7244339
            ],
            [
              -86.8137131,
              29.727602
            ],
            [
              -86.821167,
              29.7308846
            ],
            [
              -86.8285599,
              29.7342834
            ],
            [
              -86.8358765,
              29.7377872
            ],
            [
              -86.8431244,
              29.7414036
            ],
            [
              -86.850296,
              29.7451286
            ],
            [
              -86.857399,
              29.7489605
            ],
            [
              -86.8644257,
              29.7529011
            ],
            [
              -86.8713684,
              29.7569485
            ],
            [
              -86.8782272,
              29.761095
            ],
            [
              -86.8850021,
              29.7653503
            ],
            [
              -86.8916931,
              29.7697048
            ],
            [
              -86.8983002,
              29.7741566
            ],
            [
              -86.904808,
              29.7787132
            ],
            [
              -86.9112396,
              29.7833614
            ],
            [
              -86.9175644,
              29.7881107
            ],
            [
              -86.92379,
              29.7929516
            ],
            [
              -86.929924,
              29.7978859
            ],
            [
              -86.9359589,
              29.8029156
            ],
            [
              -86.9418869,
              29.8080311
            ],
            [
              -86.9477234,
              29.8132401
            ],
            [
              -86.9534454,
              29.8185329
            ],
            [
              -86.9590683,
              29.8239117
            ],
            [
              -86.9645767,
              29.8293762
            ],
            [
              -86.9699783,
              29.834919
            ],
            [
              -86.9752655,
              29.8405476
            ],
            [
              -86.9804306,
              29.8462543
            ],
            [
              -86.9854965,
              29.8520355
            ],
            [
              -86.9904404,
              29.857893
            ],
            [
              -86.9952621,
              29.8638248
            ],
            [
              -86.9999695,
              29.8698273
            ],
            [
              -87.0045471,
              29.8759041
            ],
            [
              -87.0090103,
              29.8820477
            ],
            [
              -87.0133438,
              29.8882523
            ],
            [
              -87.0175629,
              29.8945293
            ],
            [
              -87.0216446,
              29.9008636
            ],
            [
              -87.0256042,
              29.9072609
            ],
            [
              -87.0294418,
              29.9137154
            ],
            [
              -87.0331345,
              29.9202271
            ],
            [
              -87.036705,
              29.926796
            ],
            [
              -87.0401459,
              29.9334164
            ],
            [
              -87.0434494,
              29.9400864
            ],
            [
              -87.046608,
              29.9468079
            ],
            [
              -87.0496445,
              29.9535732
            ],
            [
              -87.0525436,
              29.9603863
            ],
            [
              -87.0553055,
              29.9672375
            ],
            [
              -87.0579224,
              29.9741325
            ],
            [
              -87.0604095,
              29.9810677
            ],
            [
              -87.0627518,
              29.988039
            ],
            [
              -87.064949,
              29.9950428
            ],
            [
              -87.067009,
              30.0020809
            ],
            [
              -87.0689316,
              30.0091438
            ],
            [
              -87.0707092,
              30.0162373
            ],
            [
              -87.0723419,
              30.0233574
            ],
            [
              -87.0738297,
              30.0305023
            ],
            [
              -87.0751724,
              30.0376663
            ],
            [
              -87.0763779,
              30.0448513
            ],
            [
              -87.0774384,
              30.0520515
            ],
            [
              -87.0783463,
              30.0592709
            ],
            [
              -87.0791168,
              30.0664959
            ],
            [
              -87.0797272,
              30.0737362
            ],
            [
              -87.0802078,
              30.0809841
            ],
            [
              -87.0805359,
              30.0882378
            ],
            [
              -87.0807114,
              30.0954914
            ],
            [
              -86.9845963,
              30.1023407
            ],
            [
              -86.9845047,
              30.1081467
            ],
            [
              -86.9842911,
              30.1139526
            ],
            [
              -86.983963,
              30.1197548
            ],
            [
              -86.9835205,
              30.1255512
            ],
            [
              -86.9829636,
              30.1313362
            ],
            [
              -86.9822769,
              30.1371136
            ],
            [
              -86.9814835,
              30.1428795
            ],
            [
              -86.9805679,
              30.148634
            ],
            [
              -86.979538,
              30.1543732
            ],
            [
              -86.9783936,
              30.1600933
            ],
            [
              -86.9771347,
              30.1658001
            ],
            [
              -86.9757614,
              30.171484
            ],
            [
              -86.9742737,
              30.177145
            ],
            [
              -86.9726639,
              30.1827869
            ],
            [
              -86.9709549,
              30.1883984
            ],
            [
              -86.9691238,
              30.193985
            ],
            [
              -86.9671783,
              30.1995449
            ],
            [
              -86.9651184,
              30.2050743
            ],
            [
              -86.9629517,
              30.2105732
            ],
            [
              -86.9606705,
              30.2160378
            ],
            [
              -86.9582901,
              30.2214603
            ],
            [
              -86.9557877,
              30.2268524
            ],
            [
              -86.9531784,
              30.2322044
            ],
            [
              -86.95047,
              30.2375183
            ],
            [
              -86.9476395,
              30.2427902
            ],
            [
              -86.9447174,
              30.2480164
            ],
            [
              -86.9416809,
              30.2532005
            ],
            [
              -86.9385452,
              30.258337
            ],
            [
              -86.9352951,
              30.263422
            ],
            [
              -86.9319611,
              30.2684593
            ],
            [
              -86.9285126,
              30.2734451
            ],
            [
              -86.9249649,
              30.2783794
            ],
            [
              -86.9213181,
              30.2832603
            ],
            [
              -86.917572,
              30.2880821
            ],
            [
              -86.9137268,
              30.2928486
            ],
            [
              -86.90979,
              30.2975559
            ],
            [
              -86.9057617,
              30.302206
            ],
            [
              -86.9016342,
              30.3067894
            ],
            [
              -86.8974152,
              30.3113117
            ],
            [
              -86.8931046,
              30.3157673
            ],
            [
              -86.8886948,
              30.3201637
            ],
            [
              -86.8842087,
              30.3244858
            ],
            [
              -86.879631,
              30.3287449
            ],
            [
              -86.8749771,
              30.3329315
            ],
            [
              -86.870224,
              30.3370476
            ],
            [
              -86.8654022,
              30.3410912
            ],
            [
              -86.8604889,
              30.3450661
            ],
            [
              -86.8554916,
              30.348959
            ],
            [
              -86.8504257,
              30.3527775
            ],
            [
              -86.8452835,
              30.3565197
            ],
            [
              -86.8400574,
              30.3601875
            ],
            [
              -86.8347626,
              30.3637733
            ],
            [
              -86.8293991,
              30.3672752
            ],
            [
              -86.8239594,
              30.3706989
            ],
            [
              -86.8184509,
              30.3740406
            ],
            [
              -86.8128815,
              30.3772907
            ],
            [
              -86.8072357,
              30.3804626
            ],
            [
              -86.8015366,
              30.3835506
            ],
            [
              -86.7957764,
              30.3865528
            ],
            [
              -86.7899551,
              30.3894615
            ],
            [
              -86.7840652,
              30.3922901
            ],
            [
              -86.7781296,
              30.3950214
            ],
            [
              -86.7721329,
              30.397665
            ],
            [
              -86.7660904,
              30.4002209
            ],
            [
              -86.7599869,
              30.4026814
            ],
            [
              -86.7538376,
              30.4050484
            ],
            [
              -86.7476425,
              30.4073277
            ],
            [
              -86.7414093,
              30.4095097
            ],
            [
              -86.7351227,
              30.4115963
            ],
            [
              -86.7287979,
              30.4135933
            ],
            [
              -86.722435,
              30.4154892
            ],
            [
              -86.7160263,
              30.4172878
            ],
            [
              -86.7095947,
              30.4189892
            ],
            [
              -86.7031174,
              30.4205971
            ],
            [
              -86.6966171,
              30.4221039
            ],
            [
              -86.6900864,
              30.4235115
            ],
            [
              -86.6835251,
              30.4248219
            ],
            [
              -86.6769409,
              30.4260349
            ],
            [
              -86.6703262,
              30.4271488
            ],
            [
              -86.6636963,
              30.4281559
            ],
            [
              -86.6570435,
              30.4290714
            ],
            [
              -86.6503754,
              30.4298801
            ],
            [
              -86.643692,
              30.4305935
            ],
            [
              -86.6369934,
              30.4312019
            ],
            [
              -86.6302795,
              30.4317112
            ],
            [
              -86.6235657,
              30.4321175
            ],
            [
              -86.6168442,
              30.4324169
            ],
            [
              -86.6101074,
              30.4326267
            ],
            [
              -86.6033707,
              30.432724
            ],
            [
              -86.5949402,
              30.5990887
            ]
          ]
        ]
      },
      "properties": {
        "RADII": 64,
        "STORMID": "al092026",
        "BASIN": "al",
        "STORMNUM": 9,
        "ADVNUM": "13A",
        "VALIDTIME": "2026101000",
        "SYNOPTIME": "2026100918",
        "TIMEZONE": "UTC",
        "TAU": 0,
        "NE": 30,
        "SE": 30,
        "SW": 25,
        "NW": 20,
        "nhc_product": "wind_radii",
        "atcf": "al092026",
        "storm_name": "Isaias",
        "storm_id": "09L"
      }
    },
    {
      "type": "Feature",
      "geometry": {
        "type": "Polygon",
        "coordinates": [
          [
            [
              -86.7844849,
              32.6972656
            ],
            [
              -86.7534409,
              32.6967964
            ],
            [
              -86.7224121,
              32.6958733
            ],
            [
              -86.6913986,
              32.6944809
            ],
            [
              -86.6604309,
              32.6926308
            ],
            [
              -86.6295013,
              32.6903152
            ],
            [
              -86.5986328,
              32.687542
            ],
            [
              -86.5678253,
              32.6843071
            ],
            [
              -86.5370941,
              32.6806068
            ],
            [
              -86.5064468,
              32.6764488
            ],
            [
              -86.4758835,
              32.6718445
            ],
            [
              -86.4454346,
              32.6667747
            ],
            [
              -86.4151001,
              32.6612549
            ],
            [
              -86.3848801,
              32.6552849
            ],
            [
              -86.3547974,
              32.6488647
            ],
            [
              -86.3248596,
              32.6419907
            ],
            [
              -86.2950668,
              32.6346779
            ],
            [
              -86.2654419,
              32.626915
            ],
            [
              -86.2359924,
              32.6187134
            ],
            [
              -86.2067108,
              32.6100731
            ],
            [
              -86.1776276,
              32.6010056
            ],
            [
              -86.148735,
              32.5914955
            ],
            [
              -86.1200562,
              32.5815582
            ],
            [
              -86.0915833,
              32.5711975
            ],
            [
              -86.0633469,
              32.5604095
            ],
            [
              -86.0353394,
              32.5492058
            ],
            [
              -86.0075836,
              32.5375786
            ],
            [
              -85.980072,
              32.5255432
            ],
            [
              -85.9528198,
              32.5130997
            ],
            [
              -85.9258423,
              32.5002518
            ],
            [
              -85.8991394,
              32.4870033
            ],
            [
              -85.8727264,
              32.4733543
            ],
            [
              -85.8466034,
              32.4593201
            ],
            [
              -85.8207855,
              32.4448929
            ],
            [
              -85.7952805,
              32.4300842
            ],
            [
              -85.7700882,
              32.4148941
            ],
            [
              -85.745224,
              32.3993378
            ],
            [
              -85.7206955,
              32.3834076
            ],
            [
              -85.6965027,
              32.3671112
            ],
            [
              -85.6726685,
              32.3504677
            ],
            [
              -85.6491852,
              32.3334579
            ],
            [
              -85.6260681,
              32.3161049
            ],
            [
              -85.6033173,
              32.2984085
            ],
            [
              -85.5809479,
              32.2803802
            ],
            [
              -85.55896,
              32.2620163
            ],
            [
              -85.5373611,
              32.2433319
            ],
            [
              -85.5161667,
              32.2243233
            ],
            [
              -85.495369,
              32.204998
            ],
            [
              -85.4749908,
              32.1853714
            ],
            [
              -85.4550247,
              32.1654434
            ],
            [
              -85.4354858,
              32.1452217
            ],
            [
              -85.4163666,
              32.1247101
            ],
            [
              -85.3976822,
              32.1039162
            ],
            [
              -85.3794403,
              32.0828438
            ],
            [
              -85.3616409,
              32.0615082
            ],
            [
              -85.3442993,
              32.0399055
            ],
            [
              -85.3274078,
              32.0180473
            ],
            [
              -85.3109741,
              31.995945
            ],
            [
              -85.2950058,
              31.9735966
            ],
            [
              -85.2795181,
              31.9510155
            ],
            [
              -85.2644882,
              31.9282093
            ],
            [
              -85.2499466,
              31.9051781
            ],
            [
              -85.2358856,
              31.8819351
            ],
            [
              -85.2223129,
              31.8584862
            ],
            [
              -85.2092285,
              31.8348331
            ],
            [
              -85.19664,
              31.810997
            ],
            [
              -85.1845474,
              31.786972
            ],
            [
              -85.1729584,
              31.7627716
            ],
            [
              -85.1618729,
              31.7384014
            ],
            [
              -85.1512909,
              31.7138672
            ],
            [
              -85.1412277,
              31.6891842
            ],
            [
              -85.1316681,
              31.6643524
            ],
            [
              -85.1226349,
              31.6393776
            ],
            [
              -85.1141129,
              31.6142769
            ],
            [
              -85.106102,
              31.5890522
            ],
            [
              -85.0986252,
              31.5637093
            ],
            [
              -85.0916748,
              31.5382633
            ],
            [
              -85.0852356,
              31.5127144
            ],
            [
              -85.0793381,
              31.487072
            ],
            [
              -85.0739594,
              31.4613495
            ],
            [
              -85.0691223,
              31.4355469
            ],
            [
              -85.0648041,
              31.4096813
            ],
            [
              -85.0610199,
              31.3837509
            ],
            [
              -85.0577698,
              31.3577652
            ],
            [
              -85.0550537,
              31.3317394
            ],
            [
              -85.0528717,
              31.3056755
            ],
            [
              -85.0512161,
              31.2795868
            ],
            [
              -85.0501022,
              31.2534714
            ],
            [
              -85.0495148,
              31.2273464
            ],
            [
              -85.049469,
              31.2012177
            ],
            [
              -85.4387665,
              31.1826725
            ],
            [
              -85.439476,
              31.1623611
            ],
            [
              -85.4405899,
              31.1420612
            ],
            [
              -85.442131,
              31.1217747
            ],
            [
              -85.4440765,
              31.1015205
            ],
            [
              -85.446434,
              31.0812969
            ],
            [
              -85.4491959,
              31.0611134
            ],
            [
              -85.4523773,
              31.0409698
            ],
            [
              -85.4559631,
              31.0208797
            ],
            [
              -85.4599533,
              31.0008469
            ],
            [
              -85.4643555,
              30.980875
            ],
            [
              -85.4691544,
              30.9609718
            ],
            [
              -85.4743576,
              30.9411449
            ],
            [
              -85.4799652,
              30.9213982
            ],
            [
              -85.4859619,
              30.9017372
            ],
            [
              -85.492363,
              30.8821659
            ],
            [
              -85.4991608,
              30.8626995
            ],
            [
              -85.5063477,
              30.8433323
            ],
            [
              -85.5139236,
              30.8240776
            ],
            [
              -85.5218887,
              30.8049393
            ],
            [
              -85.5302353,
              30.7859211
            ],
            [
              -85.5389557,
              30.7670326
            ],
            [
              -85.5480652,
              30.7482738
            ],
            [
              -85.5575485,
              30.7296543
            ],
            [
              -85.5674057,
              30.7111855
            ],
            [
              -85.5776291,
              30.6928558
            ],
            [
              -85.5882187,
              30.6746922
            ],
            [
              -85.5991669,
              30.6566792
            ],
            [
              -85.6104889,
              30.6388359
            ],
            [
              -85.6221542,
              30.6211662
            ],
            [
              -85.6341705,
              30.6036777
            ],
            [
              -85.646553,
              30.5863628
            ],
            [
              -85.6592636,
              30.5692406
            ],
            [
              -85.6723175,
              30.5523071
            ],
            [
              -85.6857071,
              30.535574
            ],
            [
              -85.69944,
              30.5190411
            ],
            [
              -85.7134857,
              30.502718
            ],
            [
              -85.7278671,
              30.4866009
            ],
            [
              -85.7425537,
              30.4707069
            ],
            [
              -85.7575684,
              30.4550323
            ],
            [
              -85.7728882,
              30.4395828
            ],
            [
              -85.7885132,
              30.4243679
            ],
            [
              -85.8044434,
              30.4093857
            ],
            [
              -85.8206635,
              30.3946457
            ],
            [
              -85.8371735,
              30.3801537
            ],
            [
              -85.8539734,
              30.3659019
            ],
            [
              -85.8710556,
              30.3519058
            ],
            [
              -85.8884048,
              30.3381672
            ],
            [
              -85.9060364,
              30.3246918
            ],
            [
              -85.9239273,
              30.3114758
            ],
            [
              -85.94207,
              30.2985325
            ],
            [
              -85.9604797,
              30.285862
            ],
            [
              -85.9791336,
              30.273468
            ],
            [
              -85.998024,
              30.2613544
            ],
            [
              -86.0171661,
              30.2495251
            ],
            [
              -86.0365295,
              30.2379818
            ],
            [
              -86.0561142,
              30.2267323
            ],
            [
              -86.0759201,
              30.2157764
            ],
            [
              -86.0959473,
              30.2051163
            ],
            [
              -86.1161804,
              30.1947575
            ],
            [
              -86.1366119,
              30.1846962
            ],
            [
              -86.1572418,
              30.1749458
            ],
            [
              -86.1780624,
              30.1655102
            ],
            [
              -86.1990662,
              30.1563778
            ],
            [
              -86.2202377,
              30.1475677
            ],
            [
              -86.2415924,
              30.1390743
            ],
            [
              -86.2631073,
              30.1308956
            ],
            [
              -86.2847748,
              30.1230412
            ],
            [
              -86.3066101,
              30.1155109
            ],
            [
              -86.3285751,
              30.1083107
            ],
            [
              -86.3506851,
              30.1014404
            ],
            [
              -86.3729248,
              30.0948925
            ],
            [
              -86.3952866,
              30.0886841
            ],
            [
              -86.417778,
              30.0828133
            ],
            [
              -86.4403763,
              30.0772743
            ],
            [
              -86.4630814,
              30.072073
            ],
            [
              -86.4858856,
              30.0672131
            ],
            [
              -86.5087814,
              30.0626984
            ],
            [
              -86.5317612,
              30.0585194
            ],
            [
              -86.5548248,
              30.0546875
            ],
            [
              -86.5779572,
              30.0512009
            ],
            [
              -86.6011505,
              30.0480576
            ],
            [
              -86.6244125,
              30.0452614
            ],
            [
              -86.6477203,
              30.0428162
            ],
            [
              -86.6710739,
              30.04072
            ],
            [
              -86.694458,
              30.0389633
            ],
            [
              -86.7178802,
              30.0375633
            ],
            [
              -86.7413254,
              30.0365162
            ],
            [
              -86.7647934,
              30.0358162
            ],
            [
              -86.7882614,
              30.0354595
            ],
            [
              -86.8084106,
              30.368187
            ],
            [
              -86.8252411,
              30.3684387
            ],
            [
              -86.8420563,
              30.3689404
            ],
            [
              -86.8588638,
              30.3696918
            ],
            [
              -86.8756485,
              30.3706989
            ],
            [
              -86.8924103,
              30.371954
            ],
            [
              -86.9091492,
              30.3734589
            ],
            [
              -86.9258499,
              30.3752117
            ],
            [
              -86.9425201,
              30.3772163
            ],
            [
              -86.9591446,
              30.379467
            ],
            [
              -86.9757233,
              30.3819637
            ],
            [
              -86.9922485,
              30.3847122
            ],
            [
              -87.0087128,
              30.3877068
            ],
            [
              -87.0251236,
              30.3909454
            ],
            [
              -87.0414581,
              30.3944283
            ],
            [
              -87.0577316,
              30.3981495
            ],
            [
              -87.0739212,
              30.4021187
            ],
            [
              -87.0900269,
              30.4063301
            ],
            [
              -87.1060562,
              30.41078
            ],
            [
              -87.1219788,
              30.4154682
            ],
            [
              -87.1378174,
              30.4203892
            ],
            [
              -87.1535568,
              30.4255524
            ],
            [
              -87.1691818,
              30.4309464
            ],
            [
              -87.1847076,
              30.436573
            ],
            [
              -87.2001114,
              30.4424305
            ],
            [
              -87.2154083,
              30.4485226
            ],
            [
              -87.2305679,
              30.454834
            ],
            [
              -87.2455978,
              30.4613781
            ],
            [
              -87.2605057,
              30.4681396
            ],
            [
              -87.2752686,
              30.4751263
            ],
            [
              -87.2898941,
              30.4823322
            ],
            [
              -87.3043747,
              30.4897499
            ],
            [
              -87.3187027,
              30.4973869
            ],
            [
              -87.3328781,
              30.5052376
            ],
            [
              -87.3468933,
              30.513298
            ],
            [
              -87.3607483,
              30.5215645
            ],
            [
              -87.3744354,
              30.5300388
            ],
            [
              -87.3879471,
              30.5387154
            ],
            [
              -87.4012833,
              30.5475922
            ],
            [
              -87.414444,
              30.5566654
            ],
            [
              -87.4274216,
              30.565937
            ],
            [
              -87.4402084,
              30.5753975
            ],
            [
              -87.4528046,
              30.5850487
            ],
            [
              -87.4652023,
              30.5948868
            ],
            [
              -87.4774094,
              30.6049099
            ],
            [
              -87.4894104,
              30.6151123
            ],
            [
              -87.5011978,
              30.625494
            ],
            [
              -87.5127945,
              30.6360455
            ],
            [
              -87.5241547,
              30.6467686
            ],
            [
              -87.5353088,
              30.657671
            ],
            [
              -87.5462494,
              30.668726
            ],
            [
              -87.5569611,
              30.6799469
            ],
            [
              -87.5674438,
              30.6913223
            ],
            [
              -87.5776978,
              30.7028599
            ],
            [
              -87.5877228,
              30.7145462
            ],
            [
              -87.597496,
              30.7263756
            ],
            [
              -87.607048,
              30.7383518
            ],
            [
              -87.6163483,
              30.750473
            ],
            [
              -87.6254044,
              30.7627258
            ],
            [
              -87.6342163,
              30.7751122
            ],
            [
              -87.6427765,
              30.7876282
            ],
            [
              -87.6510849,
              30.800272
            ],
            [
              -87.6591339,
              30.8130398
            ],
            [
              -87.6669312,
              30.8259258
            ],
            [
              -87.6744537,
              30.8389225
            ],
            [
              -87.6817245,
              30.8520298
            ],
            [
              -87.6887207,
              30.8652439
            ],
            [
              -87.6954575,
              30.8785648
            ],
            [
              -87.7019196,
              30.8919811
            ],
            [
              -87.7081146,
              30.9054909
            ],
            [
              -87.7140274,
              30.9190922
            ],
            [
              -87.7196732,
              30.9327812
            ],
            [
              -87.7250366,
              30.9465466
            ],
            [
              -87.7301254,
              30.9603958
            ],
            [
              -87.7349243,
              30.9743176
            ],
            [
              -87.7394485,
              30.988306
            ],
            [
              -87.7436829,
              31.0023632
            ],
            [
              -87.7476349,
              31.0164814
            ],
            [
              -87.751297,
              31.0306568
            ],
            [
              -87.7546768,
              31.0448818
            ],
            [
              -87.7577667,
              31.0591564
            ],
            [
              -87.7605591,
              31.073473
            ],
            [
              -87.7630615,
              31.0878334
            ],
            [
              -87.765274,
              31.1022282
            ],
            [
              -87.7671967,
              31.1166534
            ],
            [
              -87.7688217,
              31.1311016
            ],
            [
              -87.7701569,
              31.1455746
            ],
            [
              -87.7711868,
              31.1600685
            ],
            [
              -87.7719269,
              31.1745663
            ],
            [
              -87.772377,
              31.1890793
            ],
            [
              -88.1615372,
              31.2029934
            ],
            [
              -88.1614151,
              31.2233162
            ],
            [
              -88.160881,
              31.2436333
            ],
            [
              -88.1599274,
              31.2639427
            ],
            [
              -88.1585617,
              31.2842312
            ],
            [
              -88.1567764,
              31.3045006
            ],
            [
              -88.1545868,
              31.3247414
            ],
            [
              -88.1519775,
              31.3449383
            ],
            [
              -88.1489487,
              31.365097
            ],
            [
              -88.1455154,
              31.38521
            ],
            [
              -88.1416626,
              31.4052658
            ],
            [
              -88.1374054,
              31.4252605
            ],
            [
              -88.1327362,
              31.4451962
            ],
            [
              -88.127655,
              31.4650536
            ],
            [
              -88.1221695,
              31.484827
            ],
            [
              -88.116272,
              31.5045223
            ],
            [
              -88.1099777,
              31.5241222
            ],
            [
              -88.1032791,
              31.5436287
            ],
            [
              -88.0961761,
              31.5630341
            ],
            [
              -88.0886765,
              31.582325
            ],
            [
              -88.08078,
              31.6015015
            ],
            [
              -88.0724869,
              31.6205635
            ],
            [
              -88.063797,
              31.6394939
            ],
            [
              -88.054718,
              31.658287
            ],
            [
              -88.0452576,
              31.6769505
            ],
            [
              -88.035408,
              31.6954632
            ],
            [
              -88.025177,
              31.7138329
            ],
            [
              -88.0145721,
              31.7320404
            ],
            [
              -88.0035858,
              31.7500916
            ],
            [
              -87.9922256,
              31.7679729
            ],
            [
              -87.9804993,
              31.7856846
            ],
            [
              -87.968399,
              31.8032169
            ],
            [
              -87.9559402,
              31.8205662
            ],
            [
              -87.9431229,
              31.8377228
            ],
            [
              -87.9299545,
              31.8546925
            ],
            [
              -87.9164276,
              31.8714619
            ],
            [
              -87.9025574,
              31.8880215
            ],
            [
              -87.8883438,
              31.9043732
            ],
            [
              -87.8737869,
              31.9205151
            ],
            [
              -87.858902,
              31.9364338
            ],
            [
              -87.8436813,
              31.9521255
            ],
            [
              -87.8281326,
              31.9675884
            ],
            [
              -87.8122711,
              31.9828205
            ],
            [
              -87.7960892,
              31.9978085
            ],
            [
              -87.7796021,
              32.012558
            ],
            [
              -87.7627945,
              32.0270615
            ],
            [
              -87.7457047,
              32.0413055
            ],
            [
              -87.728302,
              32.0552902
            ],
            [
              -87.7106171,
              32.0690193
            ],
            [
              -87.6926422,
              32.0824776
            ],
            [
              -87.6743927,
              32.0956688
            ],
            [
              -87.6558685,
              32.1085815
            ],
            [
              -87.6370773,
              32.1212158
            ],
            [
              -87.6180191,
              32.1335716
            ],
            [
              -87.5987015,
              32.1456413
            ],
            [
              -87.5791397,
              32.1574211
            ],
            [
              -87.5593338,
              32.1689034
            ],
            [
              -87.5392838,
              32.1800919
            ],
            [
              -87.5190048,
              32.1909752
            ],
            [
              -87.498497,
              32.2015533
            ],
            [
              -87.4777756,
              32.2118263
            ],
            [
              -87.4568329,
              32.2217903
            ],
            [
              -87.4356842,
              32.2314377
            ],
            [
              -87.4143448,
              32.2407646
            ],
            [
              -87.3927994,
              32.2497787
            ],
            [
              -87.3710785,
              32.2584648
            ],
            [
              -87.3491669,
              32.2668304
            ],
            [
              -87.327095,
              32.2748642
            ],
            [
              -87.3048477,
              32.2825661
            ],
            [
              -87.2824402,
              32.2899361
            ],
            [
              -87.2598801,
              32.2969666
            ],
            [
              -87.2371826,
              32.3036613
            ],
            [
              -87.2143402,
              32.3100166
            ],
            [
              -87.1913681,
              32.3160362
            ],
            [
              -87.1682663,
              32.3217049
            ],
            [
              -87.1450577,
              32.3270264
            ],
            [
              -87.1217422,
              32.3320084
            ],
            [
              -87.09832,
              32.3366356
            ],
            [
              -87.0748062,
              32.3409157
            ],
            [
              -87.0512009,
              32.344841
            ],
            [
              -87.0275192,
              32.3484116
            ],
            [
              -87.0037613,
              32.351635
            ],
            [
              -86.97995,
              32.3544998
            ],
            [
              -86.9560699,
              32.3570061
            ],
            [
              -86.9321442,
              32.3591537
            ],
            [
              -86.9081726,
              32.3609505
            ],
            [
              -86.8841782,
              32.3623848
            ],
            [
              -86.8601456,
              32.3634605
            ],
            [
              -86.8361053,
              32.3641815
            ],
            [
              -86.8120422,
              32.3645439
            ],
            [
              -86.7844849,
              32.6972656
            ]
          ]
        ]
      },
      "properties": {
        "RADII": 34,
        "STORMID": "al092026",
        "BASIN": "al",
        "STORMNUM": 9,
        "ADVNUM": "13A",
        "VALIDTIME": "2026101009",
        "SYNOPTIME": "2026100918",
        "TIMEZONE": "UTC",
        "TAU": 12,
        "NE": 90,
        "SE": 70,
        "SW": 50,
        "NW": 70,
        "nhc_product": "wind_radii",
        "atcf": "al092026",
        "storm_name": "Isaias",
        "storm_id": "09L"
      }
    },
    {
      "type": "Feature",
      "geometry": {
        "type": "Polygon",
        "coordinates": [
          [
            [
              -86.7931671,
              31.8654537
            ],
            [
              -86.7794952,
              31.8652496
            ],
            [
              -86.765831,
              31.8648434
            ],
            [
              -86.7521744,
              31.8642273
            ],
            [
              -86.7385254,
              31.8634109
            ],
            [
              -86.7249069,
              31.8623943
            ],
            [
              -86.7113113,
              31.8611717
            ],
            [
              -86.6977386,
              31.8597431
            ],
            [
              -86.6842041,
              31.8581142
            ],
            [
              -86.6707001,
              31.856287
            ],
            [
              -86.6572342,
              31.8542557
            ],
            [
              -86.6438141,
              31.852026
            ],
            [
              -86.6304474,
              31.8495903
            ],
            [
              -86.6171265,
              31.846962
            ],
            [
              -86.6038666,
              31.8441296
            ],
            [
              -86.5906677,
              31.8411045
            ],
            [
              -86.5775299,
              31.8378811
            ],
            [
              -86.5644684,
              31.834465
            ],
            [
              -86.5514755,
              31.8308525
            ],
            [
              -86.538559,
              31.8270435
            ],
            [
              -86.5257263,
              31.8230457
            ],
            [
              -86.5129776,
              31.8188591
            ],
            [
              -86.5003204,
              31.814476
            ],
            [
              -86.4877472,
              31.8099079
            ],
            [
              -86.4752884,
              31.8051491
            ],
            [
              -86.4629135,
              31.800211
            ],
            [
              -86.4506531,
              31.7950859
            ],
            [
              -86.4384995,
              31.7897816
            ],
            [
              -86.4264526,
              31.7842941
            ],
            [
              -86.4145279,
              31.7786274
            ],
            [
              -86.4027176,
              31.7727852
            ],
            [
              -86.391037,
              31.7667675
            ],
            [
              -86.3794785,
              31.7605762
            ],
            [
              -86.3680496,
              31.7542095
            ],
            [
              -86.3567581,
              31.7476768
            ],
            [
              -86.3456039,
              31.7409801
            ],
            [
              -86.3345871,
              31.7341118
            ],
            [
              -86.3237152,
              31.7270813
            ],
            [
              -86.3130035,
              31.7198925
            ],
            [
              -86.3024292,
              31.7125454
            ],
            [
              -86.2920074,
              31.7050362
            ],
            [
              -86.2817459,
              31.6973763
            ],
            [
              -86.2716446,
              31.6895618
            ],
            [
              -86.2617111,
              31.6816025
            ],
            [
              -86.2519379,
              31.6734905
            ],
            [
              -86.2423401,
              31.6652374
            ],
            [
              -86.2329102,
              31.6568451
            ],
            [
              -86.2236557,
              31.6483078
            ],
            [
              -86.2145844,
              31.6396332
            ],
            [
              -86.2056885,
              31.6308289
            ],
            [
              -86.1969757,
              31.6218929
            ],
            [
              -86.1884537,
              31.6128254
            ],
            [
              -86.1801147,
              31.6036358
            ],
            [
              -86.1719666,
              31.5943165
            ],
            [
              -86.1640167,
              31.5848827
            ],
            [
              -86.1562653,
              31.5753307
            ],
            [
              -86.1487122,
              31.5656624
            ],
            [
              -86.1413574,
              31.5558891
            ],
            [
              -86.1342087,
              31.5459995
            ],
            [
              -86.1272507,
              31.5360069
            ],
            [
              -86.1205139,
              31.5259151
            ],
            [
              -86.1139832,
              31.5157204
            ],
            [
              -86.107666,
              31.5054302
            ],
            [
              -86.1015549,
              31.4950485
            ],
            [
              -86.095665,
              31.484581
            ],
            [
              -86.0899887,
              31.4740219
            ],
            [
              -86.0845261,
              31.4633808
            ],
            [
              -86.0792923,
              31.4526615
            ],
            [
              -86.0742722,
              31.4418659
            ],
            [
              -86.0694809,
              31.4309921
            ],
            [
              -86.0649033,
              31.4200497
            ],
            [
              -86.0605621,
              31.4090462
            ],
            [
              -86.0564423,
              31.397974
            ],
            [
              -86.0525589,
              31.3868484
            ],
            [
              -86.0488968,
              31.3756599
            ],
            [
              -86.0454712,
              31.3644218
            ],
            [
              -86.0422668,
              31.3531342
            ],
            [
              -86.039299,
              31.3418007
            ],
            [
              -86.0365601,
              31.3304234
            ],
            [
              -86.0340652,
              31.3190079
            ],
            [
              -86.0317917,
              31.3075562
            ],
            [
              -86.0297546,
              31.296072
            ],
            [
              -86.0279617,
              31.2845592
            ],
            [
              -86.0263977,
              31.2730236
            ],
            [
              -86.0250702,
              31.2614632
            ],
            [
              -86.0239868,
              31.2498856
            ],
            [
              -86.0231323,
              31.2382908
            ],
            [
              -86.022522,
              31.2266903
            ],
            [
              -86.0221329,
              31.2150822
            ],
            [
              -86.0219955,
              31.2034721
            ],
            [
              -86.0220947,
              31.1918564
            ],
            [
              -86.0224228,
              31.1802425
            ],
            [
              -86.022995,
              31.1686401
            ],
            [
              -86.0238037,
              31.1570473
            ],
            [
              -86.0248413,
              31.1454659
            ],
            [
              -86.0261154,
              31.1339016
            ],
            [
              -86.0276337,
              31.1223621
            ],
            [
              -86.0293732,
              31.1108475
            ],
            [
              -86.0313568,
              31.0993557
            ],
            [
              -86.033577,
              31.0878983
            ],
            [
              -86.0360184,
              31.0764713
            ],
            [
              -86.0386963,
              31.0650883
            ],
            [
              -86.0416107,
              31.0537434
            ],
            [
              -86.044754,
              31.0424461
            ],
            [
              -86.0481186,
              31.0311928
            ],
            [
              -86.051712,
              31.0199947
            ],
            [
              -86.0555344,
              31.0088558
            ],
            [
              -86.0595856,
              30.9977703
            ],
            [
              -86.063858,
              30.9867458
            ],
            [
              -86.0683594,
              30.9757938
            ],
            [
              -86.0730667,
              30.9649029
            ],
            [
              -86.0780106,
              30.9540901
            ],
            [
              -86.0831604,
              30.943346
            ],
            [
              -86.0885315,
              30.9326878
            ],
            [
              -86.0941162,
              30.9221077
            ],
            [
              -86.0999146,
              30.9116135
            ],
            [
              -86.1059189,
              30.9012051
            ],
            [
              -86.1121445,
              30.8908882
            ],
            [
              -86.1185684,
              30.8806686
            ],
            [
              -86.125206,
              30.8705444
            ],
            [
              -86.1320419,
              30.8605213
            ],
            [
              -86.1390762,
              30.8506031
            ],
            [
              -86.1463165,
              30.8407917
            ],
            [
              -86.1537476,
              30.8310852
            ],
            [
              -86.161377,
              30.8214931
            ],
            [
              -86.1691971,
              30.8120193
            ],
            [
              -86.1772003,
              30.8026619
            ],
            [
              -86.1854019,
              30.7934265
            ],
            [
              -86.1937866,
              30.7843094
            ],
            [
              -86.2023468,
              30.7753277
            ],
            [
              -86.2110901,
              30.766468
            ],
            [
              -86.2200165,
              30.7577457
            ],
            [
              -86.2291031,
              30.7491531
            ],
            [
              -86.2383728,
              30.7407017
            ],
            [
              -86.2478027,
              30.7323856
            ],
            [
              -86.2574081,
              30.7242107
            ],
            [
              -86.2671738,
              30.7161846
            ],
            [
              -86.277092,
              30.7083035
            ],
            [
              -86.287178,
              30.7005749
            ],
            [
              -86.2974167,
              30.6929932
            ],
            [
              -86.3077927,
              30.6855717
            ],
            [
              -86.3183289,
              30.678297
            ],
            [
              -86.3290024,
              30.6711884
            ],
            [
              -86.3398209,
              30.6642342
            ],
            [
              -86.3507767,
              30.6574459
            ],
            [
              -86.3618698,
              30.6508274
            ],
            [
              -86.3730927,
              30.6443653
            ],
            [
              -86.3844376,
              30.6380787
            ],
            [
              -86.3959122,
              30.631958
            ],
            [
              -86.4075089,
              30.6260128
            ],
            [
              -86.4192123,
              30.6202412
            ],
            [
              -86.4310455,
              30.6146431
            ],
            [
              -86.4429779,
              30.6092243
            ],
            [
              -86.4550171,
              30.6039848
            ],
            [
              -86.4671707,
              30.5989265
            ],
            [
              -86.4794083,
              30.5940475
            ],
            [
              -86.4917526,
              30.5893555
            ],
            [
              -86.5041885,
              30.5848427
            ],
            [
              -86.5167084,
              30.5805225
            ],
            [
              -86.5293198,
              30.5763836
            ],
            [
              -86.5419998,
              30.5724373
            ],
            [
              -86.5547714,
              30.5686836
            ],
            [
              -86.5676041,
              30.5651188
            ],
            [
              -86.580513,
              30.5617466
            ],
            [
              -86.593483,
              30.5585651
            ],
            [
              -86.6065216,
              30.5555801
            ],
            [
              -86.619606,
              30.5527859
            ],
            [
              -86.6327591,
              30.5501938
            ],
            [
              -86.6459503,
              30.5477924
            ],
            [
              -86.6591949,
              30.5455933
            ],
            [
              -86.6724701,
              30.5435925
            ],
            [
              -86.6857986,
              30.5417862
            ],
            [
              -86.6991501,
              30.5401802
            ],
            [
              -86.7125397,
              30.5387745
            ],
            [
              -86.7259521,
              30.537569
            ],
            [
              -86.7393875,
              30.5365639
            ],
            [
              -86.7528381,
              30.535759
            ],
            [
              -86.766304,
              30.5351543
            ],
            [
              -86.7797852,
              30.5347538
            ],
            [
              -86.7932663,
              30.5345497
            ],
            [
              -86.805069,
              30.7009125
            ],
            [
              -86.8151932,
              30.7010632
            ],
            [
              -86.825325,
              30.7013626
            ],
            [
              -86.8354416,
              30.7018166
            ],
            [
              -86.8455505,
              30.702425
            ],
            [
              -86.8556366,
              30.7031803
            ],
            [
              -86.8657227,
              30.7040844
            ],
            [
              -86.8757706,
              30.7051411
            ],
            [
              -86.8858109,
              30.7063465
            ],
            [
              -86.895813,
              30.7077007
            ],
            [
              -86.9057922,
              30.7092075
            ],
            [
              -86.915741,
              30.7108612
            ],
            [
              -86.9256516,
              30.7126598
            ],
            [
              -86.9355316,
              30.7146111
            ],
            [
              -86.9453659,
              30.7167072
            ],
            [
              -86.9551544,
              30.7189503
            ],
            [
              -86.9648972,
              30.7213421
            ],
            [
              -86.9745941,
              30.723875
            ],
            [
              -86.9842377,
              30.726553
            ],
            [
              -86.9938202,
              30.7293777
            ],
            [
              -87.0033493,
              30.7323418
            ],
            [
              -87.012825,
              30.735445
            ],
            [
              -87.0222168,
              30.7386932
            ],
            [
              -87.0315628,
              30.7420788
            ],
            [
              -87.0408249,
              30.7456093
            ],
            [
              -87.0500259,
              30.7492695
            ],
            [
              -87.0591431,
              30.7530708
            ],
            [
              -87.0681839,
              30.7570095
            ],
            [
              -87.0771484,
              30.7610798
            ],
            [
              -87.0860291,
              30.7652836
            ],
            [
              -87.0948181,
              30.7696171
            ],
            [
              -87.1035233,
              30.7740841
            ],
            [
              -87.1121368,
              30.778677
            ],
            [
              -87.1206589,
              30.7834034
            ],
            [
              -87.1290817,
              30.7882538
            ],
            [
              -87.1374054,
              30.7932301
            ],
            [
              -87.1456299,
              30.7983284
            ],
            [
              -87.1537399,
              30.8035488
            ],
            [
              -87.1617508,
              30.8088875
            ],
            [
              -87.1696548,
              30.8143482
            ],
            [
              -87.1774521,
              30.8199215
            ],
            [
              -87.1851273,
              30.8256187
            ],
            [
              -87.192688,
              30.8314209
            ],
            [
              -87.2001343,
              30.8373394
            ],
            [
              -87.2074585,
              30.8433704
            ],
            [
              -87.2146606,
              30.8495064
            ],
            [
              -87.2217331,
              30.8557453
            ],
            [
              -87.2286835,
              30.8620987
            ],
            [
              -87.2355042,
              30.8685455
            ],
            [
              -87.2421951,
              30.8750992
            ],
            [
              -87.2487411,
              30.8817482
            ],
            [
              -87.2551651,
              30.8884964
            ],
            [
              -87.2614441,
              30.89534
            ],
            [
              -87.2675934,
              30.9022732
            ],
            [
              -87.2735901,
              30.9092941
            ],
            [
              -87.2794495,
              30.9164124
            ],
            [
              -87.2851715,
              30.9236107
            ],
            [
              -87.2907333,
              30.9308987
            ],
            [
              -87.2961578,
              30.938261
            ],
            [
              -87.3014221,
              30.9457073
            ],
            [
              -87.3065491,
              30.9532337
            ],
            [
              -87.3115082,
              30.9608326
            ],
            [
              -87.3163223,
              30.9685059
            ],
            [
              -87.3209763,
              30.9762516
            ],
            [
              -87.32547,
              30.9840584
            ],
            [
              -87.3298111,
              30.9919376
            ],
            [
              -87.3339844,
              30.999876
            ],
            [
              -87.3379974,
              31.0078793
            ],
            [
              -87.3418579,
              31.0159378
            ],
            [
              -87.3455505,
              31.0240555
            ],
            [
              -87.3490753,
              31.0322247
            ],
            [
              -87.3524246,
              31.0404491
            ],
            [
              -87.3556137,
              31.0487194
            ],
            [
              -87.3586426,
              31.0570393
            ],
            [
              -87.3614883,
              31.0653992
            ],
            [
              -87.3641739,
              31.0737991
            ],
            [
              -87.366684,
              31.082243
            ],
            [
              -87.3690262,
              31.0907192
            ],
            [
              -87.3711853,
              31.0992298
            ],
            [
              -87.3731842,
              31.1077728
            ],
            [
              -87.375,
              31.1163425
            ],
            [
              -87.3766479,
              31.1249371
            ],
            [
              -87.3781128,
              31.1335602
            ],
            [
              -87.3794022,
              31.1421986
            ],
            [
              -87.3805237,
              31.1508579
            ],
            [
              -87.3814621,
              31.1595325
            ],
            [
              -87.382225,
              31.1682167
            ],
            [
              -87.3828125,
              31.1769161
            ],
            [
              -87.3832245,
              31.1856174
            ],
            [
              -87.3834534,
              31.1943264
            ],
            [
              -87.5780106,
              31.2034683
            ],
            [
              -87.5778732,
              31.2150784
            ],
            [
              -87.5774918,
              31.2266903
            ],
            [
              -87.5768814,
              31.2382908
            ],
            [
              -87.5760269,
              31.2498856
            ],
            [
              -87.5749359,
              31.2614632
            ],
            [
              -87.573616,
              31.2730236
            ],
            [
              -87.572052,
              31.2845592
            ],
            [
              -87.5702515,
              31.296072
            ],
            [
              -87.568222,
              31.3075523
            ],
            [
              -87.5659485,
              31.3190079
            ],
            [
              -87.5634537,
              31.3304214
            ],
            [
              -87.5607224,
              31.3418007
            ],
            [
              -87.5577469,
              31.3531303
            ],
            [
              -87.5545502,
              31.3644218
            ],
            [
              -87.5511169,
              31.375658
            ],
            [
              -87.5474548,
              31.3868484
            ],
            [
              -87.5435715,
              31.397974
            ],
            [
              -87.5394516,
              31.4090424
            ],
            [
              -87.5351028,
              31.4200497
            ],
            [
              -87.5305328,
              31.4309921
            ],
            [
              -87.5257416,
              31.4418583
            ],
            [
              -87.5207214,
              31.4526577
            ],
            [
              -87.51548,
              31.4633808
            ],
            [
              -87.510025,
              31.4740219
            ],
            [
              -87.5043488,
              31.4845791
            ],
            [
              -87.4984589,
              31.4950485
            ],
            [
              -87.4923477,
              31.5054283
            ],
            [
              -87.4860306,
              31.5157204
            ],
            [
              -87.4794998,
              31.5259113
            ],
            [
              -87.4727631,
              31.5360069
            ],
            [
              -87.4658127,
              31.5459957
            ],
            [
              -87.4586639,
              31.5558815
            ],
            [
              -87.4513092,
              31.5656624
            ],
            [
              -87.4437485,
              31.5753269
            ],
            [
              -87.4359894,
              31.5848789
            ],
            [
              -87.4280396,
              31.5943165
            ],
            [
              -87.419899,
              31.603632
            ],
            [
              -87.4115601,
              31.6128216
            ],
            [
              -87.403038,
              31.6218891
            ],
            [
              -87.3943253,
              31.630827
            ],
            [
              -87.385437,
              31.6396332
            ],
            [
              -87.376358,
              31.6483078
            ],
            [
              -87.3671036,
              31.6568394
            ],
            [
              -87.3576813,
              31.6652374
            ],
            [
              -87.3480759,
              31.6734905
            ],
            [
              -87.3383102,
              31.6815987
            ],
            [
              -87.3283691,
              31.6895599
            ],
            [
              -87.3182678,
              31.6973763
            ],
            [
              -87.3080063,
              31.7050323
            ],
            [
              -87.2975922,
              31.7125397
            ],
            [
              -87.2870178,
              31.7198925
            ],
            [
              -87.2762985,
              31.7270813
            ],
            [
              -87.265419,
              31.7341118
            ],
            [
              -87.2544098,
              31.7409744
            ],
            [
              -87.2432556,
              31.7476768
            ],
            [
              -87.2319641,
              31.7542095
            ],
            [
              -87.2205353,
              31.7605762
            ],
            [
              -87.2089767,
              31.7667675
            ],
            [
              -87.1972961,
              31.7727852
            ],
            [
              -87.1854858,
              31.7786255
            ],
            [
              -87.1735611,
              31.7842941
            ],
            [
              -87.1615219,
              31.7897778
            ],
            [
              -87.1493607,
              31.7950859
            ],
            [
              -87.1371002,
              31.800211
            ],
            [
              -87.124733,
              31.8051491
            ],
            [
              -87.1122589,
              31.8099079
            ],
            [
              -87.0996933,
              31.814476
            ],
            [
              -87.0870361,
              31.8188515
            ],
            [
              -87.0742874,
              31.8230457
            ],
            [
              -87.0614624,
              31.8270435
            ],
            [
              -87.0485458,
              31.8308525
            ],
            [
              -87.035553,
              31.834465
            ],
            [
              -87.0224838,
              31.8378811
            ],
            [
              -87.0093536,
              31.8411045
            ],
            [
              -86.9961472,
              31.8441296
            ],
            [
              -86.9828949,
              31.846962
            ],
            [
              -86.969574,
              31.8495903
            ],
            [
              -86.9561996,
              31.852026
            ],
            [
              -86.9427872,
              31.8542557
            ],
            [
              -86.9293213,
              31.856287
            ],
            [
              -86.9158173,
              31.8581142
            ],
            [
              -86.9022751,
              31.8597431
            ],
            [
              -86.8887024,
              31.8611717
            ],
            [
              -86.8751068,
              31.8623943
            ],
            [
              -86.8614883,
              31.8634109
            ],
            [
              -86.847847,
              31.8642273
            ],
            [
              -86.8341827,
              31.8648434
            ],
            [
              -86.8205261,
              31.8652496
            ],
            [
              -86.8068466,
              31.8654537
            ],
            [
              -86.7931671,
              31.8654537
            ]
          ]
        ]
      },
      "properties": {
        "RADII": 50,
        "STORMID": "al092026",
        "BASIN": "al",
        "STORMNUM": 9,
        "ADVNUM": "13A",
        "VALIDTIME": "2026101009",
        "SYNOPTIME": "2026100918",
        "TIMEZONE": "UTC",
        "TAU": 12,
        "NE": 40,
        "SE": 40,
        "SW": 30,
        "NW": 40,
        "nhc_product": "wind_radii",
        "atcf": "al092026",
        "storm_name": "Isaias",
        "storm_id": "09L"
      }
    },
    {
      "type": "Feature",
      "geometry": {
        "type": "Polygon",
        "coordinates": [
          [
            [
              -86.7966003,
              31.5327282
            ],
            [
              -86.7897873,
              31.5326214
            ],
            [
              -86.7829819,
              31.5324211
            ],
            [
              -86.7761765,
              31.5321159
            ],
            [
              -86.7693787,
              31.5317059
            ],
            [
              -86.7625885,
              31.5311985
            ],
            [
              -86.7558136,
              31.5305901
            ],
            [
              -86.749054,
              31.5298786
            ],
            [
              -86.7423019,
              31.5290737
            ],
            [
              -86.7355804,
              31.5281582
            ],
            [
              -86.7288666,
              31.5271473
            ],
            [
              -86.7221832,
              31.5260334
            ],
            [
              -86.7155151,
              31.524826
            ],
            [
              -86.7088852,
              31.52351
            ],
            [
              -86.7022705,
              31.5221004
            ],
            [
              -86.695694,
              31.5205936
            ],
            [
              -86.6891556,
              31.5189857
            ],
            [
              -86.6826324,
              31.5172844
            ],
            [
              -86.6761627,
              31.5154819
            ],
            [
              -86.6697235,
              31.5135899
            ],
            [
              -86.6633224,
              31.511591
            ],
            [
              -86.6569672,
              31.5095043
            ],
            [
              -86.6506577,
              31.5073223
            ],
            [
              -86.6443863,
              31.5050449
            ],
            [
              -86.6381683,
              31.5026741
            ],
            [
              -86.6320038,
              31.5002155
            ],
            [
              -86.625885,
              31.4976616
            ],
            [
              -86.6198196,
              31.495018
            ],
            [
              -86.6138153,
              31.4922829
            ],
            [
              -86.6078644,
              31.4894581
            ],
            [
              -86.6019745,
              31.4865417
            ],
            [
              -86.596138,
              31.4835434
            ],
            [
              -86.5903702,
              31.4804554
            ],
            [
              -86.584671,
              31.4772873
            ],
            [
              -86.5790253,
              31.4740295
            ],
            [
              -86.5734634,
              31.4706898
            ],
            [
              -86.5679626,
              31.467268
            ],
            [
              -86.5625305,
              31.4637604
            ],
            [
              -86.5571823,
              31.4601765
            ],
            [
              -86.5519028,
              31.4565086
            ],
            [
              -86.5466919,
              31.4527702
            ],
            [
              -86.5415649,
              31.4489479
            ],
            [
              -86.5365143,
              31.4450512
            ],
            [
              -86.5315552,
              31.4410801
            ],
            [
              -86.5266647,
              31.4370365
            ],
            [
              -86.5218658,
              31.4329185
            ],
            [
              -86.5171509,
              31.4287319
            ],
            [
              -86.5125198,
              31.4244766
            ],
            [
              -86.5079803,
              31.4201488
            ],
            [
              -86.5035248,
              31.4157543
            ],
            [
              -86.4991684,
              31.4112968
            ],
            [
              -86.4949036,
              31.4067745
            ],
            [
              -86.4907303,
              31.4021893
            ],
            [
              -86.4866486,
              31.397541
            ],
            [
              -86.482666,
              31.3928318
            ],
            [
              -86.4787827,
              31.3880672
            ],
            [
              -86.4749908,
              31.3832417
            ],
            [
              -86.4713058,
              31.3783627
            ],
            [
              -86.46772,
              31.3734303
            ],
            [
              -86.4642334,
              31.3684406
            ],
            [
              -86.4608459,
              31.3633995
            ],
            [
              -86.4575653,
              31.3583145
            ],
            [
              -86.4543991,
              31.353178
            ],
            [
              -86.4513321,
              31.3479977
            ],
            [
              -86.4483643,
              31.3427658
            ],
            [
              -86.4455109,
              31.3374977
            ],
            [
              -86.4427643,
              31.3321838
            ],
            [
              -86.4401321,
              31.3268356
            ],
            [
              -86.4375992,
              31.3214417
            ],
            [
              -86.4351883,
              31.3160133
            ],
            [
              -86.4328918,
              31.3105488
            ],
            [
              -86.4306946,
              31.3050499
            ],
            [
              -86.4286118,
              31.2995243
            ],
            [
              -86.426651,
              31.2939644
            ],
            [
              -86.4248047,
              31.2883739
            ],
            [
              -86.4230652,
              31.2827625
            ],
            [
              -86.4214401,
              31.2771206
            ],
            [
              -86.4199371,
              31.2714596
            ],
            [
              -86.4185486,
              31.2657738
            ],
            [
              -86.4172745,
              31.260067
            ],
            [
              -86.4161148,
              31.2543488
            ],
            [
              -86.4150772,
              31.2486057
            ],
            [
              -86.4141541,
              31.2428551
            ],
            [
              -86.413353,
              31.2370853
            ],
            [
              -86.4126663,
              31.2313118
            ],
            [
              -86.4121017,
              31.2255268
            ],
            [
              -86.4116516,
              31.2197304
            ],
            [
              -86.4113159,
              31.2139282
            ],
            [
              -86.4111023,
              31.2081261
            ],
            [
              -86.4110031,
              31.2023163
            ],
            [
              -86.4110336,
              31.1965122
            ],
            [
              -86.4111786,
              31.1907063
            ],
            [
              -86.411438,
              31.1849041
            ],
            [
              -86.4118118,
              31.1791019
            ],
            [
              -86.4123077,
              31.1733093
            ],
            [
              -86.4129257,
              31.1675282
            ],
            [
              -86.4136658,
              31.1617565
            ],
            [
              -86.4145126,
              31.1559944
            ],
            [
              -86.4154816,
              31.1502476
            ],
            [
              -86.4165649,
              31.1445122
            ],
            [
              -86.4177704,
              31.1387997
            ],
            [
              -86.4190826,
              31.1331005
            ],
            [
              -86.420517,
              31.1274242
            ],
            [
              -86.4220657,
              31.1217728
            ],
            [
              -86.4237289,
              31.1161404
            ],
            [
              -86.4255066,
              31.1105404
            ],
            [
              -86.4273987,
              31.1049633
            ],
            [
              -86.4293976,
              31.0994129
            ],
            [
              -86.4315186,
              31.093895
            ],
            [
              -86.433754,
              31.0884094
            ],
            [
              -86.4360886,
              31.0829601
            ],
            [
              -86.4385376,
              31.0775433
            ],
            [
              -86.4411011,
              31.0721684
            ],
            [
              -86.4437714,
              31.0668335
            ],
            [
              -86.4465408,
              31.061533
            ],
            [
              -86.4494324,
              31.0562763
            ],
            [
              -86.4524155,
              31.0510616
            ],
            [
              -86.4555206,
              31.0458984
            ],
            [
              -86.4587173,
              31.0407791
            ],
            [
              -86.4620209,
              31.0357075
            ],
            [
              -86.4654312,
              31.0306873
            ],
            [
              -86.4689331,
              31.0257225
            ],
            [
              -86.4725494,
              31.0208054
            ],
            [
              -86.4762497,
              31.0159416
            ],
            [
              -86.4800568,
              31.011137
            ],
            [
              -86.483963,
              31.0063934
            ],
            [
              -86.4879532,
              31.0017014
            ],
            [
              -86.4920502,
              30.997076
            ],
            [
              -86.4962311,
              30.9925079
            ],
            [
              -86.5005112,
              30.9880066
            ],
            [
              -86.5048828,
              30.9835663
            ],
            [
              -86.5093384,
              30.9791946
            ],
            [
              -86.5138855,
              30.9748878
            ],
            [
              -86.5185165,
              30.9706497
            ],
            [
              -86.5232315,
              30.9664841
            ],
            [
              -86.528038,
              30.962389
            ],
            [
              -86.5329208,
              30.9583626
            ],
            [
              -86.5378799,
              30.9544144
            ],
            [
              -86.542923,
              30.9505386
            ],
            [
              -86.5480423,
              30.9467373
            ],
            [
              -86.5532379,
              30.9430161
            ],
            [
              -86.5585098,
              30.9393673
            ],
            [
              -86.5638504,
              30.9358063
            ],
            [
              -86.5692673,
              30.9323196
            ],
            [
              -86.5747528,
              30.928915
            ],
            [
              -86.580307,
              30.9255924
            ],
            [
              -86.5859299,
              30.9223576
            ],
            [
              -86.5916138,
              30.9192047
            ],
            [
              -86.5973587,
              30.9161358
            ],
            [
              -86.6031647,
              30.9131546
            ],
            [
              -86.6090317,
              30.9102573
            ],
            [
              -86.6149597,
              30.9074497
            ],
            [
              -86.6209412,
              30.9047318
            ],
            [
              -86.626976,
              30.9021034
            ],
            [
              -86.6330643,
              30.8995686
            ],
            [
              -86.6392059,
              30.8971233
            ],
            [
              -86.6453934,
              30.8947678
            ],
            [
              -86.651619,
              30.8925056
            ],
            [
              -86.6578979,
              30.8903351
            ],
            [
              -86.6642227,
              30.8882637
            ],
            [
              -86.670578,
              30.8862801
            ],
            [
              -86.6769791,
              30.8843994
            ],
            [
              -86.6834183,
              30.8826084
            ],
            [
              -86.689888,
              30.8809147
            ],
            [
              -86.6963959,
              30.8793201
            ],
            [
              -86.7029343,
              30.8778248
            ],
            [
              -86.7095032,
              30.8764248
            ],
            [
              -86.716095,
              30.8751202
            ],
            [
              -86.7227173,
              30.8739185
            ],
            [
              -86.7293625,
              30.8728142
            ],
            [
              -86.7360229,
              30.8718109
            ],
            [
              -86.7427063,
              30.870903
            ],
            [
              -86.7494049,
              30.8700962
            ],
            [
              -86.7561188,
              30.8693924
            ],
            [
              -86.7628479,
              30.8687878
            ],
            [
              -86.7695923,
              30.8682823
            ],
            [
              -86.7763367,
              30.8678761
            ],
            [
              -86.7830963,
              30.8675766
            ],
            [
              -86.789856,
              30.8673782
            ],
            [
              -86.7966232,
              30.8672752
            ],
            [
              -86.8016968,
              31.033638
            ],
            [
              -86.8050842,
              31.0336895
            ],
            [
              -86.8084793,
              31.0337887
            ],
            [
              -86.8118591,
              31.0339394
            ],
            [
              -86.815239,
              31.0341434
            ],
            [
              -86.8186188,
              31.0343933
            ],
            [
              -86.8219833,
              31.0346966
            ],
            [
              -86.8253479,
              31.0350533
            ],
            [
              -86.8287048,
              31.0354557
            ],
            [
              -86.8320541,
              31.0359097
            ],
            [
              -86.8353882,
              31.0364113
            ],
            [
              -86.8387222,
              31.0369644
            ],
            [
              -86.8420334,
              31.0375652
            ],
            [
              -86.8453293,
              31.0382214
            ],
            [
              -86.8486252,
              31.0389214
            ],
            [
              -86.8518982,
              31.039669
            ],
            [
              -86.8551559,
              31.0404682
            ],
            [
              -86.8583984,
              31.0413151
            ],
            [
              -86.861618,
              31.0422134
            ],
            [
              -86.8648224,
              31.0431557
            ],
            [
              -86.8680115,
              31.0441475
            ],
            [
              -86.8711777,
              31.0451889
            ],
            [
              -86.874321,
              31.0462742
            ],
            [
              -86.8774414,
              31.0474052
            ],
            [
              -86.8805313,
              31.0485821
            ],
            [
              -86.883606,
              31.0498123
            ],
            [
              -86.8866577,
              31.0510788
            ],
            [
              -86.889679,
              31.0523949
            ],
            [
              -86.8926697,
              31.0537605
            ],
            [
              -86.8956375,
              31.0551605
            ],
            [
              -86.8985748,
              31.056612
            ],
            [
              -86.9014816,
              31.0581074
            ],
            [
              -86.9043579,
              31.0596409
            ],
            [
              -86.907196,
              31.0612221
            ],
            [
              -86.9100113,
              31.0628452
            ],
            [
              -86.912796,
              31.0645084
            ],
            [
              -86.9155426,
              31.0662079
            ],
            [
              -86.9182434,
              31.0679531
            ],
            [
              -86.9209213,
              31.0697422
            ],
            [
              -86.9235611,
              31.0715675
            ],
            [
              -86.9261551,
              31.073431
            ],
            [
              -86.9287109,
              31.0753307
            ],
            [
              -86.9312439,
              31.0772724
            ],
            [
              -86.9337234,
              31.0792503
            ],
            [
              -86.9361572,
              31.0812664
            ],
            [
              -86.9385605,
              31.0833149
            ],
            [
              -86.940918,
              31.0853977
            ],
            [
              -86.9432373,
              31.0875225
            ],
            [
              -86.9455109,
              31.0896797
            ],
            [
              -86.9477386,
              31.0918655
            ],
            [
              -86.9499207,
              31.0940895
            ],
            [
              -86.9520569,
              31.096344
            ],
            [
              -86.9541473,
              31.0986271
            ],
            [
              -86.956192,
              31.1009464
            ],
            [
              -86.9581909,
              31.1032925
            ],
            [
              -86.9601364,
              31.105669
            ],
            [
              -86.9620361,
              31.1080742
            ],
            [
              -86.9638901,
              31.1105061
            ],
            [
              -86.9656906,
              31.1129684
            ],
            [
              -86.9674454,
              31.1154499
            ],
            [
              -86.9691391,
              31.1179638
            ],
            [
              -86.9707947,
              31.1205025
            ],
            [
              -86.9723969,
              31.1230621
            ],
            [
              -86.973938,
              31.1256485
            ],
            [
              -86.9754257,
              31.1282578
            ],
            [
              -86.9768677,
              31.1308861
            ],
            [
              -86.9782486,
              31.1335373
            ],
            [
              -86.9795761,
              31.1362076
            ],
            [
              -86.9808578,
              31.1388988
            ],
            [
              -86.9820786,
              31.1416111
            ],
            [
              -86.9832382,
              31.1443329
            ],
            [
              -86.9843521,
              31.1470776
            ],
            [
              -86.985405,
              31.1498413
            ],
            [
              -86.9864044,
              31.1526146
            ],
            [
              -86.9873428,
              31.1554031
            ],
            [
              -86.9882278,
              31.1582069
            ],
            [
              -86.9890518,
              31.1610222
            ],
            [
              -86.9898224,
              31.1638489
            ],
            [
              -86.9905319,
              31.1666908
            ],
            [
              -86.991188,
              31.1695385
            ],
            [
              -86.9917831,
              31.1723976
            ],
            [
              -86.9923172,
              31.1752663
            ],
            [
              -86.9927979,
              31.1781406
            ],
            [
              -86.9932175,
              31.1810207
            ],
            [
              -86.9935837,
              31.1839104
            ],
            [
              -86.9938812,
              31.1867981
            ],
            [
              -86.9941177,
              31.1896954
            ],
            [
              -86.9943085,
              31.1925945
            ],
            [
              -86.9944382,
              31.1954975
            ],
            [
              -86.9944992,
              31.1984005
            ],
            [
              -86.9944992,
              31.2013035
            ],
            [
              -86.9944458,
              31.2042084
            ],
            [
              -86.994339,
              31.2071075
            ],
            [
              -86.9941711,
              31.2100105
            ],
            [
              -86.9939346,
              31.2129078
            ],
            [
              -86.9936447,
              31.2157993
            ],
            [
              -86.9932938,
              31.218689
            ],
            [
              -86.9928818,
              31.221571
            ],
            [
              -86.9924164,
              31.2244473
            ],
            [
              -86.9918976,
              31.2273159
            ],
            [
              -86.9913101,
              31.2301769
            ],
            [
              -86.9906693,
              31.2330265
            ],
            [
              -86.9899673,
              31.2358665
            ],
            [
              -86.989212,
              31.238699
            ],
            [
              -86.9883957,
              31.2415161
            ],
            [
              -86.9875259,
              31.2443256
            ],
            [
              -86.9865952,
              31.2471161
            ],
            [
              -86.9856033,
              31.2498932
            ],
            [
              -86.9845581,
              31.252655
            ],
            [
              -86.9834595,
              31.2554016
            ],
            [
              -86.9823074,
              31.2581329
            ],
            [
              -86.9810867,
              31.260849
            ],
            [
              -86.9798279,
              31.2635403
            ],
            [
              -86.9785004,
              31.2662163
            ],
            [
              -86.9771271,
              31.2688713
            ],
            [
              -86.9756927,
              31.2715034
            ],
            [
              -86.9742126,
              31.2741165
            ],
            [
              -86.9726715,
              31.2767048
            ],
            [
              -86.9710846,
              31.2792702
            ],
            [
              -86.9694366,
              31.2818146
            ],
            [
              -86.9677429,
              31.2843304
            ],
            [
              -86.9660034,
              31.2868195
            ],
            [
              -86.9642029,
              31.2892857
            ],
            [
              -86.9623566,
              31.2917252
            ],
            [
              -86.9604645,
              31.2941322
            ],
            [
              -86.9585114,
              31.2965164
            ],
            [
              -86.9565201,
              31.2988644
            ],
            [
              -86.9544754,
              31.3011875
            ],
            [
              -86.9523926,
              31.3034782
            ],
            [
              -86.9502563,
              31.3057365
            ],
            [
              -86.9480743,
              31.3079624
            ],
            [
              -86.9458542,
              31.3101559
            ],
            [
              -86.9435806,
              31.3123131
            ],
            [
              -86.9412613,
              31.3144417
            ],
            [
              -86.9389038,
              31.316534
            ],
            [
              -86.9365082,
              31.3185902
            ],
            [
              -86.9340591,
              31.32061
            ],
            [
              -86.9315796,
              31.3225937
            ],
            [
              -86.9290543,
              31.3245392
            ],
            [
              -86.9264984,
              31.3264446
            ],
            [
              -86.9238892,
              31.3283138
            ],
            [
              -86.921257,
              31.3301449
            ],
            [
              -86.9185791,
              31.3319378
            ],
            [
              -86.9158707,
              31.333683
            ],
            [
              -86.9131165,
              31.3353939
            ],
            [
              -86.9103317,
              31.3370628
            ],
            [
              -86.9075241,
              31.3386879
            ],
            [
              -86.9046631,
              31.3402729
            ],
            [
              -86.9017868,
              31.3418102
            ],
            [
              -86.8988724,
              31.3433132
            ],
            [
              -86.8959274,
              31.3447609
            ],
            [
              -86.8929596,
              31.3461742
            ],
            [
              -86.8899612,
              31.347538
            ],
            [
              -86.8869247,
              31.3488617
            ],
            [
              -86.883873,
              31.350132
            ],
            [
              -86.8807907,
              31.351366
            ],
            [
              -86.8776932,
              31.3525467
            ],
            [
              -86.8745575,
              31.3536835
            ],
            [
              -86.8714066,
              31.3547745
            ],
            [
              -86.8682327,
              31.3558159
            ],
            [
              -86.8650436,
              31.3568096
            ],
            [
              -86.861824,
              31.3577557
            ],
            [
              -86.8585968,
              31.358654
            ],
            [
              -86.8553467,
              31.3595066
            ],
            [
              -86.8520737,
              31.3603058
            ],
            [
              -86.8487854,
              31.3610573
            ],
            [
              -86.8454895,
              31.3617611
            ],
            [
              -86.8421783,
              31.3624172
            ],
            [
              -86.8388519,
              31.3630238
            ],
            [
              -86.8355179,
              31.3635788
            ],
            [
              -86.8321609,
              31.3640842
            ],
            [
              -86.8288116,
              31.3645382
            ],
            [
              -86.8254395,
              31.3649445
            ],
            [
              -86.8220596,
              31.3652992
            ],
            [
              -86.8186798,
              31.3656025
            ],
            [
              -86.8152924,
              31.3658524
            ],
            [
              -86.8119049,
              31.3660564
            ],
            [
              -86.8085022,
              31.3662109
            ],
            [
              -86.8051071,
              31.3663101
            ],
            [
              -86.8017044,
              31.3663616
            ],
            [
              -86.7966003,
              31.5327282
            ]
          ]
        ]
      },
      "properties": {
        "RADII": 64,
        "STORMID": "al092026",
        "BASIN": "al",
        "STORMNUM": 9,
        "ADVNUM": "13A",
        "VALIDTIME": "2026101009",
        "SYNOPTIME": "2026100918",
        "TIMEZONE": "UTC",
        "TAU": 12,
        "NE": 20,
        "SE": 20,
        "SW": 10,
        "NW": 10,
        "nhc_product": "wind_radii",
        "atcf": "al092026",
        "storm_name": "Isaias",
        "storm_id": "09L"
      }
    },
    {
      "type": "Feature",
      "geometry": {
        "type": "Polygon",
        "coordinates": [
          [
            [
              -87.1894455,
              34.3981781
            ],
            [
              -87.168335,
              34.3978729
            ],
            [
              -87.1472397,
              34.3972549
            ],
            [
              -87.126152,
              34.3963356
            ],
            [
              -87.1050949,
              34.3951035
            ],
            [
              -87.0840683,
              34.3935699
            ],
            [
              -87.0630722,
              34.3917274
            ],
            [
              -87.0421219,
              34.3895798
            ],
            [
              -87.021225,
              34.3871269
            ],
            [
              -87.0003738,
              34.3843689
            ],
            [
              -86.979599,
              34.3813095
            ],
            [
              -86.9588852,
              34.3779488
            ],
            [
              -86.9382477,
              34.374279
            ],
            [
              -86.9176941,
              34.3703194
            ],
            [
              -86.8972321,
              34.3660545
            ],
            [
              -86.8768692,
              34.361496
            ],
            [
              -86.8565979,
              34.3566399
            ],
            [
              -86.836441,
              34.35149
            ],
            [
              -86.816391,
              34.3460464
            ],
            [
              -86.7964783,
              34.3403091
            ],
            [
              -86.7766724,
              34.3342896
            ],
            [
              -86.7570114,
              34.3279762
            ],
            [
              -86.7374878,
              34.3213768
            ],
            [
              -86.7181091,
              34.3144951
            ],
            [
              -86.6988831,
              34.3073387
            ],
            [
              -86.6798172,
              34.2998962
            ],
            [
              -86.6609116,
              34.2921791
            ],
            [
              -86.6421738,
              34.2841873
            ],
            [
              -86.6236191,
              34.2759247
            ],
            [
              -86.6052399,
              34.2673912
            ],
            [
              -86.5870438,
              34.2585945
            ],
            [
              -86.569046,
              34.249527
            ],
            [
              -86.551239,
              34.2402039
            ],
            [
              -86.5336456,
              34.2306252
            ],
            [
              -86.5162506,
              34.2207909
            ],
            [
              -86.4990768,
              34.210701
            ],
            [
              -86.4821167,
              34.200367
            ],
            [
              -86.4653854,
              34.1897812
            ],
            [
              -86.4488831,
              34.1789551
            ],
            [
              -86.4326248,
              34.1678963
            ],
            [
              -86.4165955,
              34.1565933
            ],
            [
              -86.4008179,
              34.1450653
            ],
            [
              -86.3852844,
              34.1333122
            ],
            [
              -86.3700027,
              34.1213226
            ],
            [
              -86.3549881,
              34.1091232
            ],
            [
              -86.3402405,
              34.0967026
            ],
            [
              -86.3257523,
              34.0840721
            ],
            [
              -86.3115387,
              34.071228
            ],
            [
              -86.2976074,
              34.0581856
            ],
            [
              -86.2839508,
              34.0449295
            ],
            [
              -86.2705765,
              34.0314865
            ],
            [
              -86.2574997,
              34.017849
            ],
            [
              -86.2447128,
              34.0040283
            ],
            [
              -86.2322235,
              33.9900131
            ],
            [
              -86.2200317,
              33.9758263
            ],
            [
              -86.2081528,
              33.9614639
            ],
            [
              -86.196579,
              33.9469261
            ],
            [
              -86.185318,
              33.9322243
            ],
            [
              -86.1743698,
              33.9173622
            ],
            [
              -86.1637344,
              33.9023323
            ],
            [
              -86.1534271,
              33.8871613
            ],
            [
              -86.1434326,
              33.8718376
            ],
            [
              -86.1337738,
              33.8563728
            ],
            [
              -86.1244431,
              33.8407745
            ],
            [
              -86.115448,
              33.8250351
            ],
            [
              -86.1067886,
              33.8091698
            ],
            [
              -86.0984726,
              33.7931824
            ],
            [
              -86.0904846,
              33.7770767
            ],
            [
              -86.08284,
              33.7608528
            ],
            [
              -86.0755463,
              33.7445221
            ],
            [
              -86.0685959,
              33.7280846
            ],
            [
              -86.0619888,
              33.7115555
            ],
            [
              -86.0557404,
              33.6949234
            ],
            [
              -86.0498428,
              33.678215
            ],
            [
              -86.0442963,
              33.6614113
            ],
            [
              -86.0391083,
              33.6445351
            ],
            [
              -86.0342712,
              33.6275864
            ],
            [
              -86.0297928,
              33.6105728
            ],
            [
              -86.0256805,
              33.5934906
            ],
            [
              -86.0219269,
              33.5763474
            ],
            [
              -86.0185242,
              33.5591621
            ],
            [
              -86.0154877,
              33.5419235
            ],
            [
              -86.0128174,
              33.5246468
            ],
            [
              -86.0105133,
              33.5073318
            ],
            [
              -86.0085678,
              33.4899864
            ],
            [
              -86.0069809,
              33.4726143
            ],
            [
              -86.0057602,
              33.4552269
            ],
            [
              -86.0049133,
              33.4378204
            ],
            [
              -86.0044174,
              33.4204025
            ],
            [
              -86.0042953,
              33.4029846
            ],
            [
              -86.402977,
              33.391655
            ],
            [
              -86.4033279,
              33.380043
            ],
            [
              -86.403923,
              33.3684349
            ],
            [
              -86.4047546,
              33.356842
            ],
            [
              -86.4058304,
              33.3452644
            ],
            [
              -86.4071503,
              33.3336983
            ],
            [
              -86.4087067,
              33.3221626
            ],
            [
              -86.4104996,
              33.3106461
            ],
            [
              -86.4125443,
              33.2991562
            ],
            [
              -86.4148178,
              33.2876968
            ],
            [
              -86.4173279,
              33.2762794
            ],
            [
              -86.4200821,
              33.2648926
            ],
            [
              -86.4230728,
              33.2535477
            ],
            [
              -86.4263,
              33.2422485
            ],
            [
              -86.4297638,
              33.2310028
            ],
            [
              -86.4334488,
              33.2198105
            ],
            [
              -86.4373779,
              33.2086678
            ],
            [
              -86.4415283,
              33.1975861
            ],
            [
              -86.4459152,
              33.1865654
            ],
            [
              -86.4505234,
              33.1756096
            ],
            [
              -86.455368,
              33.1647224
            ],
            [
              -86.4604263,
              33.1539154
            ],
            [
              -86.4657135,
              33.1431732
            ],
            [
              -86.4712296,
              33.132515
            ],
            [
              -86.4769516,
              33.1219406
            ],
            [
              -86.4829025,
              33.1114502
            ],
            [
              -86.4890594,
              33.1010437
            ],
            [
              -86.4954376,
              33.0907288
            ],
            [
              -86.5020294,
              33.080513
            ],
            [
              -86.5088272,
              33.0703926
            ],
            [
              -86.5158386,
              33.0603714
            ],
            [
              -86.523056,
              33.0504532
            ],
            [
              -86.5304718,
              33.0406456
            ],
            [
              -86.5380859,
              33.0309486
            ],
            [
              -86.5459061,
              33.0213623
            ],
            [
              -86.5539246,
              33.0118866
            ],
            [
              -86.5621338,
              33.0025291
            ],
            [
              -86.5705338,
              32.9932976
            ],
            [
              -86.5791245,
              32.9841881
            ],
            [
              -86.5878983,
              32.9752083
            ],
            [
              -86.5968628,
              32.9663544
            ],
            [
              -86.6060028,
              32.957634
            ],
            [
              -86.6153183,
              32.9490433
            ],
            [
              -86.6248169,
              32.9405899
            ],
            [
              -86.6344833,
              32.9322815
            ],
            [
              -86.6443176,
              32.9241142
            ],
            [
              -86.6543274,
              32.9160881
            ],
            [
              -86.6644897,
              32.9082146
            ],
            [
              -86.6748123,
              32.900486
            ],
            [
              -86.6853027,
              32.8929062
            ],
            [
              -86.6959381,
              32.8854866
            ],
            [
              -86.7067261,
              32.8782196
            ],
            [
              -86.717659,
              32.8711128
            ],
            [
              -86.7287445,
              32.8641663
            ],
            [
              -86.7399673,
              32.8573837
            ],
            [
              -86.7513275,
              32.8507576
            ],
            [
              -86.762825,
              32.8443108
            ],
            [
              -86.7744446,
              32.8380203
            ],
            [
              -86.7861938,
              32.8319054
            ],
            [
              -86.7980728,
              32.8259621
            ],
            [
              -86.8100662,
              32.8201904
            ],
            [
              -86.8221741,
              32.8145981
            ],
            [
              -86.834404,
              32.809185
            ],
            [
              -86.8467407,
              32.8039513
            ],
            [
              -86.8591766,
              32.7988892
            ],
            [
              -86.8717194,
              32.794014
            ],
            [
              -86.8843536,
              32.7893219
            ],
            [
              -86.8970871,
              32.7848167
            ],
            [
              -86.9099121,
              32.7804947
            ],
            [
              -86.922821,
              32.7763672
            ],
            [
              -86.9358139,
              32.7724228
            ],
            [
              -86.9488831,
              32.7686653
            ],
            [
              -86.9620285,
              32.7651024
            ],
            [
              -86.9752502,
              32.761734
            ],
            [
              -86.988533,
              32.7585487
            ],
            [
              -87.0018768,
              32.7555695
            ],
            [
              -87.0152893,
              32.7527771
            ],
            [
              -87.0287399,
              32.7501869
            ],
            [
              -87.0422592,
              32.7477837
            ],
            [
              -87.0558167,
              32.7455902
            ],
            [
              -87.0694199,
              32.7435875
            ],
            [
              -87.0830536,
              32.7417831
            ],
            [
              -87.0967407,
              32.7401772
            ],
            [
              -87.1104355,
              32.7387733
            ],
            [
              -87.124176,
              32.7375717
            ],
            [
              -87.1379318,
              32.7365646
            ],
            [
              -87.1517029,
              32.7357597
            ],
            [
              -87.1654968,
              32.735157
            ],
            [
              -87.1792908,
              32.7347527
            ],
            [
              -87.1931,
              32.7345543
            ],
            [
              -87.2000046,
              33.4000092
            ],
            [
              -87.2000046,
              33.4000092
            ],
            [
              -87.2000046,
              33.4000092
            ],
            [
              -87.2000046,
              33.4000092
            ],
            [
              -87.2000046,
              33.4000092
            ],
            [
              -87.2000046,
              33.4000092
            ],
            [
              -87.2000046,
              33.4000092
            ],
            [
              -87.2000046,
              33.4000092
            ],
            [
              -87.2000046,
              33.4000092
            ],
            [
              -87.2000046,
              33.4000092
            ],
            [
              -87.2000046,
              33.4000092
            ],
            [
              -87.2000046,
              33.4000092
            ],
            [
              -87.2000046,
              33.4000092
            ],
            [
              -87.2000046,
              33.4000092
            ],
            [
              -87.2000046,
              33.4000092
            ],
            [
              -87.2000046,
              33.4000092
            ],
            [
              -87.2000046,
              33.4000092
            ],
            [
              -87.2000046,
              33.4000092
            ],
            [
              -87.2000046,
              33.4000092
            ],
            [
              -87.2000046,
              33.4000092
            ],
            [
              -87.2000046,
              33.4000092
            ],
            [
              -87.2000046,
              33.4000092
            ],
            [
              -87.2000046,
              33.4000092
            ],
            [
              -87.2000046,
              33.4000092
            ],
            [
              -87.2000046,
              33.4000092
            ],
            [
              -87.2000046,
              33.4000092
            ],
            [
              -87.2000046,
              33.4000092
            ],
            [
              -87.2000046,
              33.4000092
            ],
            [
              -87.2000046,
              33.4000092
            ],
            [
              -87.2000046,
              33.4000092
            ],
            [
              -87.2000046,
              33.4000092
            ],
            [
              -87.2000046,
              33.4000092
            ],
            [
              -87.2000046,
              33.4000092
            ],
            [
              -87.2000046,
              33.4000092
            ],
            [
              -87.2000046,
              33.4000092
            ],
            [
              -87.2000046,
              33.4000092
            ],
            [
              -87.2000046,
              33.4000092
            ],
            [
              -87.2000046,
              33.4000092
            ],
            [
              -87.2000046,
              33.4000092
            ],
            [
              -87.2000046,
              33.4000092
            ],
            [
              -87.2000046,
              33.4000092
            ],
            [
              -87.2000046,
              33.4000092
            ],
            [
              -87.2000046,
              33.4000092
            ],
            [
              -87.2000046,
              33.4000092
            ],
            [
              -87.2000046,
              33.4000092
            ],
            [
              -87.2000046,
              33.4000092
            ],
            [
              -87.2000046,
              33.4000092
            ],
            [
              -87.2000046,
              33.4000092
            ],
            [
              -87.2000046,
              33.4000092
            ],
            [
              -87.2000046,
              33.4000092
            ],
            [
              -87.2000046,
              33.4000092
            ],
            [
              -87.2000046,
              33.4000092
            ],
            [
              -87.2000046,
              33.4000092
            ],
            [
              -87.2000046,
              33.4000092
            ],
            [
              -87.2000046,
              33.4000092
            ],
            [
              -87.2000046,
              33.4000092
            ],
            [
              -87.2000046,
              33.4000092
            ],
            [
              -87.2000046,
              33.4000092
            ],
            [
              -87.2000046,
              33.4000092
            ],
            [
              -87.2000046,
              33.4000092
            ],
            [
              -87.2000046,
              33.4000092
            ],
            [
              -87.2000046,
              33.4000092
            ],
            [
              -87.2000046,
              33.4000092
            ],
            [
              -87.2000046,
              33.4000092
            ],
            [
              -87.2000046,
              33.4000092
            ],
            [
              -87.2000046,
              33.4000092
            ],
            [
              -87.2000046,
              33.4000092
            ],
            [
              -87.2000046,
              33.4000092
            ],
            [
              -87.2000046,
              33.4000092
            ],
            [
              -87.2000046,
              33.4000092
            ],
            [
              -87.2000046,
              33.4000092
            ],
            [
              -87.2000046,
              33.4000092
            ],
            [
              -87.2000046,
              33.4000092
            ],
            [
              -87.2000046,
              33.4000092
            ],
            [
              -87.2000046,
              33.4000092
            ],
            [
              -87.2000046,
              33.4000092
            ],
            [
              -87.2000046,
              33.4000092
            ],
            [
              -87.2000046,
              33.4000092
            ],
            [
              -87.2000046,
              33.4000092
            ],
            [
              -87.2000046,
              33.4000092
            ],
            [
              -87.2000046,
              33.4000092
            ],
            [
              -87.2000046,
              33.4000092
            ],
            [
              -87.2000046,
              33.4000092
            ],
            [
              -87.2000046,
              33.4000092
            ],
            [
              -87.2000046,
              33.4000092
            ],
            [
              -87.2000046,
              33.4000092
            ],
            [
              -87.2000046,
              33.4000092
            ],
            [
              -87.2000046,
              33.4000092
            ],
            [
              -87.2000046,
              33.4000092
            ],
            [
              -87.2000046,
              33.4000092
            ],
            [
              -87.9971313,
              33.4032631
            ],
            [
              -87.9970016,
              33.414875
            ],
            [
              -87.9966125,
              33.4264832
            ],
            [
              -87.9959946,
              33.4380875
            ],
            [
              -87.9951324,
              33.4496803
            ],
            [
              -87.9940262,
              33.4612579
            ],
            [
              -87.9926758,
              33.4728165
            ],
            [
              -87.9910812,
              33.4843521
            ],
            [
              -87.9892502,
              33.4958687
            ],
            [
              -87.987175,
              33.5073547
            ],
            [
              -87.9848633,
              33.5188065
            ],
            [
              -87.9823074,
              33.5302238
            ],
            [
              -87.9795151,
              33.5415993
            ],
            [
              -87.9764786,
              33.5529404
            ],
            [
              -87.9732056,
              33.5642281
            ],
            [
              -87.969696,
              33.57547
            ],
            [
              -87.9659576,
              33.5866547
            ],
            [
              -87.9619827,
              33.5977859
            ],
            [
              -87.9577637,
              33.60886
            ],
            [
              -87.9533157,
              33.6198692
            ],
            [
              -87.9486465,
              33.6308098
            ],
            [
              -87.9437408,
              33.6416817
            ],
            [
              -87.9386063,
              33.6524811
            ],
            [
              -87.9332428,
              33.663208
            ],
            [
              -87.9276581,
              33.673851
            ],
            [
              -87.9218521,
              33.6844101
            ],
            [
              -87.9158173,
              33.6948853
            ],
            [
              -87.9095612,
              33.705265
            ],
            [
              -87.9030991,
              33.7155571
            ],
            [
              -87.8964081,
              33.7257576
            ],
            [
              -87.8895035,
              33.7358513
            ],
            [
              -87.8823929,
              33.7458458
            ],
            [
              -87.8750687,
              33.7557373
            ],
            [
              -87.8675385,
              33.7655182
            ],
            [
              -87.8598022,
              33.7751884
            ],
            [
              -87.85186,
              33.7847443
            ],
            [
              -87.8437119,
              33.7941856
            ],
            [
              -87.8353653,
              33.8035011
            ],
            [
              -87.826828,
              33.8127022
            ],
            [
              -87.8181,
              33.8217697
            ],
            [
              -87.8091736,
              33.8307076
            ],
            [
              -87.8000641,
              33.8395195
            ],
            [
              -87.7907639,
              33.8481941
            ],
            [
              -87.7812881,
              33.8567314
            ],
            [
              -87.7716293,
              33.8651352
            ],
            [
              -87.761795,
              33.8733864
            ],
            [
              -87.7517776,
              33.8815041
            ],
            [
              -87.7416,
              33.8894691
            ],
            [
              -87.7312469,
              33.8972855
            ],
            [
              -87.7207336,
              33.9049492
            ],
            [
              -87.7100601,
              33.9124565
            ],
            [
              -87.6992264,
              33.9198112
            ],
            [
              -87.6882401,
              33.9270058
            ],
            [
              -87.6771011,
              33.9340401
            ],
            [
              -87.6658173,
              33.9409103
            ],
            [
              -87.6543808,
              33.9476128
            ],
            [
              -87.642807,
              33.9541473
            ],
            [
              -87.6310959,
              33.9605141
            ],
            [
              -87.6192474,
              33.966713
            ],
            [
              -87.6072769,
              33.9727325
            ],
            [
              -87.5951691,
              33.9785805
            ],
            [
              -87.5829544,
              33.9842491
            ],
            [
              -87.5706024,
              33.9897346
            ],
            [
              -87.5581436,
              33.9950485
            ],
            [
              -87.545578,
              34.0001755
            ],
            [
              -87.5328979,
              34.0051193
            ],
            [
              -87.5201187,
              34.0098763
            ],
            [
              -87.5072403,
              34.0144463
            ],
            [
              -87.4942627,
              34.0188293
            ],
            [
              -87.4811935,
              34.0230217
            ],
            [
              -87.4680328,
              34.0270195
            ],
            [
              -87.4547958,
              34.0308342
            ],
            [
              -87.4414749,
              34.0344467
            ],
            [
              -87.4280853,
              34.0378647
            ],
            [
              -87.4146194,
              34.0410957
            ],
            [
              -87.4010925,
              34.0441208
            ],
            [
              -87.3874893,
              34.0469513
            ],
            [
              -87.373848,
              34.0495872
            ],
            [
              -87.3601379,
              34.0520172
            ],
            [
              -87.3463821,
              34.0542526
            ],
            [
              -87.3325806,
              34.056282
            ],
            [
              -87.3187332,
              34.0581131
            ],
            [
              -87.3048553,
              34.0597458
            ],
            [
              -87.2909393,
              34.0611687
            ],
            [
              -87.2770004,
              34.0623932
            ],
            [
              -87.263031,
              34.0634155
            ],
            [
              -87.2490463,
              34.0642319
            ],
            [
              -87.2350464,
              34.064846
            ],
            [
              -87.2210312,
              34.0652542
            ],
            [
              -87.207016,
              34.0654564
            ],
            [
              -87.1894455,
              34.3981781
            ]
          ]
        ]
      },
      "properties": {
        "RADII": 34,
        "STORMID": "al092026",
        "BASIN": "al",
        "STORMNUM": 9,
        "ADVNUM": "13A",
        "VALIDTIME": "2026101021",
        "SYNOPTIME": "2026100918",
        "TIMEZONE": "UTC",
        "TAU": 24,
        "NE": 60,
        "SE": 40,
        "SW": 0,
        "NW": 40,
        "nhc_product": "wind_radii",
        "atcf": "al092026",
        "storm_name": "Isaias",
        "storm_id": "09L"
      }
    },
    {
      "type": "Feature",
      "geometry": null,
      "properties": {
        "nhc_product": "metadata",
        "basin": "atlantic",
        "generated_at": "2026-10-10T00:30:00.699564+00:00",
        "active_storms": 1,
        "gtwo_areas": 0
      }
    }
  ]
}