{
  "type": "FeatureCollection",
  "features": [
    {
      "type": "Feature",
      "geometry": {
        "type": "Point",
        "coordinates": [
          -116.7,
          27.4
        ]
      },
      "properties": {
        "nhc_product": "storm_position",
        "storm_id": "18E",
        "atcf": "ep182026",
        "wallet": "EP3",
        "name": "Rachel",
        "type": "Tropical Storm",
        "wind_mph": "65 mph",
        "pressure_mb": "989 mb",
        "movement": "NNE at 30 mph",
        "headline": "...RACHEL HOLDING STEADY AND MOVING QUICKLY NORTH-NORTHEASTWARD... ...TROPICAL STORM CONDITIONS EXPECTED IN PORTIONS OF THE BAJA CALIFORNIA PENINSULA THIS EVENING...",
        "datetime_str": "5:00 PM PDT Sat Oct 10",
        "advisory_number": "055A"
      }
    },
    {
      "type": "Feature",
      "geometry": {
        "type": "Polygon",
        "coordinates": [
          [
            [
              -116.76133,
              27.13885
            ],
            [
              -116.74062,
              27.13598
            ],
            [
              -116.71841,
              27.13507
            ],
            [
              -116.70708,
              27.13552
            ],
            [
              -116.67113,
              27.13839
            ],
            [
              -116.64755,
              27.14252
            ],
            [
              -116.62454,
              27.14791
            ],
            [
              -116.60245,
              27.15444
            ],
            [
              -116.58162,
              27.16224
            ],
            [
              -116.56194,
              27.17118
            ],
            [
              -116.54338,
              27.18127
            ],
            [
              -116.51775,
              27.19859
            ],
            [
              -116.50996,
              27.20512
            ],
            [
              -116.49474,
              27.21854
            ],
            [
              -116.47334,
              27.2401
            ],
            [
              -116.45353,
              27.26326
            ],
            [
              -116.4414,
              27.27977
            ],
            [
              -116.4303,
              27.29731
            ],
            [
              -116.42503,
              27.30637
            ],
            [
              -116.41222,
              27.33652
            ],
            [
              -116.40556,
              27.35854
            ],
            [
              -116.40018,
              27.38182
            ],
            [
              -116.39584,
              27.40612
            ],
            [
              -116.39207,
              27.43101
            ],
            [
              -116.38817,
              27.45577
            ],
            [
              -116.38393,
              27.48019
            ],
            [
              -116.37959,
              27.50451
            ],
            [
              -116.37523,
              27.52881
            ],
            [
              -116.371,
              27.55323
            ],
            [
              -116.36711,
              27.578
            ],
            [
              -116.36345,
              27.603
            ],
            [
              -116.35956,
              27.62777
            ],
            [
              -116.35532,
              27.65219
            ],
            [
              -116.35097,
              27.67649
            ],
            [
              -116.34673,
              27.70092
            ],
            [
              -116.34285,
              27.72569
            ],
            [
              -116.33952,
              27.75102
            ],
            [
              -116.33666,
              27.77682
            ],
            [
              -116.3338,
              27.80262
            ],
            [
              -116.33048,
              27.82796
            ],
            [
              -116.32658,
              27.85273
            ],
            [
              -116.32236,
              27.87715
            ],
            [
              -116.31812,
              27.90157
            ],
            [
              -116.31433,
              27.92646
            ],
            [
              -116.31137,
              27.95214
            ],
            [
              -116.30907,
              27.97851
            ],
            [
              -116.30701,
              28.00511
            ],
            [
              -116.30472,
              28.03148
            ],
            [
              -116.30176,
              28.05717
            ],
            [
              -116.29797,
              28.08205
            ],
            [
              -116.29374,
              28.10647
            ],
            [
              -116.28951,
              28.1309
            ],
            [
              -116.28572,
              28.15578
            ],
            [
              -116.28286,
              28.18158
            ],
            [
              -116.28092,
              28.20829
            ],
            [
              -116.27942,
              28.23547
            ],
            [
              -116.27794,
              28.26264
            ],
            [
              -116.27599,
              28.28936
            ],
            [
              -116.27312,
              28.31516
            ],
            [
              -116.26936,
              28.34004
            ],
            [
              -116.26512,
              28.36446
            ],
            [
              -116.26089,
              28.38888
            ],
            [
              -116.25711,
              28.41376
            ],
            [
              -116.25414,
              28.43945
            ],
            [
              -116.25185,
              28.46582
            ],
            [
              -116.24978,
              28.49242
            ],
            [
              -116.24749,
              28.5188
            ],
            [
              -116.24451,
              28.54448
            ],
            [
              -116.24074,
              28.56936
            ],
            [
              -116.2365,
              28.59378
            ],
            [
              -116.23227,
              28.61821
            ],
            [
              -116.22849,
              28.64309
            ],
            [
              -116.22551,
              28.66877
            ],
            [
              -116.22322,
              28.69514
            ],
            [
              -116.22116,
              28.72174
            ],
            [
              -116.21887,
              28.74812
            ],
            [
              -116.2159,
              28.7738
            ],
            [
              -116.21213,
              28.79868
            ],
            [
              -116.20788,
              28.8231
            ],
            [
              -116.20354,
              28.84741
            ],
            [
              -116.19931,
              28.87183
            ],
            [
              -116.19541,
              28.8966
            ],
            [
              -116.19175,
              28.9216
            ],
            [
              -116.18785,
              28.94637
            ],
            [
              -116.18362,
              28.97079
            ],
            [
              -116.17915,
              28.99498
            ],
            [
              -116.17445,
              29.01894
            ],
            [
              -116.16965,
              29.04279
            ],
            [
              -116.16496,
              29.06676
            ],
            [
              -116.16026,
              29.09072
            ],
            [
              -116.15546,
              29.11457
            ],
            [
              -116.15065,
              29.13842
            ],
            [
              -116.14584,
              29.16227
            ],
            [
              -116.14104,
              29.18612
            ],
            [
              -116.13634,
              29.21009
            ],
            [
              -116.13165,
              29.23405
            ],
            [
              -116.12685,
              29.2579
            ],
            [
              -116.12204,
              29.28175
            ],
            [
              -116.11722,
              29.3056
            ],
            [
              -116.11241,
              29.32945
            ],
            [
              -116.10773,
              29.35341
            ],
            [
              -116.10292,
              29.37726
            ],
            [
              -116.09765,
              29.40065
            ],
            [
              -116.09193,
              29.42359
            ],
            [
              -116.08575,
              29.44606
            ],
            [
              -116.0791,
              29.46807
            ],
            [
              -116.07236,
              29.48997
            ],
            [
              -116.06583,
              29.5121
            ],
            [
              -116.05954,
              29.53446
            ],
            [
              -116.05347,
              29.55705
            ],
            [
              -116.04764,
              29.57987
            ],
            [
              -116.04192,
              29.6028
            ],
            [
              -116.03619,
              29.62573
            ],
            [
              -116.03046,
              29.64867
            ],
            [
              -116.02473,
              29.6716
            ],
            [
              -116.01889,
              29.69442
            ],
            [
              -116.01283,
              29.717
            ],
            [
              -116.00653,
              29.73936
            ],
            [
              -116.00002,
              29.76149
            ],
            [
              -115.99326,
              29.78339
            ],
            [
              -115.98651,
              29.80529
            ],
            [
              -115.97997,
              29.82742
            ],
            [
              -115.97368,
              29.84978
            ],
            [
              -115.96762,
              29.87237
            ],
            [
              -115.96167,
              29.89507
            ],
            [
              -115.9556,
              29.91766
            ],
            [
              -115.94931,
              29.94002
            ],
            [
              -115.94278,
              29.96215
            ],
            [
              -115.93593,
              29.98393
            ],
            [
              -115.92882,
              30.00549
            ],
            [
              -115.92173,
              30.02705
            ],
            [
              -115.91463,
              30.0486
            ],
            [
              -115.90742,
              30.07004
            ],
            [
              -115.90376,
              30.08071
            ],
            [
              -115.89665,
              30.10226
            ],
            [
              -115.88601,
              30.1346
            ],
            [
              -115.8788,
              30.15604
            ],
            [
              -115.87158,
              30.17748
            ],
            [
              -115.86449,
              30.19904
            ],
            [
              -115.85738,
              30.22059
            ],
            [
              -115.85017,
              30.24204
            ],
            [
              -115.84651,
              30.2527
            ],
            [
              -115.83587,
              30.28503
            ],
            [
              -115.82877,
              30.30659
            ],
            [
              -115.82156,
              30.32803
            ],
            [
              -115.81789,
              30.3387
            ],
            [
              -115.80726,
              30.37103
            ],
            [
              -115.80371,
              30.38181
            ],
            [
              -115.79639,
              30.40313
            ],
            [
              -115.7847,
              30.43444
            ],
            [
              -115.77681,
              30.45519
            ],
            [
              -115.7728,
              30.46551
            ],
            [
              -115.76433,
              30.48569
            ],
            [
              -115.75186,
              30.51619
            ],
            [
              -115.74396,
              30.53694
            ],
            [
              -115.74007,
              30.54738
            ],
            [
              -115.72862,
              30.57891
            ],
            [
              -115.72141,
              30.60035
            ],
            [
              -115.7142,
              30.62179
            ],
            [
              -115.70663,
              30.64289
            ],
            [
              -115.70274,
              30.65332
            ],
            [
              -115.69497,
              30.67419
            ],
            [
              -115.68695,
              30.69483
            ],
            [
              -115.67426,
              30.7251
            ],
            [
              -115.66601,
              30.74551
            ],
            [
              -115.65811,
              30.76627
            ],
            [
              -115.65033,
              30.78713
            ],
            [
              -115.64277,
              30.80823
            ],
            [
              -115.6391,
              30.81889
            ],
            [
              -115.62846,
              30.85123
            ],
            [
              -115.62125,
              30.87267
            ],
            [
              -115.61759,
              30.88334
            ],
            [
              -115.60694,
              30.91567
            ],
            [
              -115.60339,
              30.92645
            ],
            [
              -115.59607,
              30.94777
            ],
            [
              -115.58438,
              30.97908
            ],
            [
              -115.57649,
              30.99983
            ],
            [
              -115.56825,
              31.02024
            ],
            [
              -115.55978,
              31.04042
            ],
            [
              -115.55154,
              31.06083
            ],
            [
              -115.54753,
              31.07115
            ],
            [
              -115.5354,
              31.10199
            ],
            [
              -115.52728,
              31.12252
            ],
            [
              -115.51926,
              31.14315
            ],
            [
              -115.51102,
              31.16357
            ],
            [
              -115.50679,
              31.17366
            ],
            [
              -115.49431,
              31.20416
            ],
            [
              -115.4863,
              31.22479
            ],
            [
              -115.47817,
              31.24532
            ],
            [
              -115.47005,
              31.26584
            ],
            [
              -115.46191,
              31.28637
            ],
            [
              -115.45333,
              31.30643
            ],
            [
              -115.44887,
              31.31629
            ],
            [
              -115.4397,
              31.33578
            ],
            [
              -115.43078,
              31.35551
            ],
            [
              -115.42163,
              31.375
            ],
            [
              -115.40857,
              31.40493
            ],
            [
              -115.40044,
              31.42545
            ],
            [
              -115.39232,
              31.44597
            ],
            [
              -115.3842,
              31.4665
            ],
            [
              -115.38019,
              31.47682
            ],
            [
              -115.37218,
              31.49746
            ],
            [
              -115.35947,
              31.52773
            ],
            [
              -115.35123,
              31.54814
            ],
            [
              -115.34721,
              31.55846
            ],
            [
              -115.33509,
              31.5893
            ],
            [
              -115.33097,
              31.59951
            ],
            [
              -115.32296,
              31.62015
            ],
            [
              -115.31493,
              31.64079
            ],
            [
              -115.30647,
              31.66096
            ],
            [
              -115.29399,
              31.69146
            ],
            [
              -115.28999,
              31.70179
            ],
            [
              -115.27785,
              31.73263
            ],
            [
              -115.26973,
              31.75315
            ],
            [
              -115.26171,
              31.77379
            ],
            [
              -115.25771,
              31.78411
            ],
            [
              -115.245,
              31.81438
            ],
            [
              -115.24077,
              31.82447
            ],
            [
              -115.23252,
              31.84488
            ],
            [
              -115.22404,
              31.86506
            ],
            [
              -115.21513,
              31.88478
            ],
            [
              -115.20151,
              31.91414
            ],
            [
              -115.19682,
              31.92377
            ],
            [
              -115.18719,
              31.9428
            ],
            [
              -115.17336,
              31.97193
            ],
            [
              -115.16889,
              31.98178
            ],
            [
              -115.15573,
              32.0116
            ],
            [
              -115.14725,
              32.03178
            ],
            [
              -115.14301,
              32.04187
            ],
            [
              -115.13409,
              32.06159
            ],
            [
              -115.12493,
              32.08109
            ],
            [
              -115.116,
              32.1008
            ],
            [
              -115.10238,
              32.13016
            ],
            [
              -115.0938,
              32.15022
            ],
            [
              -115.08968,
              32.16043
            ],
            [
              -115.08166,
              32.18107
            ],
            [
              -115.06941,
              32.2118
            ],
            [
              -115.06139,
              32.23244
            ],
            [
              -115.05739,
              32.24276
            ],
            [
              -115.04893,
              32.26294
            ],
            [
              -115.04045,
              32.28312
            ],
            [
              -115.02843,
              32.31408
            ],
            [
              -115.02443,
              32.32439
            ],
            [
              -115.01218,
              32.35513
            ],
            [
              -115.00816,
              32.36544
            ],
            [
              -114.99993,
              32.38585
            ],
            [
              -114.99101,
              32.40557
            ],
            [
              -114.98185,
              32.42506
            ],
            [
              -114.97292,
              32.44479
            ],
            [
              -114.96377,
              32.46428
            ],
            [
              -114.95071,
              32.49421
            ],
            [
              -114.94259,
              32.51473
            ],
            [
              -114.93446,
              32.53526
            ],
            [
              -114.92633,
              32.55578
            ],
            [
              -114.91821,
              32.5763
            ],
            [
              -114.91408,
              32.58651
            ],
            [
              -114.90057,
              32.61598
            ],
            [
              -114.89153,
              32.63558
            ],
            [
              -114.88707,
              32.64545
            ],
            [
              -114.87345,
              32.6748
            ],
            [
              -114.86486,
              32.69486
            ],
            [
              -114.86074,
              32.70507
            ],
            [
              -114.8486,
              32.73592
            ],
            [
              -114.84449,
              32.74612
            ],
            [
              -114.83647,
              32.76675
            ],
            [
              -114.82423,
              32.79749
            ],
            [
              -114.81999,
              32.80758
            ],
            [
              -114.8074,
              32.83796
            ],
            [
              -114.80328,
              32.84817
            ],
            [
              -114.79482,
              32.86835
            ],
            [
              -114.78143,
              32.89793
            ],
            [
              -114.77696,
              32.90779
            ],
            [
              -114.76758,
              32.92706
            ],
            [
              -114.75796,
              32.94609
            ],
            [
              -114.74857,
              32.96535
            ],
            [
              -114.73518,
              32.99493
            ],
            [
              -114.73071,
              33.0048
            ],
            [
              -114.72224,
              33.02497
            ],
            [
              -114.71377,
              33.04515
            ],
            [
              -114.70483,
              33.06487
            ],
            [
              -114.69568,
              33.08437
            ],
            [
              -114.68217,
              33.11383
            ],
            [
              -114.6776,
              33.12358
            ],
            [
              -114.66454,
              33.15351
            ],
            [
              -114.65642,
              33.17403
            ],
            [
              -114.64828,
              33.19456
            ],
            [
              -114.64418,
              33.20476
            ],
            [
              -114.63203,
              33.2356
            ],
            [
              -114.62791,
              33.24581
            ],
            [
              -114.61442,
              33.27528
            ],
            [
              -114.60984,
              33.28503
            ],
            [
              -114.59633,
              33.31449
            ],
            [
              -114.59175,
              33.32424
            ],
            [
              -114.5747,
              33.36449
            ],
            [
              -114.57057,
              33.37469
            ],
            [
              -114.56245,
              33.39521
            ],
            [
              -114.55432,
              33.41574
            ],
            [
              -114.5462,
              33.43626
            ],
            [
              -114.54207,
              33.44647
            ],
            [
              -114.53314,
              33.46619
            ],
            [
              -114.52399,
              33.48568
            ],
            [
              -114.51506,
              33.5054
            ],
            [
              -114.50591,
              33.52489
            ],
            [
              -114.49696,
              33.54462
            ],
            [
              -114.48427,
              33.57489
            ],
            [
              -114.48003,
              33.58498
            ],
            [
              -114.4711,
              33.6047
            ],
            [
              -114.46217,
              33.62442
            ],
            [
              -114.45279,
              33.64368
            ],
            [
              -114.44318,
              33.66272
            ],
            [
              -114.43379,
              33.68198
            ],
            [
              -114.41617,
              33.72166
            ],
            [
              -114.41594,
              33.72142
            ],
            [
              -114.40747,
              33.7416
            ],
            [
              -114.39899,
              33.76178
            ],
            [
              -114.39006,
              33.78151
            ],
            [
              -114.38091,
              33.801
            ],
            [
              -114.37198,
              33.82072
            ],
            [
              -114.35836,
              33.85007
            ],
            [
              -114.3539,
              33.85994
            ],
            [
              -114.34164,
              33.89066
            ],
            [
              -114.33352,
              33.91119
            ],
            [
              -114.32539,
              33.93171
            ],
            [
              -114.31726,
              33.95224
            ],
            [
              -114.31314,
              33.96244
            ],
            [
              -114.30421,
              33.98216
            ],
            [
              -114.29505,
              34.00166
            ],
            [
              -114.28156,
              34.03112
            ],
            [
              -114.27251,
              34.05073
            ],
            [
              -114.26392,
              34.0708
            ],
            [
              -114.2598,
              34.081
            ],
            [
              -114.24767,
              34.11185
            ],
            [
              -114.23955,
              34.13237
            ],
            [
              -114.23141,
              34.15289
            ],
            [
              -114.22729,
              34.16309
            ],
            [
              -114.21837,
              34.18282
            ],
            [
              -114.20921,
              34.20231
            ],
            [
              -114.20028,
              34.22203
            ],
            [
              -114.19112,
              34.24152
            ],
            [
              -114.17808,
              34.27145
            ],
            [
              -114.16994,
              34.29198
            ],
            [
              -114.16594,
              34.3023
            ],
            [
              -114.15369,
              34.33303
            ],
            [
              -114.14568,
              34.35366
            ],
            [
              -114.14166,
              34.36398
            ],
            [
              -114.1332,
              34.38417
            ],
            [
              -114.12061,
              34.41455
            ],
            [
              -114.11225,
              34.43484
            ],
            [
              -114.10802,
              34.44493
            ],
            [
              -114.09908,
              34.46466
            ],
            [
              -114.08501,
              34.49355
            ],
            [
              -114.08009,
              34.50295
            ],
            [
              -114.06979,
              34.5213
            ],
            [
              -114.05949,
              34.53964
            ],
            [
              -114.04942,
              34.55822
            ],
            [
              -114.03981,
              34.57725
            ],
            [
              -114.03111,
              34.59721
            ],
            [
              -114.01874,
              34.62782
            ],
            [
              -114.01462,
              34.63802
            ],
            [
              -114.00661,
              34.65866
            ],
            [
              -113.99836,
              34.67907
            ],
            [
              -113.98943,
              34.69879
            ],
            [
              -113.98028,
              34.71828
            ],
            [
              -113.97134,
              34.73801
            ],
            [
              -113.96219,
              34.7575
            ],
            [
              -113.94914,
              34.78743
            ],
            [
              -113.94101,
              34.80795
            ],
            [
              -113.93288,
              34.82848
            ],
            [
              -113.92476,
              34.849
            ],
            [
              -113.92075,
              34.85932
            ],
            [
              -113.91273,
              34.87996
            ],
            [
              -113.90427,
              34.90014
            ],
            [
              -113.89168,
              34.93053
            ],
            [
              -113.88756,
              34.94073
            ],
            [
              -113.87908,
              34.96091
            ],
            [
              -113.87016,
              34.98063
            ],
            [
              -113.86123,
              35.00035
            ],
            [
              -113.84705,
              35.02913
            ],
            [
              -113.84223,
              35.03865
            ],
            [
              -113.83284,
              35.05791
            ],
            [
              -113.81946,
              35.08749
            ],
            [
              -113.81499,
              35.09736
            ],
            [
              -113.80653,
              35.11754
            ],
            [
              -113.79804,
              35.13771
            ],
            [
              -113.78912,
              35.15744
            ],
            [
              -113.77996,
              35.17693
            ],
            [
              -113.76646,
              35.2064
            ],
            [
              -113.76188,
              35.21614
            ],
            [
              -113.75294,
              35.23587
            ],
            [
              -113.74069,
              35.26659
            ],
            [
              -113.73257,
              35.28712
            ],
            [
              -113.72444,
              35.30764
            ],
            [
              -113.71632,
              35.32817
            ],
            [
              -113.7122,
              35.33838
            ],
            [
              -113.70326,
              35.35809
            ],
            [
              -113.69411,
              35.37759
            ],
            [
              -113.68518,
              35.39731
            ],
            [
              -113.67603,
              35.4168
            ],
            [
              -113.6671,
              35.43652
            ],
            [
              -113.65485,
              35.46725
            ],
            [
              -113.65085,
              35.47757
            ],
            [
              -113.6386,
              35.5083
            ],
            [
              -113.63048,
              35.52882
            ],
            [
              -113.62635,
              35.53903
            ],
            [
              -113.61285,
              35.5685
            ],
            [
              -113.60827,
              35.57825
            ],
            [
              -113.59933,
              35.59797
            ],
            [
              -113.59018,
              35.61746
            ],
            [
              -113.57713,
              35.64738
            ],
            [
              -113.569,
              35.66791
            ],
            [
              -113.56087,
              35.68843
            ],
            [
              -113.55275,
              35.70896
            ],
            [
              -113.54462,
              35.72948
            ],
            [
              -113.5405,
              35.73969
            ],
            [
              -113.52699,
              35.76916
            ],
            [
              -113.52242,
              35.7789
            ],
            [
              -113.51326,
              35.79839
            ],
            [
              -113.50364,
              35.81742
            ],
            [
              -113.49402,
              35.83646
            ],
            [
              -113.48486,
              35.85595
            ],
            [
              -113.47571,
              35.87544
            ],
            [
              -113.46678,
              35.89517
            ],
            [
              -113.45454,
              35.9259
            ],
            [
              -113.44641,
              35.94642
            ],
            [
              -113.43829,
              35.96695
            ],
            [
              -113.43016,
              35.98747
            ],
            [
              -113.42157,
              36.00754
            ],
            [
              -113.41711,
              36.0174
            ],
            [
              -113.40349,
              36.04675
            ],
            [
              -113.39902,
              36.05661
            ],
            [
              -113.3854,
              36.08596
            ],
            [
              -113.38094,
              36.09583
            ],
            [
              -113.3688,
              36.12666
            ],
            [
              -113.36491,
              36.1371
            ],
            [
              -113.35403,
              36.1692
            ],
            [
              -113.34785,
              36.19168
            ],
            [
              -113.34259,
              36.21507
            ],
            [
              -113.33847,
              36.23938
            ],
            [
              -113.33595,
              36.2646
            ],
            [
              -113.33549,
              36.2771
            ],
            [
              -113.33595,
              36.3162
            ],
            [
              -113.33836,
              36.34155
            ],
            [
              -113.34214,
              36.3662
            ],
            [
              -113.34683,
              36.39016
            ],
            [
              -113.3521,
              36.41355
            ],
            [
              -113.35782,
              36.43649
            ],
            [
              -113.364,
              36.45895
            ],
            [
              -113.37075,
              36.48086
            ],
            [
              -113.37831,
              36.50195
            ],
            [
              -113.38289,
              36.5117
            ],
            [
              -113.3965,
              36.54105
            ],
            [
              -113.40691,
              36.55929
            ],
            [
              -113.42351,
              36.58566
            ],
            [
              -113.42923,
              36.59425
            ],
            [
              -113.44664,
              36.61982
            ],
            [
              -113.45854,
              36.63657
            ],
            [
              -113.46472,
              36.64471
            ],
            [
              -113.48396,
              36.66844
            ],
            [
              -113.49094,
              36.67578
            ],
            [
              -113.51258,
              36.69711
            ],
            [
              -113.52814,
              36.71018
            ],
            [
              -113.53627,
              36.71637
            ],
            [
              -113.5611,
              36.73449
            ],
            [
              -113.57805,
              36.74619
            ],
            [
              -113.59521,
              36.75765
            ],
            [
              -113.61261,
              36.76888
            ],
            [
              -113.63023,
              36.77989
            ],
            [
              -113.64809,
              36.79067
            ],
            [
              -113.66642,
              36.80099
            ],
            [
              -113.68519,
              36.81085
            ],
            [
              -113.70396,
              36.82071
            ],
            [
              -113.72295,
              36.83034
            ],
            [
              -113.74242,
              36.83951
            ],
            [
              -113.76211,
              36.84846
            ],
            [
              -113.78225,
              36.85694
            ],
            [
              -113.81418,
              36.86795
            ],
            [
              -113.82506,
              36.87139
            ],
            [
              -113.84727,
              36.87782
            ],
            [
              -113.86993,
              36.88377
            ],
            [
              -113.90485,
              36.8918
            ],
            [
              -113.92877,
              36.8965
            ],
            [
              -113.9535,
              36.9004
            ],
            [
              -113.96609,
              36.90212
            ],
            [
              -114.00604,
              36.9051
            ],
            [
              -114.03362,
              36.90613
            ],
            [
              -114.04758,
              36.90648
            ],
            [
              -114.09029,
              36.90671
            ],
            [
              -114.1189,
              36.90671
            ],
            [
              -114.14739,
              36.90659
            ],
            [
              -114.17555,
              36.90614
            ],
            [
              -114.18918,
              36.90545
            ],
            [
              -114.22993,
              36.90326
            ],
            [
              -114.25568,
              36.9004
            ],
            [
              -114.28041,
              36.8965
            ],
            [
              -114.30434,
              36.8918
            ],
            [
              -114.32768,
              36.88653
            ],
            [
              -114.35057,
              36.88079
            ],
            [
              -114.38411,
              36.87139
            ],
            [
              -114.39499,
              36.86795
            ],
            [
              -114.42692,
              36.85695
            ],
            [
              -114.43699,
              36.8527
            ],
            [
              -114.46675,
              36.83952
            ],
            [
              -114.47649,
              36.83493
            ],
            [
              -114.49573,
              36.82553
            ],
            [
              -114.5146,
              36.81578
            ],
            [
              -114.54276,
              36.80099
            ],
            [
              -114.5518,
              36.79572
            ],
            [
              -114.57825,
              36.77921
            ],
            [
              -114.59519,
              36.76751
            ],
            [
              -114.61167,
              36.75536
            ],
            [
              -114.62746,
              36.74252
            ],
            [
              -114.64326,
              36.72967
            ],
            [
              -114.65883,
              36.7166
            ],
            [
              -114.66638,
              36.70984
            ],
            [
              -114.68836,
              36.68885
            ],
            [
              -114.7093,
              36.66684
            ],
            [
              -114.71605,
              36.65927
            ],
            [
              -114.72911,
              36.64368
            ],
            [
              -114.74193,
              36.62785
            ],
            [
              -114.76082,
              36.60377
            ],
            [
              -114.77272,
              36.58703
            ],
            [
              -114.77855,
              36.57854
            ],
            [
              -114.78977,
              36.56112
            ],
            [
              -114.80511,
              36.53349
            ],
            [
              -114.80992,
              36.52397
            ],
            [
              -114.81908,
              36.50447
            ],
            [
              -114.83132,
              36.47375
            ],
            [
              -114.83855,
              36.4523
            ],
            [
              -114.84529,
              36.4304
            ],
            [
              -114.85193,
              36.40839
            ],
            [
              -114.85524,
              36.39738
            ],
            [
              -114.86578,
              36.36494
            ],
            [
              -114.87334,
              36.34383
            ],
            [
              -114.88113,
              36.32297
            ],
            [
              -114.88868,
              36.30187
            ],
            [
              -114.89234,
              36.29121
            ],
            [
              -114.89922,
              36.26942
            ],
            [
              -114.90585,
              36.24741
            ],
            [
              -114.91592,
              36.2145
            ],
            [
              -114.92302,
              36.19294
            ],
            [
              -114.92668,
              36.18228
            ],
            [
              -114.93835,
              36.15098
            ],
            [
              -114.94591,
              36.12988
            ],
            [
              -114.953,
              36.10832
            ],
            [
              -114.95976,
              36.08642
            ],
            [
              -114.9664,
              36.06441
            ],
            [
              -114.96971,
              36.0534
            ],
            [
              -114.97658,
              36.03162
            ],
            [
              -114.98779,
              35.99986
            ],
            [
              -114.99557,
              35.97898
            ],
            [
              -115.00314,
              35.95789
            ],
            [
              -115.01024,
              35.93633
            ],
            [
              -115.01366,
              35.92544
            ],
            [
              -115.02317,
              35.89196
            ],
            [
              -115.02934,
              35.86948
            ],
            [
              -115.03565,
              35.84712
            ],
            [
              -115.04217,
              35.82499
            ],
            [
              -115.04903,
              35.80321
            ],
            [
              -115.05614,
              35.78165
            ],
            [
              -115.06324,
              35.76009
            ],
            [
              -115.07034,
              35.73854
            ],
            [
              -115.07388,
              35.72776
            ],
            [
              -115.08475,
              35.69566
            ],
            [
              -115.09186,
              35.6741
            ],
            [
              -115.09895,
              35.65254
            ],
            [
              -115.10616,
              35.6311
            ],
            [
              -115.11337,
              35.60966
            ],
            [
              -115.11692,
              35.59888
            ],
            [
              -115.12769,
              35.56667
            ],
            [
              -115.13134,
              35.556
            ],
            [
              -115.14301,
              35.5247
            ],
            [
              -115.15092,
              35.50394
            ],
            [
              -115.15904,
              35.48342
            ],
            [
              -115.16716,
              35.4629
            ],
            [
              -115.17484,
              35.44191
            ],
            [
              -115.1785,
              35.43125
            ],
            [
              -115.18869,
              35.39846
            ],
            [
              -115.19533,
              35.37644
            ],
            [
              -115.20209,
              35.35454
            ],
            [
              -115.20551,
              35.34365
            ],
            [
              -115.21284,
              35.32232
            ],
            [
              -115.22452,
              35.29102
            ],
            [
              -115.23207,
              35.26992
            ],
            [
              -115.23918,
              35.24837
            ],
            [
              -115.24593,
              35.22646
            ],
            [
              -115.24924,
              35.21545
            ],
            [
              -115.25931,
              35.18255
            ],
            [
              -115.26641,
              35.16099
            ],
            [
              -115.27396,
              35.13989
            ],
            [
              -115.27786,
              35.12946
            ],
            [
              -115.28931,
              35.09793
            ],
            [
              -115.2964,
              35.07637
            ],
            [
              -115.30316,
              35.05447
            ],
            [
              -115.30648,
              35.04346
            ],
            [
              -115.31656,
              35.01056
            ],
            [
              -115.32365,
              34.989
            ],
            [
              -115.33121,
              34.9679
            ],
            [
              -115.33899,
              34.94704
            ],
            [
              -115.34653,
              34.92593
            ],
            [
              -115.35364,
              34.90438
            ],
            [
              -115.36038,
              34.88248
            ],
            [
              -115.36702,
              34.86047
            ],
            [
              -115.37034,
              34.84946
            ],
            [
              -115.38087,
              34.81701
            ],
            [
              -115.38854,
              34.79603
            ],
            [
              -115.39668,
              34.77551
            ],
            [
              -115.40079,
              34.7653
            ],
            [
              -115.40881,
              34.74466
            ],
            [
              -115.41658,
              34.72379
            ],
            [
              -115.42803,
              34.69226
            ],
            [
              -115.43525,
              34.67082
            ],
            [
              -115.44234,
              34.64926
            ],
            [
              -115.4459,
              34.63848
            ],
            [
              -115.45677,
              34.60638
            ],
            [
              -115.46386,
              34.58482
            ],
            [
              -115.47096,
              34.56326
            ],
            [
              -115.47451,
              34.55248
            ],
            [
              -115.48183,
              34.53116
            ],
            [
              -115.49248,
              34.49883
            ],
            [
              -115.49969,
              34.47739
            ],
            [
              -115.50725,
              34.45629
            ],
            [
              -115.51503,
              34.43542
            ],
            [
              -115.51892,
              34.42499
            ],
            [
              -115.53105,
              34.39414
            ],
            [
              -115.53918,
              34.37362
            ],
            [
              -115.54318,
              34.3633
            ],
            [
              -115.55394,
              34.33108
            ],
            [
              -115.55737,
              34.32018
            ],
            [
              -115.56403,
              34.29817
            ],
            [
              -115.5741,
              34.26526
            ],
            [
              -115.58119,
              34.24371
            ],
            [
              -115.58875,
              34.2226
            ],
            [
              -115.59653,
              34.20174
            ],
            [
              -115.60409,
              34.18063
            ],
            [
              -115.61119,
              34.15908
            ],
            [
              -115.61794,
              34.13718
            ],
            [
              -115.62125,
              34.12617
            ],
            [
              -115.63133,
              34.09327
            ],
            [
              -115.63476,
              34.08237
            ],
            [
              -115.64609,
              34.05073
            ],
            [
              -115.6501,
              34.04041
            ],
            [
              -115.66235,
              34.00968
            ],
            [
              -115.66636,
              33.99936
            ],
            [
              -115.67803,
              33.96806
            ],
            [
              -115.68559,
              33.94696
            ],
            [
              -115.69279,
              33.92552
            ],
            [
              -115.69988,
              33.90396
            ],
            [
              -115.70343,
              33.89318
            ],
            [
              -115.71431,
              33.86108
            ],
            [
              -115.72141,
              33.83952
            ],
            [
              -115.72862,
              33.81808
            ],
            [
              -115.73228,
              33.80742
            ],
            [
              -115.74396,
              33.77612
            ],
            [
              -115.75186,
              33.75536
            ],
            [
              -115.75999,
              33.73484
            ],
            [
              -115.76411,
              33.72464
            ],
            [
              -115.77578,
              33.69333
            ],
            [
              -115.77945,
              33.68267
            ],
            [
              -115.78631,
              33.66088
            ],
            [
              -115.79626,
              33.62786
            ],
            [
              -115.80302,
              33.60596
            ],
            [
              -115.80646,
              33.59507
            ],
            [
              -115.81767,
              33.56331
            ],
            [
              -115.82547,
              33.54244
            ],
            [
              -115.83302,
              33.52134
            ],
            [
              -115.84012,
              33.49979
            ],
            [
              -115.84687,
              33.47788
            ],
            [
              -115.8535,
              33.45587
            ],
            [
              -115.86026,
              33.43397
            ],
            [
              -115.86736,
              33.41241
            ],
            [
              -115.87102,
              33.40175
            ],
            [
              -115.88269,
              33.37045
            ],
            [
              -115.89025,
              33.34935
            ],
            [
              -115.89734,
              33.32779
            ],
            [
              -115.9041,
              33.30589
            ],
            [
              -115.91074,
              33.28388
            ],
            [
              -115.91405,
              33.27287
            ],
            [
              -115.92458,
              33.24043
            ],
            [
              -115.93225,
              33.21944
            ],
            [
              -115.93626,
              33.20912
            ],
            [
              -115.9445,
              33.18871
            ],
            [
              -115.95641,
              33.15764
            ],
            [
              -115.96419,
              33.13676
            ],
            [
              -115.96808,
              33.12633
            ],
            [
              -115.97896,
              33.09423
            ],
            [
              -115.98251,
              33.08345
            ],
            [
              -115.9896,
              33.06189
            ],
            [
              -116.00047,
              33.02979
            ],
            [
              -116.00758,
              33.00823
            ],
            [
              -116.01467,
              32.98667
            ],
            [
              -116.02188,
              32.96523
            ],
            [
              -116.0291,
              32.94379
            ],
            [
              -116.03619,
              32.92223
            ],
            [
              -116.04329,
              32.90068
            ],
            [
              -116.04684,
              32.8899
            ],
            [
              -116.05416,
              32.86858
            ],
            [
              -116.06126,
              32.84702
            ],
            [
              -116.06836,
              32.82546
            ],
            [
              -116.07912,
              32.79324
            ],
            [
              -116.08632,
              32.7718
            ],
            [
              -116.09342,
              32.75025
            ],
            [
              -116.10051,
              32.72869
            ],
            [
              -116.10773,
              32.70724
            ],
            [
              -116.11494,
              32.68581
            ],
            [
              -116.11848,
              32.67503
            ],
            [
              -116.12914,
              32.64269
            ],
            [
              -116.13268,
              32.63191
            ],
            [
              -116.14356,
              32.59981
            ],
            [
              -116.1471,
              32.58904
            ],
            [
              -116.15775,
              32.55669
            ],
            [
              -116.1613,
              32.54592
            ],
            [
              -116.17218,
              32.51382
            ],
            [
              -116.17928,
              32.49226
            ],
            [
              -116.18636,
              32.4707
            ],
            [
              -116.19358,
              32.44926
            ],
            [
              -116.20079,
              32.42782
            ],
            [
              -116.20789,
              32.40626
            ],
            [
              -116.21499,
              32.3847
            ],
            [
              -116.22208,
              32.36315
            ],
            [
              -116.22895,
              32.34137
            ],
            [
              -116.23548,
              32.31924
            ],
            [
              -116.24178,
              32.29688
            ],
            [
              -116.24487,
              32.28564
            ],
            [
              -116.25425,
              32.25204
            ],
            [
              -116.25745,
              32.24092
            ],
            [
              -116.26433,
              32.21914
            ],
            [
              -116.27164,
              32.19781
            ],
            [
              -116.28333,
              32.1665
            ],
            [
              -116.29088,
              32.14541
            ],
            [
              -116.29797,
              32.12385
            ],
            [
              -116.30141,
              32.11296
            ],
            [
              -116.30805,
              32.09094
            ],
            [
              -116.31812,
              32.05804
            ],
            [
              -116.32155,
              32.04714
            ],
            [
              -116.33276,
              32.01538
            ],
            [
              -116.34055,
              31.99451
            ],
            [
              -116.34811,
              31.97342
            ],
            [
              -116.35521,
              31.95186
            ],
            [
              -116.35863,
              31.94097
            ],
            [
              -116.36814,
              31.90749
            ],
            [
              -116.37431,
              31.88501
            ],
            [
              -116.38062,
              31.86265
            ],
            [
              -116.38714,
              31.84052
            ],
            [
              -116.394,
              31.81874
            ],
            [
              -116.40111,
              31.79718
            ],
            [
              -116.40821,
              31.77563
            ],
            [
              -116.41176,
              31.76485
            ],
            [
              -116.4224,
              31.73251
            ],
            [
              -116.42927,
              31.71073
            ],
            [
              -116.4358,
              31.6886
            ],
            [
              -116.439,
              31.67747
            ],
            [
              -116.44815,
              31.64365
            ],
            [
              -116.4541,
              31.62095
            ],
            [
              -116.46017,
              31.59836
            ],
            [
              -116.46647,
              31.576
            ],
            [
              -116.46968,
              31.56488
            ],
            [
              -116.47987,
              31.53209
            ],
            [
              -116.48695,
              31.51053
            ],
            [
              -116.49406,
              31.48897
            ],
            [
              -116.50114,
              31.46742
            ],
            [
              -116.50836,
              31.44598
            ],
            [
              -116.51557,
              31.42453
            ],
            [
              -116.52267,
              31.40298
            ],
            [
              -116.52977,
              31.38142
            ],
            [
              -116.53687,
              31.35987
            ],
            [
              -116.54042,
              31.34909
            ],
            [
              -116.55025,
              31.31595
            ],
            [
              -116.55346,
              31.30482
            ],
            [
              -116.56262,
              31.271
            ],
            [
              -116.56845,
              31.24818
            ],
            [
              -116.57417,
              31.22525
            ],
            [
              -116.5799,
              31.20232
            ],
            [
              -116.58563,
              31.17939
            ],
            [
              -116.59135,
              31.15646
            ],
            [
              -116.59422,
              31.14499
            ],
            [
              -116.60326,
              31.11105
            ],
            [
              -116.60956,
              31.08869
            ],
            [
              -116.61607,
              31.06656
            ],
            [
              -116.62294,
              31.04478
            ],
            [
              -116.63004,
              31.02322
            ],
            [
              -116.63713,
              31.00166
            ],
            [
              -116.64423,
              30.98011
            ],
            [
              -116.65132,
              30.95855
            ],
            [
              -116.6582,
              30.93677
            ],
            [
              -116.66472,
              30.91464
            ],
            [
              -116.66792,
              30.90351
            ],
            [
              -116.67708,
              30.86969
            ],
            [
              -116.68005,
              30.85834
            ],
            [
              -116.68852,
              30.82383
            ],
            [
              -116.6939,
              30.80055
            ],
            [
              -116.69905,
              30.77704
            ],
            [
              -116.70398,
              30.75331
            ],
            [
              -116.70867,
              30.72934
            ],
            [
              -116.71336,
              30.70538
            ],
            [
              -116.71577,
              30.69345
            ],
            [
              -116.72343,
              30.65814
            ],
            [
              -116.72881,
              30.63486
            ],
            [
              -116.73156,
              30.62328
            ],
            [
              -116.74026,
              30.589
            ],
            [
              -116.74634,
              30.56641
            ],
            [
              -116.74943,
              30.55518
            ],
            [
              -116.75584,
              30.53293
            ],
            [
              -116.76591,
              30.50002
            ],
            [
              -116.77255,
              30.47801
            ],
            [
              -116.77873,
              30.45554
            ],
            [
              -116.78445,
              30.4326
            ],
            [
              -116.78972,
              30.40921
            ],
            [
              -116.79453,
              30.38536
            ],
            [
              -116.79922,
              30.3614
            ],
            [
              -116.80414,
              30.33766
            ],
            [
              -116.8093,
              30.31416
            ],
            [
              -116.81467,
              30.29088
            ],
            [
              -116.82028,
              30.26783
            ],
            [
              -116.82599,
              30.2449
            ],
            [
              -116.8316,
              30.22185
            ],
            [
              -116.83435,
              30.21027
            ],
            [
              -116.83961,
              30.18688
            ],
            [
              -116.84706,
              30.15134
            ],
            [
              -116.85175,
              30.12737
            ],
            [
              -116.85645,
              30.10341
            ],
            [
              -116.86125,
              30.07956
            ],
            [
              -116.86606,
              30.05571
            ],
            [
              -116.87086,
              30.03186
            ],
            [
              -116.87568,
              30.00801
            ],
            [
              -116.88037,
              29.98405
            ],
            [
              -116.88506,
              29.96008
            ],
            [
              -116.88988,
              29.93623
            ],
            [
              -116.89456,
              29.91227
            ],
            [
              -116.89902,
              29.88808
            ],
            [
              -116.90326,
              29.86366
            ],
            [
              -116.90715,
              29.83889
            ],
            [
              -116.91081,
              29.81389
            ],
            [
              -116.91472,
              29.78912
            ],
            [
              -116.91895,
              29.7647
            ],
            [
              -116.92329,
              29.74039
            ],
            [
              -116.92752,
              29.71597
            ],
            [
              -116.9313,
              29.69109
            ],
            [
              -116.93428,
              29.66541
            ],
            [
              -116.93657,
              29.63903
            ],
            [
              -116.93864,
              29.61243
            ],
            [
              -116.94093,
              29.58606
            ],
            [
              -116.9439,
              29.56038
            ],
            [
              -116.94768,
              29.5355
            ],
            [
              -116.95191,
              29.51107
            ],
            [
              -116.95615,
              29.48665
            ],
            [
              -116.95992,
              29.46177
            ],
            [
              -116.96278,
              29.43597
            ],
            [
              -116.96474,
              29.40925
            ],
            [
              -116.96622,
              29.38208
            ],
            [
              -116.96772,
              29.3549
            ],
            [
              -116.96966,
              29.32819
            ],
            [
              -116.97252,
              29.30239
            ],
            [
              -116.97629,
              29.27751
            ],
            [
              -116.98054,
              29.25309
            ],
            [
              -116.98477,
              29.22866
            ],
            [
              -116.98854,
              29.20378
            ],
            [
              -116.99141,
              29.17798
            ],
            [
              -116.99323,
              29.15115
            ],
            [
              -116.99426,
              29.12352
            ],
            [
              -116.99472,
              29.09531
            ],
            [
              -116.99483,
              29.06676
            ],
            [
              -116.99483,
              29.0381
            ],
            [
              -116.99483,
              29.00943
            ],
            [
              -116.99483,
              28.98076
            ],
            [
              -116.99483,
              28.9521
            ],
            [
              -116.99483,
              28.92343
            ],
            [
              -116.99483,
              28.89477
            ],
            [
              -116.99483,
              28.8661
            ],
            [
              -116.99483,
              28.83744
            ],
            [
              -116.99483,
              28.80877
            ],
            [
              -116.99483,
              28.78011
            ],
            [
              -116.99483,
              28.75144
            ],
            [
              -116.99483,
              28.72278
            ],
            [
              -116.99483,
              28.69411
            ],
            [
              -116.99483,
              28.66545
            ],
            [
              -116.99483,
              28.63678
            ],
            [
              -116.99483,
              28.60811
            ],
            [
              -116.99483,
              28.57945
            ],
            [
              -116.99483,
              28.55078
            ],
            [
              -116.99483,
              28.52212
            ],
            [
              -116.99483,
              28.49345
            ],
            [
              -116.99483,
              28.46479
            ],
            [
              -116.99483,
              28.43612
            ],
            [
              -116.99483,
              28.40746
            ],
            [
              -116.99483,
              28.37879
            ],
            [
              -116.99483,
              28.35013
            ],
            [
              -116.99483,
              28.32146
            ],
            [
              -116.99483,
              28.2928
            ],
            [
              -116.99483,
              28.26413
            ],
            [
              -116.99483,
              28.23547
            ],
            [
              -116.99483,
              28.2068
            ],
            [
              -116.99483,
              28.17814
            ],
            [
              -116.99483,
              28.14947
            ],
            [
              -116.99483,
              28.12081
            ],
            [
              -116.99483,
              28.09214
            ],
            [
              -116.99483,
              28.06348
            ],
            [
              -116.99483,
              28.03481
            ],
            [
              -116.99483,
              28.00615
            ],
            [
              -116.99483,
              27.97748
            ],
            [
              -116.99483,
              27.94882
            ],
            [
              -116.99483,
              27.92015
            ],
            [
              -116.99483,
              27.89149
            ],
            [
              -116.99483,
              27.86282
            ],
            [
              -116.99483,
              27.83416
            ],
            [
              -116.99483,
              27.80549
            ],
            [
              -116.99483,
              27.77682
            ],
            [
              -116.99483,
              27.74816
            ],
            [
              -116.99483,
              27.71949
            ],
            [
              -116.99483,
              27.69083
            ],
            [
              -116.99483,
              27.66216
            ],
            [
              -116.99483,
              27.6335
            ],
            [
              -116.99483,
              27.60483
            ],
            [
              -116.99483,
              27.57617
            ],
            [
              -116.99483,
              27.5475
            ],
            [
              -116.99483,
              27.51884
            ],
            [
              -116.99483,
              27.49017
            ],
            [
              -116.99472,
              27.46162
            ],
            [
              -116.99426,
              27.43341
            ],
            [
              -116.99323,
              27.40578
            ],
            [
              -116.99129,
              27.37906
            ],
            [
              -116.98796,
              27.35372
            ],
            [
              -116.98305,
              27.32999
            ],
            [
              -116.97652,
              27.30786
            ],
            [
              -116.96828,
              27.28745
            ],
            [
              -116.95832,
              27.26876
            ],
            [
              -116.94688,
              27.25156
            ],
            [
              -116.93406,
              27.23574
            ],
            [
              -116.90407,
              27.20845
            ],
            [
              -116.90407,
              27.20845
            ],
            [
              -116.86995,
              27.18552
            ],
            [
              -116.86125,
              27.18024
            ],
            [
              -116.84328,
              27.17061
            ],
            [
              -116.82565,
              27.16144
            ],
            [
              -116.79898,
              27.14974
            ],
            [
              -116.78068,
              27.14355
            ],
            [
              -116.76133,
              27.13885
            ]
          ]
        ]
      },
      "properties": {
        "STORMNAME": "Rachel",
        "STORMTYPE": "TS",
        "ADVDATE": "500 PM PDT Sat Oct 10 2026",
        "ADVISNUM": "55A",
        "STORMNUM": 18,
        "FCSTPRD": 120,
        "BASIN": "EP",
        "nhc_product": "cone_of_uncertainty",
        "atcf": "ep182026",
        "storm_name": "Rachel",
        "storm_id": "18E"
      }
    },
    {
      "type": "Feature",
      "geometry": {
        "type": "Point",
        "coordinates": [
          -116.7,
          27.4
        ]
      },
      "properties": {
        "ADVDATE": "500 PM PDT Sat Oct 10 2026",
        "ADVISNUM": "55A",
        "BASIN": "EP",
        "DATELBL": "5:00 PM Sat",
        "DVLBL": "S",
        "FCSTPRD": 120,
        "FLDATELBL": "2026-10-10 2:00 PM Sat PDT",
        "GUST": 65,
        "LAT": 27,
        "LON": -116,
        "MAXWIND": 55,
        "MSLP": 989,
        "SSNUM": 0,
        "STORMNAME": "Tropical Storm Rachel",
        "STORMNUM": 18,
        "STORMSRC": "Tropical Cyclone",
        "STORMTYPE": "TS",
        "TCDVLP": "Tropical Storm",
        "TAU": 0,
        "TCDIR": 25,
        "TCSPD": 26,
        "TIMEZONE": "PDT",
        "VALIDTIME": "10/2100",
        "nhc_product": "forecast_track_points",
        "atcf": "ep182026",
        "storm_name": "Rachel",
        "storm_id": "18E"
      }
    },
    {
      "type": "Feature",
      "geometry": {
        "type": "Point",
        "coordinates": [
          -116.3,
          30.4
        ]
      },
      "properties": {
        "ADVDATE": "500 PM PDT Sat Oct 10 2026",
        "ADVISNUM": "55A",
        "BASIN": "EP",
        "DATELBL": "11:00 PM Sat",
        "DVLBL": "S",
        "FCSTPRD": 120,
        "FLDATELBL": "2026-10-10 11:00 PM Sat PDT",
        "GUST": 60,
        "LAT": 30,
        "LON": -116,
        "MAXWIND": 50,
        "MSLP": 9999,
        "SSNUM": 0,
        "STORMNAME": "Tropical Storm Rachel",
        "STORMNUM": 18,
        "STORMSRC": "Tropical Cyclone",
        "STORMTYPE": "TS",
        "TCDVLP": "Tropical Storm",
        "TAU": 12,
        "TCDIR": 9999,
        "TCSPD": 9999,
        "TIMEZONE": "PDT",
        "VALIDTIME": "11/0600",
        "nhc_product": "forecast_track_points",
        "atcf": "ep182026",
        "storm_name": "Rachel",
        "storm_id": "18E"
      }
    },
    {
      "type": "Feature",
      "geometry": {
        "type": "Point",
        "coordinates": [
          -114.1,
          36.3
        ]
      },
      "properties": {
        "ADVDATE": "500 PM PDT Sat Oct 10 2026",
        "ADVISNUM": "55A",
        "BASIN": "EP",
        "DATELBL": "11:00 AM Sun",
        "DVLBL": "S",
        "FCSTPRD": 120,
        "FLDATELBL": "2026-10-11 11:00 AM Sun PDT",
        "GUST": 50,
        "LAT": 36,
        "LON": -114,
        "MAXWIND": 40,
        "MSLP": 9999,
        "SSNUM": 0,
        "STORMNAME": "Tropical Storm Rachel",
        "STORMNUM": 18,
        "STORMSRC": "Post-Tropical Cyclone",
        "STORMTYPE": "STS",
        "TCDVLP": "Subtropical Storm",
        "TAU": 24,
        "TCDIR": 9999,
        "TCSPD": 9999,
        "TIMEZONE": "PDT",
        "VALIDTIME": "11/1800",
        "nhc_product": "forecast_track_points",
        "atcf": "ep182026",
        "storm_name": "Rachel",
        "storm_id": "18E"
      }
    },
    {
      "type": "Feature",
      "geometry": {
        "type": "Polygon",
        "coordinates": [
          [
            [
              -116.685112,
              28.8957214
            ],
            [
              -116.655304,
              28.8952599
            ],
            [
              -116.625504,
              28.8943348
            ],
            [
              -116.595734,
              28.892952
            ],
            [
              -116.565987,
              28.8911057
            ],
            [
              -116.536293,
              28.8887978
            ],
            [
              -116.506645,
              28.886034
            ],
            [
              -116.477066,
              28.8828049
            ],
            [
              -116.447548,
              28.8791199
            ],
            [
              -116.418129,
              28.8749828
            ],
            [
              -116.388779,
              28.870388
            ],
            [
              -116.359535,
              28.8653355
            ],
            [
              -116.330391,
              28.8598366
            ],
            [
              -116.301376,
              28.8538857
            ],
            [
              -116.272491,
              28.8474808
            ],
            [
              -116.243736,
              28.8406372
            ],
            [
              -116.215118,
              28.8333435
            ],
            [
              -116.186661,
              28.8256092
            ],
            [
              -116.158363,
              28.8174362
            ],
            [
              -116.130264,
              28.8088245
            ],
            [
              -116.10231,
              28.799778
            ],
            [
              -116.074554,
              28.7903042
            ],
            [
              -116.046997,
              28.7803955
            ],
            [
              -116.019638,
              28.7700672
            ],
            [
              -115.992516,
              28.7593155
            ],
            [
              -115.965591,
              28.7481461
            ],
            [
              -115.938927,
              28.7365589
            ],
            [
              -115.912491,
              28.7245579
            ],
            [
              -115.886299,
              28.7121544
            ],
            [
              -115.860367,
              28.6993446
            ],
            [
              -115.834686,
              28.6861343
            ],
            [
              -115.809311,
              28.6725292
            ],
            [
              -115.784195,
              28.6585312
            ],
            [
              -115.759369,
              28.6441517
            ],
            [
              -115.734863,
              28.6293869
            ],
            [
              -115.71064,
              28.6142445
            ],
            [
              -115.686714,
              28.5987282
            ],
            [
              -115.663124,
              28.5828419
            ],
            [
              -115.639862,
              28.5665989
            ],
            [
              -115.616928,
              28.5499954
            ],
            [
              -115.594345,
              28.5330334
            ],
            [
              -115.571846,
              28.5159473
            ],
            [
              -115.549194,
              28.4989281
            ],
            [
              -115.526367,
              28.4819736
            ],
            [
              -115.503349,
              28.4650745
            ],
            [
              -115.480156,
              28.4482155
            ],
            [
              -115.456749,
              28.4313869
            ],
            [
              -115.433136,
              28.4145737
            ],
            [
              -115.409302,
              28.397768
            ],
            [
              -115.385239,
              28.3809586
            ],
            [
              -115.361221,
              28.3639145
            ],
            [
              -115.337486,
              28.3464279
            ],
            [
              -115.314034,
              28.328495
            ],
            [
              -115.290863,
              28.3101254
            ],
            [
              -115.268028,
              28.2913189
            ],
            [
              -115.245514,
              28.2720795
            ],
            [
              -115.22332,
              28.2524147
            ],
            [
              -115.201485,
              28.2323265
            ],
            [
              -115.179985,
              28.2118225
            ],
            [
              -115.158852,
              28.1909027
            ],
            [
              -115.1381,
              28.1695728
            ],
            [
              -115.117729,
              28.1478367
            ],
            [
              -115.097748,
              28.1257057
            ],
            [
              -115.078163,
              28.1031799
            ],
            [
              -115.05899,
              28.080267
            ],
            [
              -115.04023,
              28.0569668
            ],
            [
              -115.021904,
              28.0332928
            ],
            [
              -115.004013,
              28.0092506
            ],
            [
              -114.986572,
              27.9848423
            ],
            [
              -114.969574,
              27.9600754
            ],
            [
              -114.953072,
              27.9349594
            ],
            [
              -114.937012,
              27.9094982
            ],
            [
              -114.921425,
              27.8836994
            ],
            [
              -114.906357,
              27.8575687
            ],
            [
              -114.891762,
              27.8311176
            ],
            [
              -114.87767,
              27.804348
            ],
            [
              -114.864105,
              27.7772713
            ],
            [
              -114.851059,
              27.7498932
            ],
            [
              -114.838531,
              27.7222214
            ],
            [
              -114.826553,
              27.6942635
            ],
            [
              -114.815094,
              27.666029
            ],
            [
              -114.804199,
              27.6375217
            ],
            [
              -114.793854,
              27.6087589
            ],
            [
              -114.784073,
              27.5797424
            ],
            [
              -114.774849,
              27.5504818
            ],
            [
              -114.766205,
              27.5209846
            ],
            [
              -114.758141,
              27.4912624
            ],
            [
              -114.750664,
              27.4613228
            ],
            [
              -114.743774,
              27.4311752
            ],
            [
              -114.737495,
              27.4008293
            ],
            [
              -114.731812,
              27.3702946
            ],
            [
              -114.726723,
              27.3395786
            ],
            [
              -114.722275,
              27.3086929
            ],
            [
              -114.718422,
              27.2776413
            ],
            [
              -114.715195,
              27.2464428
            ],
            [
              -114.712593,
              27.2151012
            ],
            [
              -114.710609,
              27.18363
            ],
            [
              -114.709267,
              27.1520348
            ],
            [
              -114.70858,
              27.1203308
            ],
            [
              -114.708527,
              27.0885239
            ],
            [
              -114.709091,
              27.0566273
            ],
            [
              -114.710327,
              27.0246506
            ],
            [
              -114.712196,
              26.9925976
            ],
            [
              -114.714722,
              26.9604893
            ],
            [
              -114.717911,
              26.9283333
            ],
            [
              -114.721748,
              26.8961372
            ],
            [
              -114.72625,
              26.8639126
            ],
            [
              -114.731407,
              26.8316708
            ],
            [
              -114.737236,
              26.7994232
            ],
            [
              -114.743706,
              26.7671795
            ],
            [
              -114.750854,
              26.734951
            ],
            [
              -114.758667,
              26.7027493
            ],
            [
              -114.767143,
              26.6705837
            ],
            [
              -114.776283,
              26.6384659
            ],
            [
              -114.786095,
              26.6064072
            ],
            [
              -114.796562,
              26.5744209
            ],
            [
              -114.807701,
              26.5425129
            ],
            [
              -114.819496,
              26.5107002
            ],
            [
              -114.831978,
              26.4789867
            ],
            [
              -114.845093,
              26.4473915
            ],
            [
              -114.858887,
              26.4159184
            ],
            [
              -114.873329,
              26.3845844
            ],
            [
              -114.888443,
              26.3533974
            ],
            [
              -114.904205,
              26.3223686
            ],
            [
              -114.920616,
              26.2915115
            ],
            [
              -114.937691,
              26.2608356
            ],
            [
              -114.955414,
              26.2303505
            ],
            [
              -114.973785,
              26.2000675
            ],
            [
              -114.992783,
              26.170002
            ],
            [
              -115.012451,
              26.1401577
            ],
            [
              -115.032745,
              26.1105518
            ],
            [
              -115.054199,
              26.0817127
            ],
            [
              -115.077393,
              26.0541916
            ],
            [
              -115.102226,
              26.0280399
            ],
            [
              -115.128693,
              26.0032959
            ],
            [
              -115.156708,
              25.9799995
            ],
            [
              -115.186249,
              25.9581966
            ],
            [
              -115.217255,
              25.9379215
            ],
            [
              -115.249672,
              25.91922
            ],
            [
              -115.283463,
              25.9021263
            ],
            [
              -115.318024,
              25.8861561
            ],
            [
              -115.352753,
              25.8708019
            ],
            [
              -115.387657,
              25.8560658
            ],
            [
              -115.422714,
              25.8419476
            ],
            [
              -115.457924,
              25.8284473
            ],
            [
              -115.493256,
              25.815567
            ],
            [
              -115.528717,
              25.8033066
            ],
            [
              -115.564262,
              25.7916641
            ],
            [
              -115.599922,
              25.7806416
            ],
            [
              -115.635635,
              25.770237
            ],
            [
              -115.671417,
              25.7604485
            ],
            [
              -115.707275,
              25.7512798
            ],
            [
              -115.743149,
              25.7427235
            ],
            [
              -115.779068,
              25.7347813
            ],
            [
              -115.814995,
              25.7274513
            ],
            [
              -115.850914,
              25.7207317
            ],
            [
              -115.886826,
              25.7146225
            ],
            [
              -115.922729,
              25.709116
            ],
            [
              -115.958588,
              25.704216
            ],
            [
              -115.994415,
              25.6999149
            ],
            [
              -116.030167,
              25.6962166
            ],
            [
              -116.065834,
              25.6931095
            ],
            [
              -116.101456,
              25.6905956
            ],
            [
              -116.136948,
              25.6886692
            ],
            [
              -116.172348,
              25.6873283
            ],
            [
              -116.207626,
              25.6865692
            ],
            [
              -116.242767,
              25.6863842
            ],
            [
              -116.277794,
              25.6867752
            ],
            [
              -116.312653,
              25.6877327
            ],
            [
              -116.347343,
              25.6892548
            ],
            [
              -116.381866,
              25.6913357
            ],
            [
              -116.416206,
              25.6939697
            ],
            [
              -116.450333,
              25.6971531
            ],
            [
              -116.484268,
              25.700882
            ],
            [
              -116.517975,
              25.7051468
            ],
            [
              -116.551476,
              25.7099476
            ],
            [
              -116.584717,
              25.7152729
            ],
            [
              -116.617706,
              25.7211189
            ],
            [
              -116.650459,
              25.727478
            ],
            [
              -116.68293,
              25.7343483
            ],
            [
              -116.715126,
              25.7417221
            ],
            [
              -116.74704,
              25.749588
            ],
            [
              -116.778656,
              25.7579441
            ],
            [
              -116.809967,
              25.7667847
            ],
            [
              -116.840958,
              25.7761002
            ],
            [
              -116.871635,
              25.7858791
            ],
            [
              -116.901978,
              25.7961197
            ],
            [
              -116.931976,
              25.806818
            ],
            [
              -116.961632,
              25.8179569
            ],
            [
              -116.990929,
              25.8295383
            ],
            [
              -117.019867,
              25.8415489
            ],
            [
              -117.048431,
              25.8539829
            ],
            [
              -117.076622,
              25.8668308
            ],
            [
              -117.104408,
              25.8800869
            ],
            [
              -117.131821,
              25.8937359
            ],
            [
              -117.158829,
              25.9077816
            ],
            [
              -117.18541,
              25.9222031
            ],
            [
              -117.211586,
              25.9369984
            ],
            [
              -117.237358,
              25.9521618
            ],
            [
              -117.26268,
              25.9676781
            ],
            [
              -117.287582,
              25.9835434
            ],
            [
              -117.312042,
              25.9997463
            ],
            [
              -117.336044,
              26.0162792
            ],
            [
              -117.359619,
              26.0331326
            ],
            [
              -117.382729,
              26.0502968
            ],
            [
              -117.40538,
              26.0677624
            ],
            [
              -117.427559,
              26.0855198
            ],
            [
              -117.449272,
              26.1035652
            ],
            [
              -117.470497,
              26.1218796
            ],
            [
              -117.491264,
              26.1404648
            ],
            [
              -117.511543,
              26.1593018
            ],
            [
              -117.531334,
              26.1783848
            ],
            [
              -117.550629,
              26.1977062
            ],
            [
              -117.569443,
              26.2172565
            ],
            [
              -117.587753,
              26.2370224
            ],
            [
              -117.60556,
              26.2569962
            ],
            [
              -117.622871,
              26.2771702
            ],
            [
              -117.639687,
              26.2975311
            ],
            [
              -117.655975,
              26.3180733
            ],
            [
              -117.671783,
              26.3387833
            ],
            [
              -117.68705,
              26.3596535
            ],
            [
              -117.702232,
              26.3803139
            ],
            [
              -117.717705,
              26.4004059
            ],
            [
              -117.733551,
              26.4199486
            ],
            [
              -117.749756,
              26.4389572
            ],
            [
              -117.766342,
              26.4574528
            ],
            [
              -117.783379,
              26.4754486
            ],
            [
              -117.80085,
              26.4929676
            ],
            [
              -117.818794,
              26.5100288
            ],
            [
              -117.837212,
              26.5266476
            ],
            [
              -117.855743,
              26.543211
            ],
            [
              -117.87397,
              26.5600834
            ],
            [
              -117.891914,
              26.5772629
            ],
            [
              -117.909546,
              26.5947399
            ],
            [
              -117.926842,
              26.6125145
            ],
            [
              -117.943817,
              26.6305809
            ],
            [
              -117.960464,
              26.6489353
            ],
            [
              -117.976776,
              26.6675701
            ],
            [
              -117.99276,
              26.6864834
            ],
            [
              -118.008392,
              26.7056656
            ],
            [
              -118.023651,
              26.7251186
            ],
            [
              -118.038574,
              26.7448311
            ],
            [
              -118.053131,
              26.7647991
            ],
            [
              -118.067314,
              26.7850189
            ],
            [
              -118.081108,
              26.8054848
            ],
            [
              -118.094536,
              26.8261871
            ],
            [
              -118.107574,
              26.847126
            ],
            [
              -118.120201,
              26.8682919
            ],
            [
              -118.132446,
              26.889679
            ],
            [
              -118.144287,
              26.9112835
            ],
            [
              -118.155731,
              26.9330978
            ],
            [
              -118.166748,
              26.9551163
            ],
            [
              -118.177353,
              26.9773331
            ],
            [
              -118.187538,
              26.9997425
            ],
            [
              -118.197304,
              27.0223351
            ],
            [
              -118.206627,
              27.0451069
            ],
            [
              -118.215523,
              27.0680504
            ],
            [
              -118.223969,
              27.0911598
            ],
            [
              -118.231987,
              27.1144276
            ],
            [
              -118.23954,
              27.1378479
            ],
            [
              -118.246674,
              27.1614151
            ],
            [
              -118.253326,
              27.1851177
            ],
            [
              -118.259537,
              27.208952
            ],
            [
              -118.265274,
              27.2329121
            ],
            [
              -118.270546,
              27.2569885
            ],
            [
              -118.27536,
              27.2811756
            ],
            [
              -118.279701,
              27.3054657
            ],
            [
              -118.283554,
              27.3298512
            ],
            [
              -118.286957,
              27.3543224
            ],
            [
              -118.289864,
              27.3788815
            ],
            [
              -118.29229,
              27.4035072
            ],
            [
              -118.294243,
              27.4281998
            ],
            [
              -118.295708,
              27.4529514
            ],
            [
              -118.296669,
              27.4777584
            ],
            [
              -118.29715,
              27.5026035
            ],
            [
              -118.297157,
              27.5274868
            ],
            [
              -118.296646,
              27.5523968
            ],
            [
              -118.295654,
              27.5773277
            ],
            [
              -118.294159,
              27.6022739
            ],
            [
              -118.292168,
              27.6272202
            ],
            [
              -118.289673,
              27.6521683
            ],
            [
              -118.286705,
              27.677103
            ],
            [
              -118.283218,
              27.7020187
            ],
            [
              -118.279228,
              27.7269135
            ],
            [
              -118.274742,
              27.75177
            ],
            [
              -118.26976,
              27.7765884
            ],
            [
              -118.264267,
              27.8013515
            ],
            [
              -118.258286,
              27.8260593
            ],
            [
              -118.251801,
              27.8507004
            ],
            [
              -118.24482,
              27.8752689
            ],
            [
              -118.237335,
              27.8997555
            ],
            [
              -118.22934,
              27.9241524
            ],
            [
              -118.220863,
              27.948452
            ],
            [
              -118.211884,
              27.9726486
            ],
            [
              -118.202408,
              27.9967308
            ],
            [
              -118.192436,
              28.0206928
            ],
            [
              -118.181976,
              28.0445251
            ],
            [
              -118.171051,
              28.0682182
            ],
            [
              -118.159599,
              28.0917702
            ],
            [
              -118.147675,
              28.1151676
            ],
            [
              -118.135269,
              28.1384068
            ],
            [
              -118.122368,
              28.161478
            ],
            [
              -118.109009,
              28.1843739
            ],
            [
              -118.095161,
              28.2070847
            ],
            [
              -118.080849,
              28.2296066
            ],
            [
              -118.066071,
              28.2519302
            ],
            [
              -118.050812,
              28.2740479
            ],
            [
              -118.035072,
              28.2959499
            ],
            [
              -118.018906,
              28.3176327
            ],
            [
              -118.002266,
              28.3390846
            ],
            [
              -117.985176,
              28.3603001
            ],
            [
              -117.96756,
              28.3812027
            ],
            [
              -117.949326,
              28.4017048
            ],
            [
              -117.930504,
              28.421793
            ],
            [
              -117.911095,
              28.4414597
            ],
            [
              -117.891113,
              28.4606895
            ],
            [
              -117.870567,
              28.479475
            ],
            [
              -117.849472,
              28.4977989
            ],
            [
              -117.827843,
              28.5156555
            ],
            [
              -117.805695,
              28.5330296
            ],
            [
              -117.783096,
              28.5499878
            ],
            [
              -117.760162,
              28.5665932
            ],
            [
              -117.7369,
              28.5828381
            ],
            [
              -117.71331,
              28.5987244
            ],
            [
              -117.689384,
              28.6142406
            ],
            [
              -117.665176,
              28.6293812
            ],
            [
              -117.640656,
              28.6441479
            ],
            [
              -117.615814,
              28.6585293
            ],
            [
              -117.590714,
              28.6725254
            ],
            [
              -117.565323,
              28.6861305
            ],
            [
              -117.539658,
              28.6993408
            ],
            [
              -117.51371,
              28.7121506
            ],
            [
              -117.487534,
              28.7245579
            ],
            [
              -117.461098,
              28.7365551
            ],
            [
              -117.434433,
              28.7481384
            ],
            [
              -117.407509,
              28.7593117
            ],
            [
              -117.380371,
              28.7700672
            ],
            [
              -117.353027,
              28.7803955
            ],
            [
              -117.325478,
              28.7903004
            ],
            [
              -117.297729,
              28.799778
            ],
            [
              -117.269791,
              28.8088207
            ],
            [
              -117.241646,
              28.8174343
            ],
            [
              -117.213364,
              28.8256092
            ],
            [
              -117.184906,
              28.8333397
            ],
            [
              -117.156288,
              28.8406334
            ],
            [
              -117.127525,
              28.8474808
            ],
            [
              -117.098648,
              28.8538857
            ],
            [
              -117.069633,
              28.8598366
            ],
            [
              -117.040497,
              28.8653355
            ],
            [
              -117.011246,
              28.8703842
            ],
            [
              -116.981918,
              28.874979
            ],
            [
              -116.952477,
              28.8791237
            ],
            [
              -116.922958,
              28.8828049
            ],
            [
              -116.893394,
              28.8860302
            ],
            [
              -116.863739,
              28.8887978
            ],
            [
              -116.834038,
              28.8911037
            ],
            [
              -116.804306,
              28.892952
            ],
            [
              -116.774536,
              28.8943348
            ],
            [
              -116.744736,
              28.8952599
            ],
            [
              -116.714928,
              28.8957214
            ],
            [
              -116.685112,
              28.8957214
            ]
          ]
        ]
      },
      "properties": {
        "RADII": 34,
        "STORMID": "ep182026",
        "BASIN": "ep",
        "STORMNUM": 18,
        "ADVNUM": "55A",
        "VALIDTIME": "2026101100",
        "SYNOPTIME": "2026101018",
        "TIMEZONE": "UTC",
        "TAU": 0,
        "NE": 90,
        "SE": 120,
        "SW": 80,
        "NW": 90,
        "nhc_product": "wind_radii",
        "atcf": "ep182026",
        "storm_name": "Rachel",
        "storm_id": "18E"
      }
    },
    {
      "type": "Feature",
      "geometry": {
        "type": "Polygon",
        "coordinates": [
          [
            [
              -116.700005,
              27.4000015
            ],
            [
              -116.700005,
              27.3999996
            ],
            [
              -116.700005,
              27.3999996
            ],
            [
              -116.700005,
              27.3999977
            ],
            [
              -116.700005,
              27.3999977
            ],
            [
              -116.700005,
              27.3999977
            ],
            [
              -116.700005,
              27.3999977
            ],
            [
              -116.700005,
              27.3999977
            ],
            [
              -116.700005,
              27.3999977
            ],
            [
              -116.700005,
              27.3999977
            ],
            [
              -116.700005,
              27.3999977
            ],
            [
              -116.700005,
              27.3999977
            ],
            [
              -116.700005,
              27.3999977
            ],
            [
              -116.700005,
              27.3999977
            ],
            [
              -116.700005,
              27.3999977
            ],
            [
              -116.700005,
              27.3999977
            ],
            [
              -116.700005,
              27.3999977
            ],
            [
              -116.700005,
              27.3999977
            ],
            [
              -116.700005,
              27.3999977
            ],
            [
              -116.700005,
              27.3999977
            ],
            [
              -116.700005,
              27.3999977
            ],
            [
              -116.700005,
              27.3999977
            ],
            [
              -116.700005,
              27.3999977
            ],
            [
              -116.700005,
              27.3999977
            ],
            [
              -116.700005,
              27.3999977
            ],
            [
              -116.700005,
              27.3999977
            ],
            [
              -116.700005,
              27.3999977
            ],
            [
              -116.700005,
              27.3999977
            ],
            [
              -116.700005,
              27.3999977
            ],
            [
              -116.700005,
              27.3999977
            ],
            [
              -116.700005,
              27.3999977
            ],
            [
              -116.700005,
              27.3999977
            ],
            [
              -116.700005,
              27.3999977
            ],
            [
              -116.700005,
              27.3999977
            ],
            [
              -116.700005,
              27.3999977
            ],
            [
              -116.700005,
              27.3999977
            ],
            [
              -116.700005,
              27.3999977
            ],
            [
              -116.700005,
              27.3999977
            ],
            [
              -116.700005,
              27.3999977
            ],
            [
              -116.700005,
              27.3999977
            ],
            [
              -116.700005,
              27.3999977
            ],
            [
              -116.700005,
              27.3999977
            ],
            [
              -116.700005,
              27.3999977
            ],
            [
              -116.700005,
              27.3999977
            ],
            [
              -116.700005,
              27.3999977
            ],
            [
              -116.700005,
              27.3999977
            ],
            [
              -116.700005,
              27.3999977
            ],
            [
              -116.700005,
              27.3999977
            ],
            [
              -116.700005,
              27.3999977
            ],
            [
              -116.700005,
              27.3999977
            ],
            [
              -116.700005,
              27.3999977
            ],
            [
              -116.700005,
              27.3999977
            ],
            [
              -116.700005,
              27.3999977
            ],
            [
              -116.700005,
              27.3999977
            ],
            [
              -116.700005,
              27.3999977
            ],
            [
              -116.700005,
              27.3999977
            ],
            [
              -116.700005,
              27.3999977
            ],
            [
              -116.700005,
              27.3999977
            ],
            [
              -116.700005,
              27.3999977
            ],
            [
              -116.700005,
              27.3999977
            ],
            [
              -116.700005,
              27.3999977
            ],
            [
              -116.700005,
              27.3999977
            ],
            [
              -116.700005,
              27.3999977
            ],
            [
              -116.700005,
              27.3999977
            ],
            [
              -116.700005,
              27.3999977
            ],
            [
              -116.700005,
              27.3999977
            ],
            [
              -116.700005,
              27.3999977
            ],
            [
              -116.700005,
              27.3999977
            ],
            [
              -116.700005,
              27.3999977
            ],
            [
              -116.700005,
              27.3999977
            ],
            [
              -116.700005,
              27.3999977
            ],
            [
              -116.700005,
              27.3999977
            ],
            [
              -116.700005,
              27.3999977
            ],
            [
              -116.700005,
              27.3999977
            ],
            [
              -116.700005,
              27.3999977
            ],
            [
              -116.700005,
              27.3999977
            ],
            [
              -116.700005,
              27.3999977
            ],
            [
              -116.700005,
              27.3999977
            ],
            [
              -116.700005,
              27.3999977
            ],
            [
              -116.700005,
              27.3999977
            ],
            [
              -116.700005,
              27.3999977
            ],
            [
              -116.700005,
              27.3999977
            ],
            [
              -116.700005,
              27.3999977
            ],
            [
              -116.700005,
              27.3999977
            ],
            [
              -116.700005,
              27.3999977
            ],
            [
              -116.700005,
              27.3999977
            ],
            [
              -116.700005,
              27.3999977
            ],
            [
              -116.700005,
              27.3999977
            ],
            [
              -116.700005,
              27.3999977
            ],
            [
              -116.700005,
              27.3999977
            ],
            [
              -116.700005,
              27.3999977
            ],
            [
              -116.700005,
              27.3999977
            ],
            [
              -116.700005,
              27.3999977
            ],
            [
              -116.700005,
              27.3999977
            ],
            [
              -116.700005,
              27.3999977
            ],
            [
              -116.700005,
              27.3999977
            ],
            [
              -116.700005,
              27.3999977
            ],
            [
              -116.700005,
              27.3999977
            ],
            [
              -116.700005,
              27.3999977
            ],
            [
              -116.700005,
              27.3999977
            ],
            [
              -116.700005,
              27.3999977
            ],
            [
              -116.700005,
              27.3999977
            ],
            [
              -116.700005,
              27.3999977
            ],
            [
              -116.700005,
              27.3999977
            ],
            [
              -116.700005,
              27.3999977
            ],
            [
              -116.700005,
              27.3999977
            ],
            [
              -116.700005,
              27.3999977
            ],
            [
              -116.700005,
              27.3999977
            ],
            [
              -116.700005,
              27.3999977
            ],
            [
              -116.700005,
              27.3999977
            ],
            [
              -116.700005,
              27.3999977
            ],
            [
              -116.700005,
              27.3999977
            ],
            [
              -116.700005,
              27.3999977
            ],
            [
              -116.700005,
              27.3999977
            ],
            [
              -116.700005,
              27.3999977
            ],
            [
              -116.700005,
              27.3999977
            ],
            [
              -116.700005,
              27.3999977
            ],
            [
              -116.700005,
              27.3999977
            ],
            [
              -116.700005,
              27.3999977
            ],
            [
              -116.700005,
              27.3999977
            ],
            [
              -116.700005,
              27.3999977
            ],
            [
              -116.700005,
              27.3999977
            ],
            [
              -116.700005,
              27.3999977
            ],
            [
              -116.700005,
              27.3999977
            ],
            [
              -116.700005,
              27.3999977
            ],
            [
              -116.700005,
              27.3999977
            ],
            [
              -116.700005,
              27.3999977
            ],
            [
              -116.700005,
              27.3999977
            ],
            [
              -116.700005,
              27.3999977
            ],
            [
              -116.700005,
              27.3999977
            ],
            [
              -116.700005,
              27.3999977
            ],
            [
              -116.699692,
              27.3997059
            ],
            [
              -116.69873,
              27.3988113
            ],
            [
              -116.697174,
              27.3972988
            ],
            [
              -116.695015,
              27.3951454
            ],
            [
              -116.692314,
              27.3923321
            ],
            [
              -116.689072,
              27.3888474
            ],
            [
              -116.685333,
              27.3846664
            ],
            [
              -116.681114,
              27.3797779
            ],
            [
              -116.676445,
              27.3741646
            ],
            [
              -116.671661,
              27.3681011
            ],
            [
              -116.667114,
              27.3618851
            ],
            [
              -116.662811,
              27.3555183
            ],
            [
              -116.658745,
              27.3490124
            ],
            [
              -116.654922,
              27.3423634
            ],
            [
              -116.651352,
              27.3355865
            ],
            [
              -116.648041,
              27.32868
            ],
            [
              -116.644989,
              27.3216553
            ],
            [
              -116.642197,
              27.3145123
            ],
            [
              -116.639664,
              27.3072624
            ],
            [
              -116.637413,
              27.2999134
            ],
            [
              -116.635414,
              27.2924633
            ],
            [
              -116.633705,
              27.2849255
            ],
            [
              -116.632271,
              27.2773037
            ],
            [
              -116.631119,
              27.2696056
            ],
            [
              -116.630249,
              27.2618351
            ],
            [
              -116.629669,
              27.2539978
            ],
            [
              -116.629356,
              27.2461033
            ],
            [
              -116.629341,
              27.2381592
            ],
            [
              -116.629623,
              27.2301712
            ],
            [
              -116.630211,
              27.2221413
            ],
            [
              -116.631073,
              27.2140808
            ],
            [
              -116.632256,
              27.2059917
            ],
            [
              -116.633705,
              27.1978893
            ],
            [
              -116.635468,
              27.1897736
            ],
            [
              -116.637535,
              27.181654
            ],
            [
              -116.639893,
              27.1735363
            ],
            [
              -116.642548,
              27.1654282
            ],
            [
              -116.645508,
              27.1573334
            ],
            [
              -116.648766,
              27.1492615
            ],
            [
              -116.652328,
              27.1412201
            ],
            [
              -116.656197,
              27.1332169
            ],
            [
              -116.660347,
              27.1252518
            ],
            [
              -116.664795,
              27.1173382
            ],
            [
              -116.669556,
              27.1094818
            ],
            [
              -116.674614,
              27.1016922
            ],
            [
              -116.679947,
              27.0939693
            ],
            [
              -116.685585,
              27.0863266
            ],
            [
              -116.691528,
              27.0787659
            ],
            [
              -116.697754,
              27.0712986
            ],
            [
              -116.704277,
              27.0639267
            ],
            [
              -116.711075,
              27.0566578
            ],
            [
              -116.718155,
              27.0495033
            ],
            [
              -116.725517,
              27.0424633
            ],
            [
              -116.733185,
              27.0355492
            ],
            [
              -116.741104,
              27.0287647
            ],
            [
              -116.749306,
              27.0221195
            ],
            [
              -116.757782,
              27.0156174
            ],
            [
              -116.766518,
              27.009264
            ],
            [
              -116.775528,
              27.003067
            ],
            [
              -116.784805,
              26.9970322
            ],
            [
              -116.794327,
              26.9911671
            ],
            [
              -116.804115,
              26.9854794
            ],
            [
              -116.81414,
              26.9799709
            ],
            [
              -116.824409,
              26.9746494
            ],
            [
              -116.83493,
              26.9695206
            ],
            [
              -116.845688,
              26.964592
            ],
            [
              -116.856659,
              26.9598675
            ],
            [
              -116.867889,
              26.9553547
            ],
            [
              -116.879326,
              26.9510574
            ],
            [
              -116.890991,
              26.9469795
            ],
            [
              -116.902847,
              26.9431286
            ],
            [
              -116.914932,
              26.9395142
            ],
            [
              -116.927208,
              26.9361343
            ],
            [
              -116.939667,
              26.9329967
            ],
            [
              -116.952339,
              26.9301071
            ],
            [
              -116.965179,
              26.9274712
            ],
            [
              -116.978203,
              26.9250927
            ],
            [
              -116.991402,
              26.9229755
            ],
            [
              -117.004761,
              26.9211254
            ],
            [
              -117.01828,
              26.9195461
            ],
            [
              -117.031967,
              26.9182396
            ],
            [
              -117.045776,
              26.9172134
            ],
            [
              -117.059731,
              26.9164753
            ],
            [
              -117.073822,
              26.9160233
            ],
            [
              -117.088043,
              26.915863
            ],
            [
              -117.102379,
              26.9159985
            ],
            [
              -117.116821,
              26.9164295
            ],
            [
              -117.131378,
              26.9171658
            ],
            [
              -117.146027,
              26.9182053
            ],
            [
              -117.160751,
              26.9195557
            ],
            [
              -117.174911,
              26.9217911
            ],
            [
              -117.187813,
              26.9254723
            ],
            [
              -117.199371,
              26.9305553
            ],
            [
              -117.209579,
              26.9369984
            ],
            [
              -117.218353,
              26.9447594
            ],
            [
              -117.225655,
              26.9538002
            ],
            [
              -117.231461,
              26.9640732
            ],
            [
              -117.235687,
              26.9755383
            ],
            [
              -117.238312,
              26.9881458
            ],
            [
              -117.239937,
              27.0012722
            ],
            [
              -117.241226,
              27.0143204
            ],
            [
              -117.242157,
              27.0272903
            ],
            [
              -117.24276,
              27.0401688
            ],
            [
              -117.243004,
              27.0529461
            ],
            [
              -117.242935,
              27.0656223
            ],
            [
              -117.242538,
              27.0781879
            ],
            [
              -117.241806,
              27.0906391
            ],
            [
              -117.240753,
              27.1029682
            ],
            [
              -117.23938,
              27.1151695
            ],
            [
              -117.237701,
              27.1272354
            ],
            [
              -117.235703,
              27.1391602
            ],
            [
              -117.233414,
              27.1509361
            ],
            [
              -117.23082,
              27.1625633
            ],
            [
              -117.227943,
              27.1740341
            ],
            [
              -117.22477,
              27.1853409
            ],
            [
              -117.221329,
              27.1964798
            ],
            [
              -117.217598,
              27.2074432
            ],
            [
              -117.213593,
              27.2182274
            ],
            [
              -117.209335,
              27.2288284
            ],
            [
              -117.204819,
              27.2392426
            ],
            [
              -117.200043,
              27.2494583
            ],
            [
              -117.19503,
              27.2594776
            ],
            [
              -117.189781,
              27.2692947
            ],
            [
              -117.184288,
              27.2789078
            ],
            [
              -117.178558,
              27.2883072
            ],
            [
              -117.172623,
              27.2974911
            ],
            [
              -117.166466,
              27.3064537
            ],
            [
              -117.160103,
              27.3151951
            ],
            [
              -117.153534,
              27.3237114
            ],
            [
              -117.146797,
              27.331995
            ],
            [
              -117.139854,
              27.3400478
            ],
            [
              -117.132744,
              27.3478603
            ],
            [
              -117.125458,
              27.3554344
            ],
            [
              -117.118004,
              27.3627663
            ],
            [
              -117.11039,
              27.3698521
            ],
            [
              -117.102623,
              27.376688
            ],
            [
              -117.094727,
              27.3832779
            ],
            [
              -117.0867,
              27.3896122
            ],
            [
              -117.078529,
              27.3956928
            ],
            [
              -117.070244,
              27.4015179
            ],
            [
              -117.061852,
              27.4070816
            ],
            [
              -117.053345,
              27.4123878
            ],
            [
              -117.044762,
              27.4174309
            ],
            [
              -117.036064,
              27.4222107
            ],
            [
              -117.027313,
              27.4267273
            ],
            [
              -117.018471,
              27.4309769
            ],
            [
              -117.00956,
              27.4349594
            ],
            [
              -117.000595,
              27.4386768
            ],
            [
              -116.991592,
              27.4421253
            ],
            [
              -116.982544,
              27.4453068
            ],
            [
              -116.973457,
              27.4482212
            ],
            [
              -116.964325,
              27.4508686
            ],
            [
              -116.9552,
              27.4532452
            ],
            [
              -116.94606,
              27.4553566
            ],
            [
              -116.936905,
              27.457201
            ],
            [
              -116.927765,
              27.4587784
            ],
            [
              -116.918633,
              27.4600906
            ],
            [
              -116.909515,
              27.4611378
            ],
            [
              -116.900429,
              27.4619217
            ],
            [
              -116.891388,
              27.4624405
            ],
            [
              -116.882378,
              27.4626999
            ],
            [
              -116.873428,
              27.4626961
            ],
            [
              -116.864532,
              27.4624386
            ],
            [
              -116.855698,
              27.4619217
            ],
            [
              -116.846954,
              27.4611549
            ],
            [
              -116.838272,
              27.4601345
            ],
            [
              -116.829681,
              27.4588661
            ],
            [
              -116.821198,
              27.4573441
            ],
            [
              -116.812782,
              27.4555836
            ],
            [
              -116.804497,
              27.4535809
            ],
            [
              -116.796333,
              27.4513359
            ],
            [
              -116.788292,
              27.4488583
            ],
            [
              -116.780365,
              27.4461441
            ],
            [
              -116.772583,
              27.443203
            ],
            [
              -116.764946,
              27.440033
            ],
            [
              -116.757446,
              27.4366417
            ],
            [
              -116.750122,
              27.4330349
            ],
            [
              -116.74295,
              27.4292068
            ],
            [
              -116.735947,
              27.4251747
            ],
            [
              -116.729111,
              27.4209309
            ],
            [
              -116.722794,
              27.4167767
            ],
            [
              -116.71727,
              27.4130249
            ],
            [
              -116.712563,
              27.4097023
            ],
            [
              -116.708649,
              27.406826
            ],
            [
              -116.705482,
              27.4044266
            ],
            [
              -116.703056,
              27.4025211
            ],
            [
              -116.701347,
              27.4011326
            ],
            [
              -116.700348,
              27.4002857
            ],
            [
              -116.700005,
              27.3999977
            ],
            [
              -116.700005,
              27.3999977
            ],
            [
              -116.700005,
              27.3999977
            ],
            [
              -116.700005,
              27.3999977
            ],
            [
              -116.700005,
              27.3999977
            ],
            [
              -116.700005,
              27.3999977
            ],
            [
              -116.700005,
              27.3999977
            ],
            [
              -116.700005,
              27.3999977
            ],
            [
              -116.700005,
              27.3999977
            ],
            [
              -116.700005,
              27.3999977
            ],
            [
              -116.700005,
              27.3999977
            ],
            [
              -116.700005,
              27.3999977
            ],
            [
              -116.700005,
              27.3999977
            ],
            [
              -116.700005,
              27.3999977
            ],
            [
              -116.700005,
              27.3999977
            ],
            [
              -116.700005,
              27.3999977
            ],
            [
              -116.700005,
              27.3999977
            ],
            [
              -116.700005,
              27.3999977
            ],
            [
              -116.700005,
              27.3999977
            ],
            [
              -116.700005,
              27.3999977
            ],
            [
              -116.700005,
              27.3999977
            ],
            [
              -116.700005,
              27.3999977
            ],
            [
              -116.700005,
              27.3999977
            ],
            [
              -116.700005,
              27.3999977
            ],
            [
              -116.700005,
              27.3999977
            ],
            [
              -116.700005,
              27.3999977
            ],
            [
              -116.700005,
              27.3999977
            ],
            [
              -116.700005,
              27.3999977
            ],
            [
              -116.700005,
              27.3999977
            ],
            [
              -116.700005,
              27.3999977
            ],
            [
              -116.700005,
              27.3999977
            ],
            [
              -116.700005,
              27.3999977
            ],
            [
              -116.700005,
              27.3999977
            ],
            [
              -116.700005,
              27.3999977
            ],
            [
              -116.700005,
              27.3999977
            ],
            [
              -116.700005,
              27.3999977
            ],
            [
              -116.700005,
              27.3999977
            ],
            [
              -116.700005,
              27.3999977
            ],
            [
              -116.700005,
              27.3999996
            ],
            [
              -116.700005,
              27.3999996
            ],
            [
              -116.700005,
              27.4000015
            ],
            [
              -116.700005,
              27.4000015
            ]
          ]
        ]
      },
      "properties": {
        "RADII": 50,
        "STORMID": "ep182026",
        "BASIN": "ep",
        "STORMNUM": 18,
        "ADVNUM": "55A",
        "VALIDTIME": "2026101100",
        "SYNOPTIME": "2026101018",
        "TIMEZONE": "UTC",
        "TAU": 0,
        "NE": 0,
        "SE": 0,
        "SW": 40,
        "NW": 0,
        "nhc_product": "wind_radii",
        "atcf": "ep182026",
        "storm_name": "Rachel",
        "storm_id": "18E"
      }
    },
    {
      "type": "Feature",
      "geometry": {
        "type": "Polygon",
        "coordinates": [
          [
            [
              -116.685097,
              28.8972626
            ],
            [
              -116.655243,
              28.896801
            ],
            [
              -116.625427,
              28.8958759
            ],
            [
              -116.595619,
              28.8944893
            ],
            [
              -116.565849,
              28.892643
            ],
            [
              -116.53611,
              28.8903332
            ],
            [
              -116.506439,
              28.8875637
            ],
            [
              -116.47683,
              28.8843327
            ],
            [
              -116.447281,
              28.8806458
            ],
            [
              -116.417824,
              28.876503
            ],
            [
              -116.388443,
              28.8719025
            ],
            [
              -116.359169,
              28.8668442
            ],
            [
              -116.330002,
              28.8613396
            ],
            [
              -116.300964,
              28.855381
            ],
            [
              -116.272034,
              28.8489742
            ],
            [
              -116.243248,
              28.8421192
            ],
            [
              -116.2146,
              28.8348179
            ],
            [
              -116.186119,
              28.827076
            ],
            [
              -116.157799,
              28.8188934
            ],
            [
              -116.129646,
              28.8102741
            ],
            [
              -116.101669,
              28.8012199
            ],
            [
              -116.073883,
              28.7917328
            ],
            [
              -116.046303,
              28.7818184
            ],
            [
              -116.018929,
              28.7714748
            ],
            [
              -115.99176,
              28.7607098
            ],
            [
              -115.964821,
              28.7495289
            ],
            [
              -115.938118,
              28.7379284
            ],
            [
              -115.911652,
              28.7259178
            ],
            [
              -115.885445,
              28.7134991
            ],
            [
              -115.859489,
              28.700676
            ],
            [
              -115.833794,
              28.6874561
            ],
            [
              -115.808372,
              28.6738338
            ],
            [
              -115.783234,
              28.6598244
            ],
            [
              -115.758385,
              28.6454277
            ],
            [
              -115.733841,
              28.6306438
            ],
            [
              -115.709587,
              28.6154861
            ],
            [
              -115.685661,
              28.5999546
            ],
            [
              -115.662041,
              28.5840549
            ],
            [
              -115.638748,
              28.567791
            ],
            [
              -115.615799,
              28.5511703
            ],
            [
              -115.593193,
              28.534193
            ],
            [
              -115.570923,
              28.5168724
            ],
            [
              -115.549011,
              28.4992085
            ],
            [
              -115.527458,
              28.4812069
            ],
            [
              -115.506287,
              28.4628735
            ],
            [
              -115.485466,
              28.4442158
            ],
            [
              -115.465042,
              28.4252396
            ],
            [
              -115.445,
              28.4059505
            ],
            [
              -115.425362,
              28.3863525
            ],
            [
              -115.406113,
              28.3664513
            ],
            [
              -115.38726,
              28.3462582
            ],
            [
              -115.368835,
              28.3257751
            ],
            [
              -115.350815,
              28.3050098
            ],
            [
              -115.333221,
              28.2839699
            ],
            [
              -115.316048,
              28.2626591
            ],
            [
              -115.299316,
              28.241087
            ],
            [
              -115.28302,
              28.2192574
            ],
            [
              -115.267159,
              28.1971798
            ],
            [
              -115.251732,
              28.1748581
            ],
            [
              -115.236778,
              28.1523037
            ],
            [
              -115.222267,
              28.1295204
            ],
            [
              -115.208214,
              28.1065159
            ],
            [
              -115.194633,
              28.0832958
            ],
            [
              -115.181511,
              28.0598698
            ],
            [
              -115.168861,
              28.0362434
            ],
            [
              -115.156685,
              28.0124264
            ],
            [
              -115.144997,
              27.9884243
            ],
            [
              -115.133781,
              27.9642448
            ],
            [
              -115.123039,
              27.9398937
            ],
            [
              -115.112808,
              27.9153805
            ],
            [
              -115.103058,
              27.8907146
            ],
            [
              -115.093796,
              27.8659
            ],
            [
              -115.085022,
              27.8409462
            ],
            [
              -115.076759,
              27.8158607
            ],
            [
              -115.068985,
              27.7906494
            ],
            [
              -115.061722,
              27.7653217
            ],
            [
              -115.054955,
              27.7398872
            ],
            [
              -115.048698,
              27.7143517
            ],
            [
              -115.042953,
              27.6887207
            ],
            [
              -115.037704,
              27.6630077
            ],
            [
              -115.032982,
              27.6372185
            ],
            [
              -115.028755,
              27.6113567
            ],
            [
              -115.025055,
              27.585434
            ],
            [
              -115.021858,
              27.5594578
            ],
            [
              -115.019165,
              27.5334358
            ],
            [
              -115.016998,
              27.5073776
            ],
            [
              -115.015343,
              27.4812889
            ],
            [
              -115.014198,
              27.4551792
            ],
            [
              -115.013565,
              27.4290562
            ],
            [
              -115.013458,
              27.4029255
            ],
            [
              -114.451996,
              27.364563
            ],
            [
              -114.453392,
              27.3297482
            ],
            [
              -114.455467,
              27.29496
            ],
            [
              -114.458214,
              27.26021
            ],
            [
              -114.461655,
              27.2255058
            ],
            [
              -114.465767,
              27.1908607
            ],
            [
              -114.470551,
              27.1562881
            ],
            [
              -114.476013,
              27.1217918
            ],
            [
              -114.482147,
              27.0873852
            ],
            [
              -114.488945,
              27.0530777
            ],
            [
              -114.496422,
              27.0188828
            ],
            [
              -114.504555,
              26.984808
            ],
            [
              -114.513344,
              26.9508648
            ],
            [
              -114.522797,
              26.9170628
            ],
            [
              -114.532898,
              26.8834114
            ],
            [
              -114.543655,
              26.8499203
            ],
            [
              -114.555054,
              26.8166027
            ],
            [
              -114.567101,
              26.7834682
            ],
            [
              -114.579781,
              26.7505226
            ],
            [
              -114.593102,
              26.7177792
            ],
            [
              -114.607048,
              26.6852455
            ],
            [
              -114.621613,
              26.652935
            ],
            [
              -114.636803,
              26.6208534
            ],
            [
              -114.652618,
              26.5890102
            ],
            [
              -114.669022,
              26.5574188
            ],
            [
              -114.686043,
              26.5260849
            ],
            [
              -114.703667,
              26.4950199
            ],
            [
              -114.721878,
              26.4642353
            ],
            [
              -114.740677,
              26.433733
            ],
            [
              -114.760056,
              26.4035282
            ],
            [
              -114.780014,
              26.3736267
            ],
            [
              -114.800529,
              26.3440399
            ],
            [
              -114.821625,
              26.3147736
            ],
            [
              -114.843262,
              26.285841
            ],
            [
              -114.865463,
              26.257246
            ],
            [
              -114.888191,
              26.2290001
            ],
            [
              -114.911453,
              26.2011108
            ],
            [
              -114.935249,
              26.1735821
            ],
            [
              -114.959564,
              26.1464291
            ],
            [
              -114.98439,
              26.1196556
            ],
            [
              -115.009727,
              26.0932713
            ],
            [
              -115.035545,
              26.0672836
            ],
            [
              -115.061867,
              26.0416985
            ],
            [
              -115.088669,
              26.0165253
            ],
            [
              -115.115936,
              25.9917698
            ],
            [
              -115.143684,
              25.9674416
            ],
            [
              -115.171875,
              25.9435463
            ],
            [
              -115.200523,
              25.9200916
            ],
            [
              -115.229591,
              25.8970852
            ],
            [
              -115.259109,
              25.8745308
            ],
            [
              -115.28904,
              25.8524399
            ],
            [
              -115.319382,
              25.8308105
            ],
            [
              -115.350128,
              25.8096581
            ],
            [
              -115.381279,
              25.7889843
            ],
            [
              -115.412804,
              25.768795
            ],
            [
              -115.444717,
              25.7490978
            ],
            [
              -115.476982,
              25.7298965
            ],
            [
              -115.509605,
              25.7111988
            ],
            [
              -115.54258,
              25.6930103
            ],
            [
              -115.575897,
              25.675333
            ],
            [
              -115.609528,
              25.6581783
            ],
            [
              -115.643486,
              25.6415424
            ],
            [
              -115.67775,
              25.6254387
            ],
            [
              -115.712311,
              25.6098671
            ],
            [
              -115.747154,
              25.5948334
            ],
            [
              -115.78228,
              25.5803413
            ],
            [
              -115.817673,
              25.5663929
            ],
            [
              -115.85331,
              25.5529976
            ],
            [
              -115.889214,
              25.5401554
            ],
            [
              -115.925331,
              25.527874
            ],
            [
              -115.961693,
              25.5161514
            ],
            [
              -115.998245,
              25.5049934
            ],
            [
              -116.035019,
              25.4944057
            ],
            [
              -116.071991,
              25.4843864
            ],
            [
              -116.109131,
              25.4749432
            ],
            [
              -116.146454,
              25.4660759
            ],
            [
              -116.183922,
              25.4577885
            ],
            [
              -116.221558,
              25.4500847
            ],
            [
              -116.259315,
              25.4429626
            ],
            [
              -116.297203,
              25.4364281
            ],
            [
              -116.33522,
              25.4304771
            ],
            [
              -116.373337,
              25.4251232
            ],
            [
              -116.411545,
              25.4203548
            ],
            [
              -116.449837,
              25.4161835
            ],
            [
              -116.488205,
              25.4126034
            ],
            [
              -116.526634,
              25.4096203
            ],
            [
              -116.565102,
              25.4072304
            ],
            [
              -116.603622,
              25.4054394
            ],
            [
              -116.642159,
              25.4042435
            ],
            [
              -116.680725,
              25.4036465
            ],
            [
              -116.712936,
              26.0690975
            ],
            [
              -116.738792,
              26.0694981
            ],
            [
              -116.764641,
              26.0702991
            ],
            [
              -116.790459,
              26.0715008
            ],
            [
              -116.816246,
              26.073103
            ],
            [
              -116.84201,
              26.0751038
            ],
            [
              -116.867729,
              26.0775032
            ],
            [
              -116.893417,
              26.0803013
            ],
            [
              -116.919029,
              26.083498
            ],
            [
              -116.944572,
              26.0870876
            ],
            [
              -116.970047,
              26.0910759
            ],
            [
              -116.995445,
              26.0954552
            ],
            [
              -117.02076,
              26.1002293
            ],
            [
              -117.045975,
              26.1053963
            ],
            [
              -117.071098,
              26.1109524
            ],
            [
              -117.096107,
              26.1168957
            ],
            [
              -117.120995,
              26.1232262
            ],
            [
              -117.14576,
              26.12994
            ],
            [
              -117.170395,
              26.1370373
            ],
            [
              -117.194885,
              26.144516
            ],
            [
              -117.219238,
              26.1523724
            ],
            [
              -117.243431,
              26.1606064
            ],
            [
              -117.267479,
              26.1692142
            ],
            [
              -117.291344,
              26.178194
            ],
            [
              -117.315025,
              26.1875401
            ],
            [
              -117.338554,
              26.1972485
            ],
            [
              -117.36187,
              26.207325
            ],
            [
              -117.384995,
              26.2177601
            ],
            [
              -117.407936,
              26.2285538
            ],
            [
              -117.430649,
              26.2396984
            ],
            [
              -117.453148,
              26.251194
            ],
            [
              -117.475426,
              26.2630386
            ],
            [
              -117.497475,
              26.2752228
            ],
            [
              -117.519295,
              26.2877502
            ],
            [
              -117.540878,
              26.3006115
            ],
            [
              -117.562202,
              26.3138046
            ],
            [
              -117.583267,
              26.3273296
            ],
            [
              -117.604065,
              26.3411751
            ],
            [
              -117.624611,
              26.3553429
            ],
            [
              -117.644875,
              26.3698254
            ],
            [
              -117.664856,
              26.3846226
            ],
            [
              -117.684555,
              26.399725
            ],
            [
              -117.703964,
              26.4151306
            ],
            [
              -117.723076,
              26.4308357
            ],
            [
              -117.74189,
              26.4468327
            ],
            [
              -117.760384,
              26.4631195
            ],
            [
              -117.778564,
              26.4796925
            ],
            [
              -117.796417,
              26.496542
            ],
            [
              -117.813957,
              26.5136662
            ],
            [
              -117.831169,
              26.5310593
            ],
            [
              -117.84803,
              26.5487156
            ],
            [
              -117.864555,
              26.5666332
            ],
            [
              -117.88073,
              26.5848026
            ],
            [
              -117.896568,
              26.60322
            ],
            [
              -117.912025,
              26.6218815
            ],
            [
              -117.927147,
              26.6407776
            ],
            [
              -117.941887,
              26.6599064
            ],
            [
              -117.956261,
              26.6792603
            ],
            [
              -117.970245,
              26.6988335
            ],
            [
              -117.983871,
              26.7186184
            ],
            [
              -117.997108,
              26.7386131
            ],
            [
              -118.009949,
              26.75881
            ],
            [
              -118.022408,
              26.7792034
            ],
            [
              -118.03447,
              26.7997894
            ],
            [
              -118.04612,
              26.8205547
            ],
            [
              -118.057373,
              26.8414993
            ],
            [
              -118.068222,
              26.8626137
            ],
            [
              -118.078659,
              26.883894
            ],
            [
              -118.088669,
              26.9053326
            ],
            [
              -118.098274,
              26.9269238
            ],
            [
              -118.107468,
              26.9486599
            ],
            [
              -118.116226,
              26.9705353
            ],
            [
              -118.124557,
              26.9925423
            ],
            [
              -118.132469,
              27.0146751
            ],
            [
              -118.139938,
              27.0369282
            ],
            [
              -118.146973,
              27.0592937
            ],
            [
              -118.153587,
              27.0817623
            ],
            [
              -118.159744,
              27.1043339
            ],
            [
              -118.165466,
              27.1269932
            ],
            [
              -118.170753,
              27.1497402
            ],
            [
              -118.175591,
              27.1725655
            ],
            [
              -118.179977,
              27.1954613
            ],
            [
              -118.183922,
              27.2184238
            ],
            [
              -118.187408,
              27.2414436
            ],
            [
              -118.190453,
              27.2645111
            ],
            [
              -118.193039,
              27.2876225
            ],
            [
              -118.195183,
              27.3107719
            ],
            [
              -118.196861,
              27.333952
            ],
            [
              -118.19809,
              27.3571529
            ],
            [
              -118.198853,
              27.3803711
            ],
            [
              -118.386566,
              27.4029179
            ],
            [
              -118.386452,
              27.4290485
            ],
            [
              -118.385826,
              27.4551735
            ],
            [
              -118.384674,
              27.4812832
            ],
            [
              -118.383026,
              27.50737
            ],
            [
              -118.380852,
              27.5334301
            ],
            [
              -118.378174,
              27.5594501
            ],
            [
              -118.374977,
              27.5854263
            ],
            [
              -118.371262,
              27.6113491
            ],
            [
              -118.367043,
              27.6372089
            ],
            [
              -118.362312,
              27.6630001
            ],
            [
              -118.357071,
              27.6887169
            ],
            [
              -118.351318,
              27.714344
            ],
            [
              -118.345062,
              27.7398796
            ],
            [
              -118.338303,
              27.765316
            ],
            [
              -118.331032,
              27.7906418
            ],
            [
              -118.323257,
              27.8158531
            ],
            [
              -118.314995,
              27.8409386
            ],
            [
              -118.306229,
              27.8658924
            ],
            [
              -118.296974,
              27.890707
            ],
            [
              -118.287224,
              27.9153748
            ],
            [
              -118.276978,
              27.939888
            ],
            [
              -118.266243,
              27.9642372
            ],
            [
              -118.255028,
              27.9884186
            ],
            [
              -118.243332,
              28.0124207
            ],
            [
              -118.231163,
              28.0362377
            ],
            [
              -118.218513,
              28.059864
            ],
            [
              -118.205399,
              28.0832901
            ],
            [
              -118.191803,
              28.1065083
            ],
            [
              -118.17775,
              28.1295128
            ],
            [
              -118.163246,
              28.1522961
            ],
            [
              -118.148285,
              28.1748524
            ],
            [
              -118.132874,
              28.1971722
            ],
            [
              -118.11702,
              28.2192516
            ],
            [
              -118.100708,
              28.2410812
            ],
            [
              -118.083969,
              28.2626534
            ],
            [
              -118.066803,
              28.2839622
            ],
            [
              -118.049202,
              28.3050041
            ],
            [
              -118.031189,
              28.3257694
            ],
            [
              -118.012756,
              28.3462524
            ],
            [
              -117.993919,
              28.3664474
            ],
            [
              -117.974678,
              28.3863449
            ],
            [
              -117.955017,
              28.4059429
            ],
            [
              -117.934975,
              28.4252338
            ],
            [
              -117.914558,
              28.4442101
            ],
            [
              -117.893753,
              28.4628696
            ],
            [
              -117.872566,
              28.4812012
            ],
            [
              -117.851021,
              28.4992027
            ],
            [
              -117.829109,
              28.5168686
            ],
            [
              -117.806847,
              28.5341911
            ],
            [
              -117.784218,
              28.5511646
            ],
            [
              -117.761269,
              28.5677872
            ],
            [
              -117.737984,
              28.5840511
            ],
            [
              -117.714378,
              28.5999508
            ],
            [
              -117.69043,
              28.6154823
            ],
            [
              -117.666199,
              28.6306419
            ],
            [
              -117.641632,
              28.6454239
            ],
            [
              -117.616783,
              28.6598206
            ],
            [
              -117.591652,
              28.67383
            ],
            [
              -117.566231,
              28.6874504
            ],
            [
              -117.54055,
              28.7006721
            ],
            [
              -117.51458,
              28.7134972
            ],
            [
              -117.488365,
              28.7259178
            ],
            [
              -117.461906,
              28.7379246
            ],
            [
              -117.435196,
              28.7495251
            ],
            [
              -117.408257,
              28.7607098
            ],
            [
              -117.381104,
              28.7714748
            ],
            [
              -117.353729,
              28.7818165
            ],
            [
              -117.326134,
              28.791729
            ],
            [
              -117.298363,
              28.8012161
            ],
            [
              -117.270386,
              28.8102703
            ],
            [
              -117.242233,
              28.8188896
            ],
            [
              -117.213898,
              28.827076
            ],
            [
              -117.185417,
              28.8348179
            ],
            [
              -117.156769,
              28.8421154
            ],
            [
              -117.127991,
              28.8489704
            ],
            [
              -117.099068,
              28.855381
            ],
            [
              -117.070015,
              28.8613396
            ],
            [
              -117.040848,
              28.8668442
            ],
            [
              -117.011574,
              28.8718987
            ],
            [
              -116.982208,
              28.8764992
            ],
            [
              -116.952744,
              28.8806458
            ],
            [
              -116.92321,
              28.8843327
            ],
            [
              -116.893593,
              28.8875599
            ],
            [
              -116.863907,
              28.8903294
            ],
            [
              -116.834183,
              28.8926392
            ],
            [
              -116.804413,
              28.8944893
            ],
            [
              -116.774612,
              28.8958759
            ],
            [
              -116.744789,
              28.896801
            ],
            [
              -116.714943,
              28.8972626
            ],
            [
              -116.685097,
              28.8972626
            ]
          ]
        ]
      },
      "properties": {
        "RADII": 34,
        "STORMID": "ep182026",
        "BASIN": "ep",
        "STORMNUM": 18,
        "ADVNUM": "55A",
        "VALIDTIME": "2026101100",
        "SYNOPTIME": "2026101018",
        "TIMEZONE": "UTC",
        "TAU": 0,
        "NE": 90,
        "SE": 120,
        "SW": 80,
        "NW": 90,
        "nhc_product": "wind_radii",
        "atcf": "ep182026",
        "storm_name": "Rachel",
        "storm_id": "18E"
      }
    },
    {
      "type": "Feature",
      "geometry": {
        "type": "Polygon",
        "coordinates": [
          [
            [
              -116.700012,
              27.3999996
            ],
            [
              -116.700012,
              27.3999996
            ],
            [
              -116.700012,
              27.3999996
            ],
            [
              -116.700012,
              27.3999996
            ],
            [
              -116.700012,
              27.3999996
            ],
            [
              -116.700012,
              27.3999996
            ],
            [
              -116.700012,
              27.3999996
            ],
            [
              -116.700012,
              27.3999996
            ],
            [
              -116.700012,
              27.3999996
            ],
            [
              -116.700012,
              27.3999996
            ],
            [
              -116.700012,
              27.3999996
            ],
            [
              -116.700012,
              27.3999996
            ],
            [
              -116.700012,
              27.3999996
            ],
            [
              -116.700012,
              27.3999996
            ],
            [
              -116.700012,
              27.3999996
            ],
            [
              -116.700012,
              27.3999996
            ],
            [
              -116.700012,
              27.3999996
            ],
            [
              -116.700012,
              27.3999996
            ],
            [
              -116.700012,
              27.3999996
            ],
            [
              -116.700012,
              27.3999996
            ],
            [
              -116.700012,
              27.3999996
            ],
            [
              -116.700012,
              27.3999996
            ],
            [
              -116.700012,
              27.3999996
            ],
            [
              -116.700012,
              27.3999996
            ],
            [
              -116.700012,
              27.3999996
            ],
            [
              -116.700012,
              27.3999996
            ],
            [
              -116.700012,
              27.3999996
            ],
            [
              -116.700012,
              27.3999996
            ],
            [
              -116.700012,
              27.3999996
            ],
            [
              -116.700012,
              27.3999996
            ],
            [
              -116.700012,
              27.3999996
            ],
            [
              -116.700012,
              27.3999996
            ],
            [
              -116.700012,
              27.3999996
            ],
            [
              -116.700012,
              27.3999996
            ],
            [
              -116.700012,
              27.3999996
            ],
            [
              -116.700012,
              27.3999996
            ],
            [
              -116.700012,
              27.3999996
            ],
            [
              -116.700012,
              27.3999996
            ],
            [
              -116.700012,
              27.3999996
            ],
            [
              -116.700012,
              27.3999996
            ],
            [
              -116.700012,
              27.3999996
            ],
            [
              -116.700012,
              27.3999996
            ],
            [
              -116.700012,
              27.3999996
            ],
            [
              -116.700012,
              27.3999996
            ],
            [
              -116.700012,
              27.3999996
            ],
            [
              -116.700012,
              27.3999996
            ],
            [
              -116.700012,
              27.3999996
            ],
            [
              -116.700012,
              27.3999996
            ],
            [
              -116.700012,
              27.3999996
            ],
            [
              -116.700012,
              27.3999996
            ],
            [
              -116.700012,
              27.3999996
            ],
            [
              -116.700012,
              27.3999996
            ],
            [
              -116.700012,
              27.3999996
            ],
            [
              -116.700012,
              27.3999996
            ],
            [
              -116.700012,
              27.3999996
            ],
            [
              -116.700012,
              27.3999996
            ],
            [
              -116.700012,
              27.3999996
            ],
            [
              -116.700012,
              27.3999996
            ],
            [
              -116.700012,
              27.3999996
            ],
            [
              -116.700012,
              27.3999996
            ],
            [
              -116.700012,
              27.3999996
            ],
            [
              -116.700012,
              27.3999996
            ],
            [
              -116.700012,
              27.3999996
            ],
            [
              -116.700012,
              27.3999996
            ],
            [
              -116.700012,
              27.3999996
            ],
            [
              -116.700012,
              27.3999996
            ],
            [
              -116.700012,
              27.3999996
            ],
            [
              -116.700012,
              27.3999996
            ],
            [
              -116.700012,
              27.3999996
            ],
            [
              -116.700012,
              27.3999996
            ],
            [
              -116.700012,
              27.3999996
            ],
            [
              -116.700012,
              27.3999996
            ],
            [
              -116.700012,
              27.3999996
            ],
            [
              -116.700012,
              27.3999996
            ],
            [
              -116.700012,
              27.3999996
            ],
            [
              -116.700012,
              27.3999996
            ],
            [
              -116.700012,
              27.3999996
            ],
            [
              -116.700012,
              27.3999996
            ],
            [
              -116.700012,
              27.3999996
            ],
            [
              -116.700012,
              27.3999996
            ],
            [
              -116.700012,
              27.3999996
            ],
            [
              -116.700012,
              27.3999996
            ],
            [
              -116.700012,
              27.3999996
            ],
            [
              -116.700012,
              27.3999996
            ],
            [
              -116.700012,
              27.3999996
            ],
            [
              -116.700012,
              27.3999996
            ],
            [
              -116.700012,
              27.3999996
            ],
            [
              -116.700012,
              27.3999996
            ],
            [
              -116.700012,
              27.3999996
            ],
            [
              -116.700012,
              27.3999996
            ],
            [
              -116.700012,
              27.3999996
            ],
            [
              -116.700012,
              27.3999996
            ],
            [
              -116.700012,
              27.3999996
            ],
            [
              -116.700012,
              27.3999996
            ],
            [
              -116.700012,
              27.3999996
            ],
            [
              -116.700012,
              27.3999996
            ],
            [
              -116.700012,
              27.3999996
            ],
            [
              -116.700012,
              27.3999996
            ],
            [
              -116.700012,
              27.3999996
            ],
            [
              -116.700012,
              27.3999996
            ],
            [
              -116.700012,
              27.3999996
            ],
            [
              -116.700012,
              27.3999996
            ],
            [
              -116.700012,
              27.3999996
            ],
            [
              -116.700012,
              27.3999996
            ],
            [
              -116.700012,
              27.3999996
            ],
            [
              -116.700012,
              27.3999996
            ],
            [
              -116.700012,
              27.3999996
            ],
            [
              -116.700012,
              27.3999996
            ],
            [
              -116.700012,
              27.3999996
            ],
            [
              -116.700012,
              27.3999996
            ],
            [
              -116.700012,
              27.3999996
            ],
            [
              -116.700012,
              27.3999996
            ],
            [
              -116.700012,
              27.3999996
            ],
            [
              -116.700012,
              27.3999996
            ],
            [
              -116.700012,
              27.3999996
            ],
            [
              -116.700012,
              27.3999996
            ],
            [
              -116.700012,
              27.3999996
            ],
            [
              -116.700012,
              27.3999996
            ],
            [
              -116.700012,
              27.3999996
            ],
            [
              -116.700012,
              27.3999996
            ],
            [
              -116.700012,
              27.3999996
            ],
            [
              -116.700012,
              27.3999996
            ],
            [
              -116.700012,
              27.3999996
            ],
            [
              -116.700012,
              27.3999996
            ],
            [
              -116.700012,
              27.3999996
            ],
            [
              -116.700012,
              27.3999996
            ],
            [
              -116.700012,
              27.3999996
            ],
            [
              -116.700012,
              27.3999996
            ],
            [
              -116.700012,
              27.3999996
            ],
            [
              -116.700012,
              27.3999996
            ],
            [
              -116.700012,
              27.3999996
            ],
            [
              -116.700012,
              27.3999996
            ],
            [
              -116.700012,
              27.3999996
            ],
            [
              -116.700012,
              27.3999996
            ],
            [
              -116.700012,
              27.3999996
            ],
            [
              -116.700012,
              27.3999996
            ],
            [
              -116.700012,
              27.3999996
            ],
            [
              -116.700012,
              27.3999996
            ],
            [
              -116.700012,
              27.3999996
            ],
            [
              -116.700012,
              27.3999996
            ],
            [
              -116.700012,
              27.3999996
            ],
            [
              -116.700012,
              27.3999996
            ],
            [
              -116.700012,
              27.3999996
            ],
            [
              -116.700012,
              27.3999996
            ],
            [
              -116.700012,
              27.3999996
            ],
            [
              -116.700012,
              27.3999996
            ],
            [
              -116.700012,
              27.3999996
            ],
            [
              -116.700012,
              27.3999996
            ],
            [
              -116.700012,
              27.3999996
            ],
            [
              -116.700012,
              27.3999996
            ],
            [
              -116.700012,
              27.3999996
            ],
            [
              -116.700012,
              27.3999996
            ],
            [
              -116.700012,
              27.3999996
            ],
            [
              -116.700012,
              27.3999996
            ],
            [
              -116.700012,
              27.3999996
            ],
            [
              -116.700012,
              27.3999996
            ],
            [
              -116.700012,
              27.3999996
            ],
            [
              -116.700012,
              27.3999996
            ],
            [
              -116.700012,
              27.3999996
            ],
            [
              -116.700012,
              27.3999996
            ],
            [
              -116.700012,
              27.3999996
            ],
            [
              -116.700012,
              27.3999996
            ],
            [
              -116.700012,
              27.3999996
            ],
            [
              -116.700012,
              27.3999996
            ],
            [
              -116.700012,
              27.3999996
            ],
            [
              -116.700012,
              27.3999996
            ],
            [
              -116.700012,
              27.3999996
            ],
            [
              -116.700012,
              27.3999996
            ],
            [
              -116.700012,
              27.3999996
            ],
            [
              -116.700012,
              27.3999996
            ],
            [
              -116.700012,
              27.3999996
            ],
            [
              -116.700012,
              27.3999996
            ],
            [
              -116.700012,
              27.3999996
            ],
            [
              -116.700012,
              27.3999996
            ],
            [
              -116.700012,
              27.3999996
            ],
            [
              -116.700012,
              27.3999996
            ],
            [
              -116.700012,
              27.3999996
            ],
            [
              -116.700012,
              27.3999996
            ],
            [
              -116.700012,
              27.3999996
            ],
            [
              -116.700012,
              27.3999996
            ],
            [
              -116.706512,
              26.7345486
            ],
            [
              -116.719521,
              26.7347488
            ],
            [
              -116.732506,
              26.7351532
            ],
            [
              -116.745499,
              26.7357578
            ],
            [
              -116.758476,
              26.7365608
            ],
            [
              -116.771423,
              26.7375698
            ],
            [
              -116.784363,
              26.7387772
            ],
            [
              -116.797272,
              26.7401829
            ],
            [
              -116.81015,
              26.7417889
            ],
            [
              -116.822998,
              26.743597
            ],
            [
              -116.835808,
              26.7455997
            ],
            [
              -116.848579,
              26.7478046
            ],
            [
              -116.861298,
              26.7502041
            ],
            [
              -116.873978,
              26.7528019
            ],
            [
              -116.886612,
              26.7555962
            ],
            [
              -116.899178,
              26.7585831
            ],
            [
              -116.911674,
              26.7617683
            ],
            [
              -116.924126,
              26.7651424
            ],
            [
              -116.936516,
              26.7687111
            ],
            [
              -116.948822,
              26.7724705
            ],
            [
              -116.961044,
              26.7764225
            ],
            [
              -116.973206,
              26.7805614
            ],
            [
              -116.985283,
              26.7848892
            ],
            [
              -116.997261,
              26.789402
            ],
            [
              -117.009171,
              26.7941017
            ],
            [
              -117.020973,
              26.7989826
            ],
            [
              -117.032684,
              26.8040466
            ],
            [
              -117.044296,
              26.8092918
            ],
            [
              -117.055794,
              26.8147144
            ],
            [
              -117.0672,
              26.8203163
            ],
            [
              -117.078484,
              26.8260937
            ],
            [
              -117.089676,
              26.8320446
            ],
            [
              -117.100723,
              26.8381691
            ],
            [
              -117.111664,
              26.8444633
            ],
            [
              -117.122482,
              26.8509254
            ],
            [
              -117.133171,
              26.8575554
            ],
            [
              -117.14373,
              26.8643494
            ],
            [
              -117.154167,
              26.8713036
            ],
            [
              -117.164452,
              26.8784237
            ],
            [
              -117.174599,
              26.8856964
            ],
            [
              -117.184601,
              26.8931293
            ],
            [
              -117.194458,
              26.9007149
            ],
            [
              -117.204178,
              26.9084511
            ],
            [
              -117.213737,
              26.9163399
            ],
            [
              -117.223152,
              26.9243736
            ],
            [
              -117.232399,
              26.9325504
            ],
            [
              -117.241493,
              26.9408722
            ],
            [
              -117.250412,
              26.9493294
            ],
            [
              -117.259171,
              26.9579258
            ],
            [
              -117.267776,
              26.9666576
            ],
            [
              -117.276192,
              26.9755211
            ],
            [
              -117.284439,
              26.9845123
            ],
            [
              -117.292519,
              26.9936295
            ],
            [
              -117.300415,
              27.0028725
            ],
            [
              -117.308113,
              27.0122375
            ],
            [
              -117.315659,
              27.0217171
            ],
            [
              -117.32299,
              27.0313129
            ],
            [
              -117.330147,
              27.0410233
            ],
            [
              -117.33712,
              27.0508404
            ],
            [
              -117.343895,
              27.0607662
            ],
            [
              -117.350479,
              27.0707932
            ],
            [
              -117.356857,
              27.0809212
            ],
            [
              -117.363045,
              27.0911484
            ],
            [
              -117.369026,
              27.101469
            ],
            [
              -117.374809,
              27.1118793
            ],
            [
              -117.380379,
              27.1223793
            ],
            [
              -117.385765,
              27.1329632
            ],
            [
              -117.390923,
              27.143631
            ],
            [
              -117.395882,
              27.1543751
            ],
            [
              -117.400627,
              27.1651936
            ],
            [
              -117.405159,
              27.1760845
            ],
            [
              -117.409477,
              27.1870441
            ],
            [
              -117.413589,
              27.1980686
            ],
            [
              -117.41748,
              27.209156
            ],
            [
              -117.421143,
              27.2203026
            ],
            [
              -117.424599,
              27.2315025
            ],
            [
              -117.427834,
              27.2427559
            ],
            [
              -117.430855,
              27.2540588
            ],
            [
              -117.43364,
              27.2654037
            ],
            [
              -117.436211,
              27.2767925
            ],
            [
              -117.43856,
              27.2882175
            ],
            [
              -117.440674,
              27.2996769
            ],
            [
              -117.442574,
              27.3111687
            ],
            [
              -117.444244,
              27.3226891
            ],
            [
              -117.445686,
              27.3342323
            ],
            [
              -117.446907,
              27.3457947
            ],
            [
              -117.447891,
              27.3573761
            ],
            [
              -117.448654,
              27.3689728
            ],
            [
              -117.449188,
              27.3805771
            ],
            [
              -117.449501,
              27.3921871
            ],
            [
              -116.700012,
              27.3999996
            ],
            [
              -116.700012,
              27.3999996
            ],
            [
              -116.700012,
              27.3999996
            ],
            [
              -116.700012,
              27.3999996
            ],
            [
              -116.700012,
              27.3999996
            ],
            [
              -116.700012,
              27.3999996
            ],
            [
              -116.700012,
              27.3999996
            ],
            [
              -116.700012,
              27.3999996
            ],
            [
              -116.700012,
              27.3999996
            ],
            [
              -116.700012,
              27.3999996
            ],
            [
              -116.700012,
              27.3999996
            ],
            [
              -116.700012,
              27.3999996
            ],
            [
              -116.700012,
              27.3999996
            ],
            [
              -116.700012,
              27.3999996
            ],
            [
              -116.700012,
              27.3999996
            ],
            [
              -116.700012,
              27.3999996
            ],
            [
              -116.700012,
              27.3999996
            ],
            [
              -116.700012,
              27.3999996
            ],
            [
              -116.700012,
              27.3999996
            ],
            [
              -116.700012,
              27.3999996
            ],
            [
              -116.700012,
              27.3999996
            ],
            [
              -116.700012,
              27.3999996
            ],
            [
              -116.700012,
              27.3999996
            ],
            [
              -116.700012,
              27.3999996
            ],
            [
              -116.700012,
              27.3999996
            ],
            [
              -116.700012,
              27.3999996
            ],
            [
              -116.700012,
              27.3999996
            ],
            [
              -116.700012,
              27.3999996
            ],
            [
              -116.700012,
              27.3999996
            ],
            [
              -116.700012,
              27.3999996
            ],
            [
              -116.700012,
              27.3999996
            ],
            [
              -116.700012,
              27.3999996
            ],
            [
              -116.700012,
              27.3999996
            ],
            [
              -116.700012,
              27.3999996
            ],
            [
              -116.700012,
              27.3999996
            ],
            [
              -116.700012,
              27.3999996
            ],
            [
              -116.700012,
              27.3999996
            ],
            [
              -116.700012,
              27.3999996
            ],
            [
              -116.700012,
              27.3999996
            ],
            [
              -116.700012,
              27.3999996
            ],
            [
              -116.700012,
              27.3999996
            ],
            [
              -116.700012,
              27.3999996
            ],
            [
              -116.700012,
              27.3999996
            ],
            [
              -116.700012,
              27.3999996
            ],
            [
              -116.700012,
              27.3999996
            ],
            [
              -116.700012,
              27.3999996
            ],
            [
              -116.700012,
              27.3999996
            ],
            [
              -116.700012,
              27.3999996
            ],
            [
              -116.700012,
              27.3999996
            ],
            [
              -116.700012,
              27.3999996
            ],
            [
              -116.700012,
              27.3999996
            ],
            [
              -116.700012,
              27.3999996
            ],
            [
              -116.700012,
              27.3999996
            ],
            [
              -116.700012,
              27.3999996
            ],
            [
              -116.700012,
              27.3999996
            ],
            [
              -116.700012,
              27.3999996
            ],
            [
              -116.700012,
              27.3999996
            ],
            [
              -116.700012,
              27.3999996
            ],
            [
              -116.700012,
              27.3999996
            ],
            [
              -116.700012,
              27.3999996
            ],
            [
              -116.700012,
              27.3999996
            ],
            [
              -116.700012,
              27.3999996
            ],
            [
              -116.700012,
              27.3999996
            ],
            [
              -116.700012,
              27.3999996
            ],
            [
              -116.700012,
              27.3999996
            ],
            [
              -116.700012,
              27.3999996
            ],
            [
              -116.700012,
              27.3999996
            ],
            [
              -116.700012,
              27.3999996
            ],
            [
              -116.700012,
              27.3999996
            ],
            [
              -116.700012,
              27.3999996
            ],
            [
              -116.700012,
              27.3999996
            ],
            [
              -116.700012,
              27.3999996
            ],
            [
              -116.700012,
              27.3999996
            ],
            [
              -116.700012,
              27.3999996
            ],
            [
              -116.700012,
              27.3999996
            ],
            [
              -116.700012,
              27.3999996
            ],
            [
              -116.700012,
              27.3999996
            ],
            [
              -116.700012,
              27.3999996
            ],
            [
              -116.700012,
              27.3999996
            ],
            [
              -116.700012,
              27.3999996
            ],
            [
              -116.700012,
              27.3999996
            ],
            [
              -116.700012,
              27.3999996
            ],
            [
              -116.700012,
              27.3999996
            ],
            [
              -116.700012,
              27.3999996
            ],
            [
              -116.700012,
              27.3999996
            ],
            [
              -116.700012,
              27.3999996
            ],
            [
              -116.700012,
              27.3999996
            ],
            [
              -116.700012,
              27.3999996
            ],
            [
              -116.700012,
              27.3999996
            ],
            [
              -116.700012,
              27.3999996
            ],
            [
              -116.700012,
              27.3999996
            ]
          ]
        ]
      },
      "properties": {
        "RADII": 50,
        "STORMID": "ep182026",
        "BASIN": "ep",
        "STORMNUM": 18,
        "ADVNUM": "55A",
        "VALIDTIME": "2026101100",
        "SYNOPTIME": "2026101018",
        "TIMEZONE": "UTC",
        "TAU": 0,
        "NE": 0,
        "SE": 0,
        "SW": 40,
        "NW": 0,
        "nhc_product": "wind_radii",
        "atcf": "ep182026",
        "storm_name": "Rachel",
        "storm_id": "18E"
      }
    },
    {
      "type": "Feature",
      "geometry": {
        "type": "Polygon",
        "coordinates": [
          [
            [
              -116.288078,
              31.564539
            ],
            [
              -116.264229,
              31.5641804
            ],
            [
              -116.240395,
              31.5634632
            ],
            [
              -116.216568,
              31.5623837
            ],
            [
              -116.192787,
              31.5609493
            ],
            [
              -116.169014,
              31.5591564
            ],
            [
              -116.145302,
              31.5570049
            ],
            [
              -116.121628,
              31.5545025
            ],
            [
              -116.098022,
              31.5516338
            ],
            [
              -116.074471,
              31.5484161
            ],
            [
              -116.050995,
              31.5448437
            ],
            [
              -116.027588,
              31.5409241
            ],
            [
              -116.004288,
              31.536644
            ],
            [
              -115.981064,
              31.5320206
            ],
            [
              -115.957947,
              31.5270443
            ],
            [
              -115.934929,
              31.5217171
            ],
            [
              -115.912041,
              31.5160561
            ],
            [
              -115.889267,
              31.5100403
            ],
            [
              -115.866615,
              31.5036888
            ],
            [
              -115.844116,
              31.4969921
            ],
            [
              -115.821754,
              31.4899635
            ],
            [
              -115.799545,
              31.4825935
            ],
            [
              -115.777481,
              31.4748955
            ],
            [
              -115.7556,
              31.4668636
            ],
            [
              -115.733879,
              31.4585037
            ],
            [
              -115.712334,
              31.4498234
            ],
            [
              -115.690987,
              31.4408169
            ],
            [
              -115.669815,
              31.431488
            ],
            [
              -115.648857,
              31.4218388
            ],
            [
              -115.62809,
              31.4118843
            ],
            [
              -115.607544,
              31.4016151
            ],
            [
              -115.587204,
              31.3910389
            ],
            [
              -115.567101,
              31.3801556
            ],
            [
              -115.547226,
              31.3689747
            ],
            [
              -115.52758,
              31.3574924
            ],
            [
              -115.508179,
              31.3457165
            ],
            [
              -115.489029,
              31.3336544
            ],
            [
              -115.470139,
              31.3213062
            ],
            [
              -115.451508,
              31.3086739
            ],
            [
              -115.433128,
              31.2957611
            ],
            [
              -115.415031,
              31.2825756
            ],
            [
              -115.397202,
              31.2691154
            ],
            [
              -115.379662,
              31.2553978
            ],
            [
              -115.362427,
              31.2414131
            ],
            [
              -115.345459,
              31.2271729
            ],
            [
              -115.328804,
              31.2126789
            ],
            [
              -115.312439,
              31.1979313
            ],
            [
              -115.296402,
              31.1829472
            ],
            [
              -115.28067,
              31.1677227
            ],
            [
              -115.265244,
              31.1522617
            ],
            [
              -115.250153,
              31.1365738
            ],
            [
              -115.235382,
              31.1206551
            ],
            [
              -115.220947,
              31.1045227
            ],
            [
              -115.206848,
              31.088171
            ],
            [
              -115.193092,
              31.0716114
            ],
            [
              -115.17968,
              31.0548534
            ],
            [
              -115.166603,
              31.0378876
            ],
            [
              -115.1539,
              31.0207291
            ],
            [
              -115.141541,
              31.0033836
            ],
            [
              -115.129532,
              30.9858551
            ],
            [
              -115.117889,
              30.9681511
            ],
            [
              -115.106621,
              30.9502697
            ],
            [
              -115.095718,
              30.9322243
            ],
            [
              -115.085205,
              30.9140186
            ],
            [
              -115.07505,
              30.8956547
            ],
            [
              -115.065269,
              30.877142
            ],
            [
              -115.055885,
              30.8584843
            ],
            [
              -115.046867,
              30.8396893
            ],
            [
              -115.038254,
              30.8207588
            ],
            [
              -115.030029,
              30.8017063
            ],
            [
              -115.022186,
              30.7825298
            ],
            [
              -115.01474,
              30.763237
            ],
            [
              -115.007683,
              30.7438393
            ],
            [
              -115.00103,
              30.7243366
            ],
            [
              -114.994781,
              30.7047367
            ],
            [
              -114.988922,
              30.6850452
            ],
            [
              -114.983475,
              30.665266
            ],
            [
              -114.978432,
              30.6454105
            ],
            [
              -114.973785,
              30.6254864
            ],
            [
              -114.969566,
              30.6054878
            ],
            [
              -114.965729,
              30.585434
            ],
            [
              -114.962311,
              30.5653229
            ],
            [
              -114.959305,
              30.5451641
            ],
            [
              -114.956711,
              30.5249634
            ],
            [
              -114.954529,
              30.5047283
            ],
            [
              -114.952751,
              30.4844627
            ],
            [
              -114.951385,
              30.4641705
            ],
            [
              -114.950432,
              30.4438648
            ],
            [
              -114.949898,
              30.4235458
            ],
            [
              -114.94976,
              30.4032211
            ],
            [
              -113.986168,
              30.3621902
            ],
            [
              -113.987694,
              30.3273754
            ],
            [
              -113.989929,
              30.292593
            ],
            [
              -113.992859,
              30.2578506
            ],
            [
              -113.996483,
              30.2231541
            ],
            [
              -114.000816,
              30.1885185
            ],
            [
              -114.005836,
              30.1539536
            ],
            [
              -114.011543,
              30.1194725
            ],
            [
              -114.017952,
              30.0850754
            ],
            [
              -114.02504,
              30.050787
            ],
            [
              -114.032822,
              30.0166016
            ],
            [
              -114.041275,
              29.9825459
            ],
            [
              -114.050415,
              29.9486217
            ],
            [
              -114.060226,
              29.9148388
            ],
            [
              -114.070709,
              29.8812065
            ],
            [
              -114.081863,
              29.8477383
            ],
            [
              -114.093674,
              29.8144455
            ],
            [
              -114.106148,
              29.781332
            ],
            [
              -114.119278,
              29.748415
            ],
            [
              -114.133057,
              29.7156982
            ],
            [
              -114.147484,
              29.6831894
            ],
            [
              -114.162552,
              29.6509075
            ],
            [
              -114.178253,
              29.6188564
            ],
            [
              -114.194588,
              29.5870438
            ],
            [
              -114.211548,
              29.5554848
            ],
            [
              -114.229118,
              29.5241833
            ],
            [
              -114.247314,
              29.4931526
            ],
            [
              -114.266113,
              29.4623966
            ],
            [
              -114.285515,
              29.4319305
            ],
            [
              -114.305511,
              29.401762
            ],
            [
              -114.326096,
              29.3719006
            ],
            [
              -114.34726,
              29.3423462
            ],
            [
              -114.369011,
              29.3131199
            ],
            [
              -114.391319,
              29.2842236
            ],
            [
              -114.414192,
              29.2556667
            ],
            [
              -114.437614,
              29.2274628
            ],
            [
              -114.461601,
              29.1996078
            ],
            [
              -114.486115,
              29.172123
            ],
            [
              -114.511162,
              29.1450081
            ],
            [
              -114.536728,
              29.1182785
            ],
            [
              -114.56282,
              29.0919342
            ],
            [
              -114.589417,
              29.0659866
            ],
            [
              -114.616516,
              29.0404415
            ],
            [
              -114.644104,
              29.0153084
            ],
            [
              -114.67218,
              28.9905968
            ],
            [
              -114.700729,
              28.9663086
            ],
            [
              -114.729744,
              28.9424553
            ],
            [
              -114.759209,
              28.9190407
            ],
            [
              -114.789139,
              28.8960743
            ],
            [
              -114.819496,
              28.873558
            ],
            [
              -114.850296,
              28.8515072
            ],
            [
              -114.881516,
              28.8299198
            ],
            [
              -114.913132,
              28.8088055
            ],
            [
              -114.945152,
              28.7881718
            ],
            [
              -114.977585,
              28.7680187
            ],
            [
              -115.010384,
              28.7483616
            ],
            [
              -115.043564,
              28.7291985
            ],
            [
              -115.077118,
              28.7105389
            ],
            [
              -115.111008,
              28.6923847
            ],
            [
              -115.145256,
              28.6747456
            ],
            [
              -115.179825,
              28.6576214
            ],
            [
              -115.214729,
              28.6410217
            ],
            [
              -115.249947,
              28.6249504
            ],
            [
              -115.285461,
              28.6094112
            ],
            [
              -115.321281,
              28.5944099
            ],
            [
              -115.357368,
              28.5799465
            ],
            [
              -115.393738,
              28.5660324
            ],
            [
              -115.430359,
              28.5526638
            ],
            [
              -115.467239,
              28.5398502
            ],
            [
              -115.504356,
              28.5275936
            ],
            [
              -115.541702,
              28.5158997
            ],
            [
              -115.579269,
              28.5047665
            ],
            [
              -115.617043,
              28.4941998
            ],
            [
              -115.655014,
              28.4842033
            ],
            [
              -115.693169,
              28.4747829
            ],
            [
              -115.731499,
              28.4659348
            ],
            [
              -115.769997,
              28.4576664
            ],
            [
              -115.80864,
              28.4499798
            ],
            [
              -115.847427,
              28.442873
            ],
            [
              -115.886345,
              28.4363537
            ],
            [
              -115.925385,
              28.4304199
            ],
            [
              -115.964523,
              28.4250736
            ],
            [
              -116.003769,
              28.4203186
            ],
            [
              -116.043098,
              28.4161568
            ],
            [
              -116.082489,
              28.4125862
            ],
            [
              -116.121956,
              28.4096088
            ],
            [
              -116.161461,
              28.4072247
            ],
            [
              -116.201027,
              28.4054375
            ],
            [
              -116.240601,
              28.4042454
            ],
            [
              -116.280197,
              28.4036484
            ],
            [
              -116.30835,
              29.5681858
            ],
            [
              -116.325035,
              29.5684395
            ],
            [
              -116.341728,
              29.5689411
            ],
            [
              -116.358391,
              29.5696926
            ],
            [
              -116.375046,
              29.5706997
            ],
            [
              -116.39167,
              29.5719528
            ],
            [
              -116.408279,
              29.5734558
            ],
            [
              -116.42485,
              29.5752106
            ],
            [
              -116.441376,
              29.5772152
            ],
            [
              -116.457863,
              29.5794697
            ],
            [
              -116.474312,
              29.5819702
            ],
            [
              -116.490707,
              29.5847149
            ],
            [
              -116.507042,
              29.5877094
            ],
            [
              -116.523315,
              29.5909519
            ],
            [
              -116.539528,
              29.5944347
            ],
            [
              -116.555664,
              29.5981598
            ],
            [
              -116.571724,
              29.602129
            ],
            [
              -116.587692,
              29.6063404
            ],
            [
              -116.603592,
              29.6107903
            ],
            [
              -116.6194,
              29.6154785
            ],
            [
              -116.635109,
              29.6204071
            ],
            [
              -116.650711,
              29.6255665
            ],
            [
              -116.666214,
              29.6309624
            ],
            [
              -116.68161,
              29.6365948
            ],
            [
              -116.696892,
              29.6424503
            ],
            [
              -116.712059,
              29.6485405
            ],
            [
              -116.727097,
              29.6548576
            ],
            [
              -116.742012,
              29.6613979
            ],
            [
              -116.756798,
              29.6681671
            ],
            [
              -116.771439,
              29.6751499
            ],
            [
              -116.78595,
              29.6823597
            ],
            [
              -116.800316,
              29.6897812
            ],
            [
              -116.814522,
              29.6974201
            ],
            [
              -116.828583,
              29.7052708
            ],
            [
              -116.842491,
              29.713335
            ],
            [
              -116.856232,
              29.7216034
            ],
            [
              -116.869797,
              29.7300797
            ],
            [
              -116.883194,
              29.7387562
            ],
            [
              -116.896431,
              29.7476349
            ],
            [
              -116.909477,
              29.7567139
            ],
            [
              -116.922348,
              29.7659855
            ],
            [
              -116.935036,
              29.7754478
            ],
            [
              -116.947525,
              29.7851028
            ],
            [
              -116.959816,
              29.7949409
            ],
            [
              -116.971924,
              29.804966
            ],
            [
              -116.983833,
              29.8151703
            ],
            [
              -116.995522,
              29.825552
            ],
            [
              -117.007011,
              29.8361073
            ],
            [
              -117.01828,
              29.846838
            ],
            [
              -117.02935,
              29.8577309
            ],
            [
              -117.040192,
              29.8687935
            ],
            [
              -117.050812,
              29.8800144
            ],
            [
              -117.061203,
              29.8913937
            ],
            [
              -117.071381,
              29.9029312
            ],
            [
              -117.081314,
              29.9146194
            ],
            [
              -117.091011,
              29.9264545
            ],
            [
              -117.100479,
              29.9384308
            ],
            [
              -117.109695,
              29.9505501
            ],
            [
              -117.11869,
              29.9628067
            ],
            [
              -117.127419,
              29.9751968
            ],
            [
              -117.13591,
              29.9877167
            ],
            [
              -117.144135,
              30.0003624
            ],
            [
              -117.15213,
              30.0131283
            ],
            [
              -117.159843,
              30.0260143
            ],
            [
              -117.167305,
              30.039011
            ],
            [
              -117.174515,
              30.0521221
            ],
            [
              -117.181458,
              30.0653419
            ],
            [
              -117.188133,
              30.078661
            ],
            [
              -117.194542,
              30.0920792
            ],
            [
              -117.200676,
              30.1055927
            ],
            [
              -117.206535,
              30.1191921
            ],
            [
              -117.212128,
              30.1328793
            ],
            [
              -117.217453,
              30.1466484
            ],
            [
              -117.222481,
              30.1605015
            ],
            [
              -117.227249,
              30.1744213
            ],
            [
              -117.231728,
              30.1884155
            ],
            [
              -117.235924,
              30.2024689
            ],
            [
              -117.239838,
              30.2165909
            ],
            [
              -117.243462,
              30.2307625
            ],
            [
              -117.246811,
              30.2449932
            ],
            [
              -117.24987,
              30.2592678
            ],
            [
              -117.25264,
              30.2735882
            ],
            [
              -117.255112,
              30.2879448
            ],
            [
              -117.257301,
              30.3023396
            ],
            [
              -117.259201,
              30.3167648
            ],
            [
              -117.260811,
              30.3312149
            ],
            [
              -117.262123,
              30.3456879
            ],
            [
              -117.263145,
              30.3601818
            ],
            [
              -117.263885,
              30.3746853
            ],
            [
              -117.26432,
              30.3891964
            ],
            [
              -117.457359,
              30.4036083
            ],
            [
              -117.457207,
              30.421032
            ],
            [
              -117.456711,
              30.4384422
            ],
            [
              -117.455864,
              30.4558525
            ],
            [
              -117.454651,
              30.4732418
            ],
            [
              -117.45311,
              30.4906101
            ],
            [
              -117.451195,
              30.5079517
            ],
            [
              -117.448929,
              30.5252666
            ],
            [
              -117.44632,
              30.5425415
            ],
            [
              -117.443352,
              30.5597725
            ],
            [
              -117.440048,
              30.5769577
            ],
            [
              -117.436386,
              30.5940952
            ],
            [
              -117.432388,
              30.6111698
            ],
            [
              -117.428024,
              30.6281853
            ],
            [
              -117.423317,
              30.6451302
            ],
            [
              -117.418274,
              30.6620007
            ],
            [
              -117.41288,
              30.6787891
            ],
            [
              -117.40715,
              30.6955032
            ],
            [
              -117.401077,
              30.7121201
            ],
            [
              -117.394669,
              30.7286472
            ],
            [
              -117.387917,
              30.7450771
            ],
            [
              -117.380844,
              30.7613964
            ],
            [
              -117.373428,
              30.7776127
            ],
            [
              -117.365685,
              30.7937145
            ],
            [
              -117.357605,
              30.8096905
            ],
            [
              -117.349205,
              30.8255501
            ],
            [
              -117.340477,
              30.84128
            ],
            [
              -117.331436,
              30.8568726
            ],
            [
              -117.322075,
              30.8723297
            ],
            [
              -117.312393,
              30.8876438
            ],
            [
              -117.302406,
              30.9028053
            ],
            [
              -117.292091,
              30.9178181
            ],
            [
              -117.281494,
              30.9326706
            ],
            [
              -117.270576,
              30.9473667
            ],
            [
              -117.259361,
              30.961895
            ],
            [
              -117.247849,
              30.976244
            ],
            [
              -117.236046,
              30.9904232
            ],
            [
              -117.223938,
              31.0044231
            ],
            [
              -117.211563,
              31.0182362
            ],
            [
              -117.198898,
              31.0318699
            ],
            [
              -117.185951,
              31.0453014
            ],
            [
              -117.172729,
              31.0585384
            ],
            [
              -117.159248,
              31.0715733
            ],
            [
              -117.145477,
              31.084404
            ],
            [
              -117.131462,
              31.097023
            ],
            [
              -117.117188,
              31.1094341
            ],
            [
              -117.102654,
              31.1216278
            ],
            [
              -117.087852,
              31.1335983
            ],
            [
              -117.07283,
              31.1453457
            ],
            [
              -117.057556,
              31.1568623
            ],
            [
              -117.042053,
              31.168148
            ],
            [
              -117.026314,
              31.179203
            ],
            [
              -117.010345,
              31.1900158
            ],
            [
              -116.994156,
              31.2005882
            ],
            [
              -116.977753,
              31.2109127
            ],
            [
              -116.961143,
              31.2209911
            ],
            [
              -116.944313,
              31.2308159
            ],
            [
              -116.927292,
              31.2403889
            ],
            [
              -116.910065,
              31.2497005
            ],
            [
              -116.892662,
              31.2587547
            ],
            [
              -116.875069,
              31.2675457
            ],
            [
              -116.857285,
              31.2760658
            ],
            [
              -116.839333,
              31.2843208
            ],
            [
              -116.82122,
              31.2923012
            ],
            [
              -116.802925,
              31.3000126
            ],
            [
              -116.7845,
              31.3074474
            ],
            [
              -116.765892,
              31.3145981
            ],
            [
              -116.747169,
              31.3214703
            ],
            [
              -116.728287,
              31.3280602
            ],
            [
              -116.709274,
              31.334362
            ],
            [
              -116.690132,
              31.3403797
            ],
            [
              -116.670876,
              31.3461094
            ],
            [
              -116.651489,
              31.3515434
            ],
            [
              -116.631996,
              31.3566933
            ],
            [
              -116.612404,
              31.3615417
            ],
            [
              -116.592705,
              31.3660946
            ],
            [
              -116.572929,
              31.3703537
            ],
            [
              -116.553055,
              31.3743153
            ],
            [
              -116.533104,
              31.3779697
            ],
            [
              -116.513084,
              31.3813305
            ],
            [
              -116.492989,
              31.3843861
            ],
            [
              -116.472839,
              31.3871384
            ],
            [
              -116.452637,
              31.3895912
            ],
            [
              -116.432388,
              31.3917351
            ],
            [
              -116.412086,
              31.3935757
            ],
            [
              -116.391762,
              31.3951054
            ],
            [
              -116.371399,
              31.3963356
            ],
            [
              -116.351013,
              31.3972569
            ],
            [
              -116.33062,
              31.3978729
            ],
            [
              -116.310211,
              31.39818
            ],
            [
              -116.288078,
              31.564539
            ]
          ]
        ]
      },
      "properties": {
        "RADII": 34,
        "STORMID": "ep182026",
        "BASIN": "ep",
        "STORMNUM": 18,
        "ADVNUM": "55A",
        "VALIDTIME": "2026101109",
        "SYNOPTIME": "2026101018",
        "TIMEZONE": "UTC",
        "TAU": 12,
        "NE": 70,
        "SE": 120,
        "SW": 50,
        "NW": 60,
        "nhc_product": "wind_radii",
        "atcf": "ep182026",
        "storm_name": "Rachel",
        "storm_id": "18E"
      }
    },
    {
      "type": "Feature",
      "geometry": {
        "type": "Polygon",
        "coordinates": [
          [
            [
              -116.300003,
              30.4000015
            ],
            [
              -116.300003,
              30.4000015
            ],
            [
              -116.300003,
              30.4000015
            ],
            [
              -116.300003,
              30.4000015
            ],
            [
              -116.300003,
              30.4000015
            ],
            [
              -116.300003,
              30.4000015
            ],
            [
              -116.300003,
              30.4000015
            ],
            [
              -116.300003,
              30.4000015
            ],
            [
              -116.300003,
              30.4000015
            ],
            [
              -116.300003,
              30.4000015
            ],
            [
              -116.300003,
              30.4000015
            ],
            [
              -116.300003,
              30.4000015
            ],
            [
              -116.300003,
              30.4000015
            ],
            [
              -116.300003,
              30.4000015
            ],
            [
              -116.300003,
              30.4000015
            ],
            [
              -116.300003,
              30.4000015
            ],
            [
              -116.300003,
              30.4000015
            ],
            [
              -116.300003,
              30.4000015
            ],
            [
              -116.300003,
              30.4000015
            ],
            [
              -116.300003,
              30.4000015
            ],
            [
              -116.300003,
              30.4000015
            ],
            [
              -116.300003,
              30.4000015
            ],
            [
              -116.300003,
              30.4000015
            ],
            [
              -116.300003,
              30.4000015
            ],
            [
              -116.300003,
              30.4000015
            ],
            [
              -116.300003,
              30.4000015
            ],
            [
              -116.300003,
              30.4000015
            ],
            [
              -116.300003,
              30.4000015
            ],
            [
              -116.300003,
              30.4000015
            ],
            [
              -116.300003,
              30.4000015
            ],
            [
              -116.300003,
              30.4000015
            ],
            [
              -116.300003,
              30.4000015
            ],
            [
              -116.300003,
              30.4000015
            ],
            [
              -116.300003,
              30.4000015
            ],
            [
              -116.300003,
              30.4000015
            ],
            [
              -116.300003,
              30.4000015
            ],
            [
              -116.300003,
              30.4000015
            ],
            [
              -116.300003,
              30.4000015
            ],
            [
              -116.300003,
              30.4000015
            ],
            [
              -116.300003,
              30.4000015
            ],
            [
              -116.300003,
              30.4000015
            ],
            [
              -116.300003,
              30.4000015
            ],
            [
              -116.300003,
              30.4000015
            ],
            [
              -116.300003,
              30.4000015
            ],
            [
              -116.300003,
              30.4000015
            ],
            [
              -116.300003,
              30.4000015
            ],
            [
              -116.300003,
              30.4000015
            ],
            [
              -116.300003,
              30.4000015
            ],
            [
              -116.300003,
              30.4000015
            ],
            [
              -116.300003,
              30.4000015
            ],
            [
              -116.300003,
              30.4000015
            ],
            [
              -116.300003,
              30.4000015
            ],
            [
              -116.300003,
              30.4000015
            ],
            [
              -116.300003,
              30.4000015
            ],
            [
              -116.300003,
              30.4000015
            ],
            [
              -116.300003,
              30.4000015
            ],
            [
              -116.300003,
              30.4000015
            ],
            [
              -116.300003,
              30.4000015
            ],
            [
              -116.300003,
              30.4000015
            ],
            [
              -116.300003,
              30.4000015
            ],
            [
              -116.300003,
              30.4000015
            ],
            [
              -116.300003,
              30.4000015
            ],
            [
              -116.300003,
              30.4000015
            ],
            [
              -116.300003,
              30.4000015
            ],
            [
              -116.300003,
              30.4000015
            ],
            [
              -116.300003,
              30.4000015
            ],
            [
              -116.300003,
              30.4000015
            ],
            [
              -116.300003,
              30.4000015
            ],
            [
              -116.300003,
              30.4000015
            ],
            [
              -116.300003,
              30.4000015
            ],
            [
              -116.300003,
              30.4000015
            ],
            [
              -116.300003,
              30.4000015
            ],
            [
              -116.300003,
              30.4000015
            ],
            [
              -116.300003,
              30.4000015
            ],
            [
              -116.300003,
              30.4000015
            ],
            [
              -116.300003,
              30.4000015
            ],
            [
              -116.300003,
              30.4000015
            ],
            [
              -116.300003,
              30.4000015
            ],
            [
              -116.300003,
              30.4000015
            ],
            [
              -116.300003,
              30.4000015
            ],
            [
              -116.300003,
              30.4000015
            ],
            [
              -116.300003,
              30.4000015
            ],
            [
              -116.300003,
              30.4000015
            ],
            [
              -116.300003,
              30.4000015
            ],
            [
              -116.300003,
              30.4000015
            ],
            [
              -116.300003,
              30.4000015
            ],
            [
              -116.300003,
              30.4000015
            ],
            [
              -116.300003,
              30.4000015
            ],
            [
              -116.300003,
              30.4000015
            ],
            [
              -116.300003,
              30.4000015
            ],
            [
              -116.300003,
              30.4000015
            ],
            [
              -116.300003,
              30.4000015
            ],
            [
              -116.300003,
              30.4000015
            ],
            [
              -116.300003,
              30.4000015
            ],
            [
              -116.300003,
              30.4000015
            ],
            [
              -116.300003,
              30.4000015
            ],
            [
              -116.300003,
              30.4000015
            ],
            [
              -116.300003,
              30.4000015
            ],
            [
              -116.300003,
              30.4000015
            ],
            [
              -116.300003,
              30.4000015
            ],
            [
              -116.300003,
              30.4000015
            ],
            [
              -116.300003,
              30.4000015
            ],
            [
              -116.300003,
              30.4000015
            ],
            [
              -116.300003,
              30.4000015
            ],
            [
              -116.300003,
              30.4000015
            ],
            [
              -116.300003,
              30.4000015
            ],
            [
              -116.300003,
              30.4000015
            ],
            [
              -116.300003,
              30.4000015
            ],
            [
              -116.300003,
              30.4000015
            ],
            [
              -116.300003,
              30.4000015
            ],
            [
              -116.300003,
              30.4000015
            ],
            [
              -116.300003,
              30.4000015
            ],
            [
              -116.300003,
              30.4000015
            ],
            [
              -116.300003,
              30.4000015
            ],
            [
              -116.300003,
              30.4000015
            ],
            [
              -116.300003,
              30.4000015
            ],
            [
              -116.300003,
              30.4000015
            ],
            [
              -116.300003,
              30.4000015
            ],
            [
              -116.300003,
              30.4000015
            ],
            [
              -116.300003,
              30.4000015
            ],
            [
              -116.300003,
              30.4000015
            ],
            [
              -116.300003,
              30.4000015
            ],
            [
              -116.300003,
              30.4000015
            ],
            [
              -116.300003,
              30.4000015
            ],
            [
              -116.300003,
              30.4000015
            ],
            [
              -116.300003,
              30.4000015
            ],
            [
              -116.300003,
              30.4000015
            ],
            [
              -116.300003,
              30.4000015
            ],
            [
              -116.300003,
              30.4000015
            ],
            [
              -116.300003,
              30.4000015
            ],
            [
              -116.300003,
              30.4000015
            ],
            [
              -116.300003,
              30.4000015
            ],
            [
              -116.300003,
              30.4000015
            ],
            [
              -116.300003,
              30.4000015
            ],
            [
              -116.300003,
              30.4000015
            ],
            [
              -116.300003,
              30.4000015
            ],
            [
              -116.300003,
              30.4000015
            ],
            [
              -116.300003,
              30.4000015
            ],
            [
              -116.300003,
              30.4000015
            ],
            [
              -116.300003,
              30.4000015
            ],
            [
              -116.300003,
              30.4000015
            ],
            [
              -116.300003,
              30.4000015
            ],
            [
              -116.300003,
              30.4000015
            ],
            [
              -116.300003,
              30.4000015
            ],
            [
              -116.300003,
              30.4000015
            ],
            [
              -116.300003,
              30.4000015
            ],
            [
              -116.300003,
              30.4000015
            ],
            [
              -116.300003,
              30.4000015
            ],
            [
              -116.300003,
              30.4000015
            ],
            [
              -116.300003,
              30.4000015
            ],
            [
              -116.300003,
              30.4000015
            ],
            [
              -116.300003,
              30.4000015
            ],
            [
              -116.300003,
              30.4000015
            ],
            [
              -116.300003,
              30.4000015
            ],
            [
              -116.300003,
              30.4000015
            ],
            [
              -116.300003,
              30.4000015
            ],
            [
              -116.300003,
              30.4000015
            ],
            [
              -116.300003,
              30.4000015
            ],
            [
              -116.300003,
              30.4000015
            ],
            [
              -116.300003,
              30.4000015
            ],
            [
              -116.300003,
              30.4000015
            ],
            [
              -116.300003,
              30.4000015
            ],
            [
              -116.300003,
              30.4000015
            ],
            [
              -116.300003,
              30.4000015
            ],
            [
              -116.300003,
              30.4000015
            ],
            [
              -116.300003,
              30.4000015
            ],
            [
              -116.300003,
              30.4000015
            ],
            [
              -116.300003,
              30.4000015
            ],
            [
              -116.300003,
              30.4000015
            ],
            [
              -116.300003,
              30.4000015
            ],
            [
              -116.300003,
              30.4000015
            ],
            [
              -116.300003,
              30.4000015
            ],
            [
              -116.300003,
              30.4000015
            ],
            [
              -116.300003,
              30.4000015
            ],
            [
              -116.300003,
              30.4000015
            ],
            [
              -116.300003,
              30.4000015
            ],
            [
              -116.300003,
              30.4000015
            ],
            [
              -116.300003,
              30.4000015
            ],
            [
              -116.300003,
              30.4000015
            ],
            [
              -116.300003,
              30.4000015
            ],
            [
              -116.305031,
              29.9009151
            ],
            [
              -116.315071,
              29.901062
            ],
            [
              -116.325111,
              29.9013672
            ],
            [
              -116.335152,
              29.9018211
            ],
            [
              -116.345184,
              29.9024258
            ],
            [
              -116.355194,
              29.903183
            ],
            [
              -116.365181,
              29.904089
            ],
            [
              -116.375153,
              29.9051437
            ],
            [
              -116.385109,
              29.9063492
            ],
            [
              -116.395042,
              29.9077053
            ],
            [
              -116.40493,
              29.9092102
            ],
            [
              -116.414795,
              29.9108639
            ],
            [
              -116.424629,
              29.9126663
            ],
            [
              -116.434425,
              29.9146175
            ],
            [
              -116.444176,
              29.9167137
            ],
            [
              -116.453888,
              29.9189568
            ],
            [
              -116.463562,
              29.9213486
            ],
            [
              -116.473183,
              29.9238815
            ],
            [
              -116.482742,
              29.9265594
            ],
            [
              -116.492249,
              29.9293804
            ],
            [
              -116.501701,
              29.9323483
            ],
            [
              -116.511086,
              29.9354534
            ],
            [
              -116.520416,
              29.9386997
            ],
            [
              -116.529678,
              29.9420872
            ],
            [
              -116.538872,
              29.9456158
            ],
            [
              -116.547981,
              29.9492798
            ],
            [
              -116.557037,
              29.9530811
            ],
            [
              -116.566002,
              29.9570179
            ],
            [
              -116.574898,
              29.9610901
            ],
            [
              -116.583694,
              29.9652939
            ],
            [
              -116.592422,
              29.9696312
            ],
            [
              -116.601051,
              29.9740982
            ],
            [
              -116.609589,
              29.9786911
            ],
            [
              -116.61805,
              29.9834175
            ],
            [
              -116.626396,
              29.9882679
            ],
            [
              -116.634644,
              29.9932423
            ],
            [
              -116.642799,
              29.9983406
            ],
            [
              -116.650864,
              30.0035667
            ],
            [
              -116.658798,
              30.0089035
            ],
            [
              -116.666641,
              30.0143681
            ],
            [
              -116.67437,
              30.0199451
            ],
            [
              -116.681976,
              30.0256386
            ],
            [
              -116.689476,
              30.0314445
            ],
            [
              -116.696869,
              30.0373592
            ],
            [
              -116.704124,
              30.0433903
            ],
            [
              -116.711266,
              30.0495262
            ],
            [
              -116.718285,
              30.0557728
            ],
            [
              -116.725174,
              30.0621223
            ],
            [
              -116.731934,
              30.068573
            ],
            [
              -116.738571,
              30.0751228
            ],
            [
              -116.745079,
              30.0817757
            ],
            [
              -116.751442,
              30.0885239
            ],
            [
              -116.757668,
              30.0953674
            ],
            [
              -116.763763,
              30.1023006
            ],
            [
              -116.769722,
              30.1093292
            ],
            [
              -116.775528,
              30.1164417
            ],
            [
              -116.781197,
              30.1236458
            ],
            [
              -116.786713,
              30.1309299
            ],
            [
              -116.792084,
              30.1382961
            ],
            [
              -116.79731,
              30.1457405
            ],
            [
              -116.802383,
              30.1532669
            ],
            [
              -116.807312,
              30.1608696
            ],
            [
              -116.81208,
              30.168539
            ],
            [
              -116.816696,
              30.176281
            ],
            [
              -116.821152,
              30.1840992
            ],
            [
              -116.825455,
              30.1919708
            ],
            [
              -116.82959,
              30.1999111
            ],
            [
              -116.83358,
              30.2079163
            ],
            [
              -116.837395,
              30.2159748
            ],
            [
              -116.841057,
              30.2240963
            ],
            [
              -116.844551,
              30.2322655
            ],
            [
              -116.847885,
              30.2404881
            ],
            [
              -116.851036,
              30.2487602
            ],
            [
              -116.854034,
              30.2570801
            ],
            [
              -116.856857,
              30.26544
            ],
            [
              -116.85952,
              30.2738438
            ],
            [
              -116.862007,
              30.2822838
            ],
            [
              -116.864334,
              30.2907619
            ],
            [
              -116.866478,
              30.2992725
            ],
            [
              -116.868446,
              30.3078136
            ],
            [
              -116.870247,
              30.3163853
            ],
            [
              -116.871887,
              30.3249855
            ],
            [
              -116.873337,
              30.3335991
            ],
            [
              -116.874619,
              30.3422413
            ],
            [
              -116.875725,
              30.3508987
            ],
            [
              -116.876656,
              30.3595772
            ],
            [
              -116.877403,
              30.3682613
            ],
            [
              -116.877991,
              30.3769569
            ],
            [
              -116.878387,
              30.3856621
            ],
            [
              -116.878616,
              30.3943729
            ],
            [
              -116.300003,
              30.4000015
            ],
            [
              -116.300003,
              30.4000015
            ],
            [
              -116.300003,
              30.4000015
            ],
            [
              -116.300003,
              30.4000015
            ],
            [
              -116.300003,
              30.4000015
            ],
            [
              -116.300003,
              30.4000015
            ],
            [
              -116.300003,
              30.4000015
            ],
            [
              -116.300003,
              30.4000015
            ],
            [
              -116.300003,
              30.4000015
            ],
            [
              -116.300003,
              30.4000015
            ],
            [
              -116.300003,
              30.4000015
            ],
            [
              -116.300003,
              30.4000015
            ],
            [
              -116.300003,
              30.4000015
            ],
            [
              -116.300003,
              30.4000015
            ],
            [
              -116.300003,
              30.4000015
            ],
            [
              -116.300003,
              30.4000015
            ],
            [
              -116.300003,
              30.4000015
            ],
            [
              -116.300003,
              30.4000015
            ],
            [
              -116.300003,
              30.4000015
            ],
            [
              -116.300003,
              30.4000015
            ],
            [
              -116.300003,
              30.4000015
            ],
            [
              -116.300003,
              30.4000015
            ],
            [
              -116.300003,
              30.4000015
            ],
            [
              -116.300003,
              30.4000015
            ],
            [
              -116.300003,
              30.4000015
            ],
            [
              -116.300003,
              30.4000015
            ],
            [
              -116.300003,
              30.4000015
            ],
            [
              -116.300003,
              30.4000015
            ],
            [
              -116.300003,
              30.4000015
            ],
            [
              -116.300003,
              30.4000015
            ],
            [
              -116.300003,
              30.4000015
            ],
            [
              -116.300003,
              30.4000015
            ],
            [
              -116.300003,
              30.4000015
            ],
            [
              -116.300003,
              30.4000015
            ],
            [
              -116.300003,
              30.4000015
            ],
            [
              -116.300003,
              30.4000015
            ],
            [
              -116.300003,
              30.4000015
            ],
            [
              -116.300003,
              30.4000015
            ],
            [
              -116.300003,
              30.4000015
            ],
            [
              -116.300003,
              30.4000015
            ],
            [
              -116.300003,
              30.4000015
            ],
            [
              -116.300003,
              30.4000015
            ],
            [
              -116.300003,
              30.4000015
            ],
            [
              -116.300003,
              30.4000015
            ],
            [
              -116.300003,
              30.4000015
            ],
            [
              -116.300003,
              30.4000015
            ],
            [
              -116.300003,
              30.4000015
            ],
            [
              -116.300003,
              30.4000015
            ],
            [
              -116.300003,
              30.4000015
            ],
            [
              -116.300003,
              30.4000015
            ],
            [
              -116.300003,
              30.4000015
            ],
            [
              -116.300003,
              30.4000015
            ],
            [
              -116.300003,
              30.4000015
            ],
            [
              -116.300003,
              30.4000015
            ],
            [
              -116.300003,
              30.4000015
            ],
            [
              -116.300003,
              30.4000015
            ],
            [
              -116.300003,
              30.4000015
            ],
            [
              -116.300003,
              30.4000015
            ],
            [
              -116.300003,
              30.4000015
            ],
            [
              -116.300003,
              30.4000015
            ],
            [
              -116.300003,
              30.4000015
            ],
            [
              -116.300003,
              30.4000015
            ],
            [
              -116.300003,
              30.4000015
            ],
            [
              -116.300003,
              30.4000015
            ],
            [
              -116.300003,
              30.4000015
            ],
            [
              -116.300003,
              30.4000015
            ],
            [
              -116.300003,
              30.4000015
            ],
            [
              -116.300003,
              30.4000015
            ],
            [
              -116.300003,
              30.4000015
            ],
            [
              -116.300003,
              30.4000015
            ],
            [
              -116.300003,
              30.4000015
            ],
            [
              -116.300003,
              30.4000015
            ],
            [
              -116.300003,
              30.4000015
            ],
            [
              -116.300003,
              30.4000015
            ],
            [
              -116.300003,
              30.4000015
            ],
            [
              -116.300003,
              30.4000015
            ],
            [
              -116.300003,
              30.4000015
            ],
            [
              -116.300003,
              30.4000015
            ],
            [
              -116.300003,
              30.4000015
            ],
            [
              -116.300003,
              30.4000015
            ],
            [
              -116.300003,
              30.4000015
            ],
            [
              -116.300003,
              30.4000015
            ],
            [
              -116.300003,
              30.4000015
            ],
            [
              -116.300003,
              30.4000015
            ],
            [
              -116.300003,
              30.4000015
            ],
            [
              -116.300003,
              30.4000015
            ],
            [
              -116.300003,
              30.4000015
            ],
            [
              -116.300003,
              30.4000015
            ],
            [
              -116.300003,
              30.4000015
            ],
            [
              -116.300003,
              30.4000015
            ],
            [
              -116.300003,
              30.4000015
            ]
          ]
        ]
      },
      "properties": {
        "RADII": 50,
        "STORMID": "ep182026",
        "BASIN": "ep",
        "STORMNUM": 18,
        "ADVNUM": "55A",
        "VALIDTIME": "2026101109",
        "SYNOPTIME": "2026101018",
        "TIMEZONE": "UTC",
        "TAU": 12,
        "NE": 0,
        "SE": 0,
        "SW": 30,
        "NW": 0,
        "nhc_product": "wind_radii",
        "atcf": "ep182026",
        "storm_name": "Rachel",
        "storm_id": "18E"
      }
    },
    {
      "type": "Feature",
      "geometry": {
        "type": "Polygon",
        "coordinates": [
          [
            [
              -114.089058,
              37.2981834
            ],
            [
              -114.067162,
              37.2978745
            ],
            [
              -114.04528,
              37.2972565
            ],
            [
              -114.023407,
              37.2963333
            ],
            [
              -114.001564,
              37.295105
            ],
            [
              -113.979752,
              37.2935638
            ],
            [
              -113.957977,
              37.2917175
            ],
            [
              -113.936249,
              37.289566
            ],
            [
              -113.914566,
              37.2871132
            ],
            [
              -113.892952,
              37.2843513
            ],
            [
              -113.871391,
              37.2812843
            ],
            [
              -113.849915,
              37.2779236
            ],
            [
              -113.828506,
              37.2742538
            ],
            [
              -113.807198,
              37.2702827
            ],
            [
              -113.785973,
              37.2660179
            ],
            [
              -113.764847,
              37.2614517
            ],
            [
              -113.743828,
              37.256588
            ],
            [
              -113.722916,
              37.2514305
            ],
            [
              -113.702133,
              37.2459793
            ],
            [
              -113.681473,
              37.2402382
            ],
            [
              -113.660942,
              37.2342072
            ],
            [
              -113.640556,
              37.2278862
            ],
            [
              -113.620308,
              37.221283
            ],
            [
              -113.600212,
              37.2143936
            ],
            [
              -113.580284,
              37.2072258
            ],
            [
              -113.560509,
              37.1997757
            ],
            [
              -113.540909,
              37.1920509
            ],
            [
              -113.521484,
              37.1840439
            ],
            [
              -113.502243,
              37.1757736
            ],
            [
              -113.483185,
              37.1672287
            ],
            [
              -113.464325,
              37.1584244
            ],
            [
              -113.445671,
              37.1493454
            ],
            [
              -113.427216,
              37.1400185
            ],
            [
              -113.408974,
              37.1304207
            ],
            [
              -113.390953,
              37.120575
            ],
            [
              -113.373146,
              37.1104774
            ],
            [
              -113.355576,
              37.1001282
            ],
            [
              -113.338234,
              37.0895386
            ],
            [
              -113.321136,
              37.078701
            ],
            [
              -113.304283,
              37.0676231
            ],
            [
              -113.287674,
              37.0563202
            ],
            [
              -113.271324,
              37.0447769
            ],
            [
              -113.255234,
              37.0330086
            ],
            [
              -113.23941,
              37.0210152
            ],
            [
              -113.223854,
              37.0088005
            ],
            [
              -113.208572,
              36.9963684
            ],
            [
              -113.193565,
              36.9837265
            ],
            [
              -113.178848,
              36.970871
            ],
            [
              -113.164413,
              36.9578094
            ],
            [
              -113.150276,
              36.9445496
            ],
            [
              -113.136429,
              36.9310951
            ],
            [
              -113.122887,
              36.91745
            ],
            [
              -113.10965,
              36.9036102
            ],
            [
              -113.096718,
              36.8895912
            ],
            [
              -113.084106,
              36.8753891
            ],
            [
              -113.0718,
              36.8610115
            ],
            [
              -113.059822,
              36.8464699
            ],
            [
              -113.048172,
              36.8317528
            ],
            [
              -113.036842,
              36.8168755
            ],
            [
              -113.025841,
              36.8018456
            ],
            [
              -113.015175,
              36.7866631
            ],
            [
              -113.004845,
              36.7713318
            ],
            [
              -112.994865,
              36.7558556
            ],
            [
              -112.985214,
              36.7402458
            ],
            [
              -112.975914,
              36.7244987
            ],
            [
              -112.966957,
              36.7086258
            ],
            [
              -112.958351,
              36.692627
            ],
            [
              -112.950104,
              36.6765137
            ],
            [
              -112.942215,
              36.6602821
            ],
            [
              -112.934677,
              36.6439438
            ],
            [
              -112.927498,
              36.6275063
            ],
            [
              -112.920677,
              36.6109619
            ],
            [
              -112.91423,
              36.594326
            ],
            [
              -112.908142,
              36.57761
            ],
            [
              -112.90242,
              36.5608025
            ],
            [
              -112.897064,
              36.5439224
            ],
            [
              -112.89209,
              36.5269661
            ],
            [
              -112.887474,
              36.5099449
            ],
            [
              -112.883232,
              36.4928627
            ],
            [
              -112.879372,
              36.4757195
            ],
            [
              -112.875877,
              36.4585228
            ],
            [
              -112.872765,
              36.441288
            ],
            [
              -112.870026,
              36.4240074
            ],
            [
              -112.867661,
              36.4066849
            ],
            [
              -112.865677,
              36.3893394
            ],
            [
              -112.864067,
              36.3719673
            ],
            [
              -112.862823,
              36.3545799
            ],
            [
              -112.861977,
              36.3371696
            ],
            [
              -112.861496,
              36.3197479
            ],
            [
              -112.861389,
              36.30233
            ],
            [
              -111.624016,
              36.2570496
            ],
            [
              -111.62587,
              36.2222481
            ],
            [
              -111.628479,
              36.1874733
            ],
            [
              -111.631836,
              36.1527443
            ],
            [
              -111.635941,
              36.1180611
            ],
            [
              -111.640785,
              36.0834465
            ],
            [
              -111.646378,
              36.0489082
            ],
            [
              -111.652702,
              36.0144463
            ],
            [
              -111.659767,
              35.9800797
            ],
            [
              -111.667564,
              35.9458199
            ],
            [
              -111.676086,
              35.9116745
            ],
            [
              -111.685341,
              35.877655
            ],
            [
              -111.695312,
              35.8437691
            ],
            [
              -111.706009,
              35.8100281
            ],
            [
              -111.717415,
              35.7764435
            ],
            [
              -111.729538,
              35.7430229
            ],
            [
              -111.742363,
              35.7097816
            ],
            [
              -111.75589,
              35.6767235
            ],
            [
              -111.770111,
              35.643856
            ],
            [
              -111.785027,
              35.6112022
            ],
            [
              -111.800629,
              35.5787506
            ],
            [
              -111.816902,
              35.5465279
            ],
            [
              -111.833862,
              35.5145454
            ],
            [
              -111.851486,
              35.4827995
            ],
            [
              -111.869781,
              35.4513054
            ],
            [
              -111.888725,
              35.4200783
            ],
            [
              -111.908318,
              35.3891182
            ],
            [
              -111.928558,
              35.3584404
            ],
            [
              -111.94944,
              35.3280487
            ],
            [
              -111.970947,
              35.2979546
            ],
            [
              -111.99308,
              35.2681694
            ],
            [
              -112.015823,
              35.2387009
            ],
            [
              -112.039185,
              35.2095528
            ],
            [
              -112.063141,
              35.1807365
            ],
            [
              -112.087692,
              35.1522675
            ],
            [
              -112.112839,
              35.1241379
            ],
            [
              -112.13855,
              35.0963745
            ],
            [
              -112.164841,
              35.0689735
            ],
            [
              -112.191689,
              35.0419502
            ],
            [
              -112.219101,
              35.0153008
            ],
            [
              -112.247047,
              34.9890442
            ],
            [
              -112.275543,
              34.9631844
            ],
            [
              -112.304558,
              34.9377289
            ],
            [
              -112.334091,
              34.9126854
            ],
            [
              -112.364136,
              34.8880615
            ],
            [
              -112.394676,
              34.8638649
            ],
            [
              -112.42572,
              34.8400993
            ],
            [
              -112.457245,
              34.8167725
            ],
            [
              -112.489235,
              34.7938881
            ],
            [
              -112.52169,
              34.7714653
            ],
            [
              -112.554604,
              34.7494965
            ],
            [
              -112.587959,
              34.7279968
            ],
            [
              -112.62175,
              34.7069702
            ],
            [
              -112.65596,
              34.6864128
            ],
            [
              -112.69059,
              34.6663475
            ],
            [
              -112.725616,
              34.6467743
            ],
            [
              -112.761047,
              34.6276855
            ],
            [
              -112.796844,
              34.609108
            ],
            [
              -112.833031,
              34.5910339
            ],
            [
              -112.869568,
              34.5734673
            ],
            [
              -112.906464,
              34.5564194
            ],
            [
              -112.943695,
              34.5398979
            ],
            [
              -112.981262,
              34.5238953
            ],
            [
              -113.019142,
              34.5084267
            ],
            [
              -113.057335,
              34.4934959
            ],
            [
              -113.095818,
              34.4790993
            ],
            [
              -113.13459,
              34.4652481
            ],
            [
              -113.173645,
              34.4519386
            ],
            [
              -113.212952,
              34.4391899
            ],
            [
              -113.252518,
              34.4269905
            ],
            [
              -113.29232,
              34.4153481
            ],
            [
              -113.332352,
              34.4042664
            ],
            [
              -113.372604,
              34.3937569
            ],
            [
              -113.413063,
              34.3838081
            ],
            [
              -113.453712,
              34.3744316
            ],
            [
              -113.494545,
              34.3656273
            ],
            [
              -113.535553,
              34.3573952
            ],
            [
              -113.576721,
              34.3497505
            ],
            [
              -113.618034,
              34.3426819
            ],
            [
              -113.659485,
              34.3361931
            ],
            [
              -113.701065,
              34.3302879
            ],
            [
              -113.742752,
              34.3249664
            ],
            [
              -113.784546,
              34.3202362
            ],
            [
              -113.826424,
              34.3160934
            ],
            [
              -113.868385,
              34.312542
            ],
            [
              -113.910408,
              34.3095779
            ],
            [
              -113.952484,
              34.307209
            ],
            [
              -113.994606,
              34.3054314
            ],
            [
              -114.036743,
              34.304245
            ],
            [
              -114.078918,
              34.3036499
            ],
            [
              -114.107155,
              35.634552
            ],
            [
              -114.121437,
              35.6347542
            ],
            [
              -114.135719,
              35.6351547
            ],
            [
              -114.149994,
              35.6357574
            ],
            [
              -114.164246,
              35.6365623
            ],
            [
              -114.17849,
              35.6375656
            ],
            [
              -114.192703,
              35.6387672
            ],
            [
              -114.206886,
              35.6401711
            ],
            [
              -114.221039,
              35.641777
            ],
            [
              -114.235153,
              35.6435776
            ],
            [
              -114.249237,
              35.6455765
            ],
            [
              -114.263268,
              35.6477737
            ],
            [
              -114.27726,
              35.6501694
            ],
            [
              -114.291191,
              35.6527634
            ],
            [
              -114.305061,
              35.6555481
            ],
            [
              -114.318878,
              35.6585274
            ],
            [
              -114.332634,
              35.661705
            ],
            [
              -114.346313,
              35.6650734
            ],
            [
              -114.359917,
              35.6686363
            ],
            [
              -114.373451,
              35.6723862
            ],
            [
              -114.386894,
              35.6763268
            ],
            [
              -114.400261,
              35.6804543
            ],
            [
              -114.413536,
              35.6847763
            ],
            [
              -114.42672,
              35.6892776
            ],
            [
              -114.439804,
              35.6939621
            ],
            [
              -114.452789,
              35.6988373
            ],
            [
              -114.46566,
              35.7038879
            ],
            [
              -114.478432,
              35.7091217
            ],
            [
              -114.491081,
              35.7145309
            ],
            [
              -114.503624,
              35.7201233
            ],
            [
              -114.516052,
              35.7258873
            ],
            [
              -114.528343,
              35.731823
            ],
            [
              -114.540504,
              35.7379341
            ],
            [
              -114.552551,
              35.7442169
            ],
            [
              -114.564445,
              35.7506676
            ],
            [
              -114.57621,
              35.7572823
            ],
            [
              -114.587837,
              35.764061
            ],
            [
              -114.599304,
              35.7710075
            ],
            [
              -114.610626,
              35.7781067
            ],
            [
              -114.621803,
              35.7853661
            ],
            [
              -114.632828,
              35.7927856
            ],
            [
              -114.643684,
              35.8003578
            ],
            [
              -114.654381,
              35.8080826
            ],
            [
              -114.664909,
              35.8159485
            ],
            [
              -114.67527,
              35.823967
            ],
            [
              -114.685455,
              35.8321304
            ],
            [
              -114.695473,
              35.8404388
            ],
            [
              -114.705307,
              35.8488808
            ],
            [
              -114.714966,
              35.8574638
            ],
            [
              -114.724434,
              35.8661842
            ],
            [
              -114.733719,
              35.8750305
            ],
            [
              -114.742821,
              35.8840141
            ],
            [
              -114.751709,
              35.8931122
            ],
            [
              -114.760429,
              35.9023399
            ],
            [
              -114.768921,
              35.9116936
            ],
            [
              -114.777229,
              35.9211578
            ],
            [
              -114.785339,
              35.9307404
            ],
            [
              -114.793236,
              35.9404373
            ],
            [
              -114.800926,
              35.9502411
            ],
            [
              -114.808403,
              35.9601555
            ],
            [
              -114.815666,
              35.9701691
            ],
            [
              -114.822716,
              35.9802856
            ],
            [
              -114.829544,
              35.9905014
            ],
            [
              -114.836174,
              36.0008087
            ],
            [
              -114.842567,
              36.0112076
            ],
            [
              -114.848724,
              36.0216942
            ],
            [
              -114.854668,
              36.0322685
            ],
            [
              -114.860382,
              36.042923
            ],
            [
              -114.865868,
              36.0536575
            ],
            [
              -114.871132,
              36.0644646
            ],
            [
              -114.876144,
              36.0753517
            ],
            [
              -114.880936,
              36.0863037
            ],
            [
              -114.88549,
              36.0973206
            ],
            [
              -114.889801,
              36.1083984
            ],
            [
              -114.893875,
              36.1195335
            ],
            [
              -114.897713,
              36.1307259
            ],
            [
              -114.901306,
              36.1419754
            ],
            [
              -114.904655,
              36.1532669
            ],
            [
              -114.907768,
              36.164608
            ],
            [
              -114.910622,
              36.1759911
            ],
            [
              -114.913246,
              36.1874084
            ],
            [
              -114.915619,
              36.1988678
            ],
            [
              -114.91774,
              36.2103539
            ],
            [
              -114.919609,
              36.2218704
            ],
            [
              -114.921234,
              36.2334099
            ],
            [
              -114.922615,
              36.2449722
            ],
            [
              -114.923752,
              36.2565498
            ],
            [
              -114.924622,
              36.2681427
            ],
            [
              -114.925255,
              36.279747
            ],
            [
              -114.925621,
              36.2913551
            ],
            [
              -114.719307,
              36.3027573
            ],
            [
              -114.719185,
              36.3114738
            ],
            [
              -114.718872,
              36.3201752
            ],
            [
              -114.718376,
              36.3288803
            ],
            [
              -114.717697,
              36.337574
            ],
            [
              -114.71682,
              36.3462563
            ],
            [
              -114.715759,
              36.3549232
            ],
            [
              -114.714516,
              36.363575
            ],
            [
              -114.713081,
              36.3722115
            ],
            [
              -114.711456,
              36.3808212
            ],
            [
              -114.709641,
              36.3894119
            ],
            [
              -114.707642,
              36.3979721
            ],
            [
              -114.70546,
              36.4065018
            ],
            [
              -114.703079,
              36.4150009
            ],
            [
              -114.700539,
              36.4234695
            ],
            [
              -114.697792,
              36.4318962
            ],
            [
              -114.69487,
              36.4402847
            ],
            [
              -114.691772,
              36.4486313
            ],
            [
              -114.688492,
              36.4569321
            ],
            [
              -114.68502,
              36.4651794
            ],
            [
              -114.681389,
              36.4733849
            ],
            [
              -114.677559,
              36.4815369
            ],
            [
              -114.673561,
              36.4896317
            ],
            [
              -114.669395,
              36.497673
            ],
            [
              -114.665039,
              36.5056496
            ],
            [
              -114.660515,
              36.5135651
            ],
            [
              -114.655815,
              36.5214157
            ],
            [
              -114.650955,
              36.5292015
            ],
            [
              -114.645927,
              36.5369186
            ],
            [
              -114.640717,
              36.5445595
            ],
            [
              -114.635353,
              36.5521278
            ],
            [
              -114.629822,
              36.5596161
            ],
            [
              -114.624123,
              36.567028
            ],
            [
              -114.618263,
              36.5743599
            ],
            [
              -114.612236,
              36.5816116
            ],
            [
              -114.606064,
              36.588768
            ],
            [
              -114.599739,
              36.5958443
            ],
            [
              -114.593246,
              36.602829
            ],
            [
              -114.586609,
              36.6097221
            ],
            [
              -114.579826,
              36.6165161
            ],
            [
              -114.572891,
              36.6232185
            ],
            [
              -114.565811,
              36.629818
            ],
            [
              -114.558586,
              36.6363258
            ],
            [
              -114.551216,
              36.6427155
            ],
            [
              -114.543709,
              36.6490135
            ],
            [
              -114.536072,
              36.655201
            ],
            [
              -114.528297,
              36.6612778
            ],
            [
              -114.520386,
              36.6672478
            ],
            [
              -114.512344,
              36.6731033
            ],
            [
              -114.504181,
              36.6788445
            ],
            [
              -114.495888,
              36.6844788
            ],
            [
              -114.487473,
              36.6899834
            ],
            [
              -114.478943,
              36.6953735
            ],
            [
              -114.470284,
              36.7006454
            ],
            [
              -114.461525,
              36.7057953
            ],
            [
              -114.452644,
              36.7108154
            ],
            [
              -114.443665,
              36.7157135
            ],
            [
              -114.434563,
              36.7204819
            ],
            [
              -114.425369,
              36.7251205
            ],
            [
              -114.416077,
              36.7296333
            ],
            [
              -114.406677,
              36.7340126
            ],
            [
              -114.397186,
              36.7382584
            ],
            [
              -114.387604,
              36.7423706
            ],
            [
              -114.377937,
              36.7463531
            ],
            [
              -114.368172,
              36.7501907
            ],
            [
              -114.358337,
              36.7538948
            ],
            [
              -114.348412,
              36.7574577
            ],
            [
              -114.338417,
              36.7608833
            ],
            [
              -114.328346,
              36.764164
            ],
            [
              -114.318207,
              36.7673073
            ],
            [
              -114.307991,
              36.7703056
            ],
            [
              -114.297722,
              36.7731552
            ],
            [
              -114.287384,
              36.7758636
            ],
            [
              -114.276993,
              36.7784271
            ],
            [
              -114.266541,
              36.7808456
            ],
            [
              -114.256035,
              36.7831116
            ],
            [
              -114.245491,
              36.7852287
            ],
            [
              -114.234894,
              36.7872047
            ],
            [
              -114.224266,
              36.7890282
            ],
            [
              -114.213585,
              36.7906952
            ],
            [
              -114.202881,
              36.7922211
            ],
            [
              -114.192131,
              36.7935944
            ],
            [
              -114.181358,
              36.7948112
            ],
            [
              -114.170563,
              36.7958832
            ],
            [
              -114.159752,
              36.7967987
            ],
            [
              -114.148911,
              36.7975655
            ],
            [
              -114.138062,
              36.798172
            ],
            [
              -114.127197,
              36.7986336
            ],
            [
              -114.116325,
              36.7989388
            ],
            [
              -114.105453,
              36.7990913
            ],
            [
              -114.089058,
              37.2981834
            ]
          ]
        ]
      },
      "properties": {
        "RADII": 34,
        "STORMID": "ep182026",
        "BASIN": "ep",
        "STORMNUM": 18,
        "ADVNUM": "55A",
        "VALIDTIME": "2026101121",
        "SYNOPTIME": "2026101018",
        "TIMEZONE": "UTC",
        "TAU": 24,
        "NE": 60,
        "SE": 120,
        "SW": 40,
        "NW": 30,
        "nhc_product": "wind_radii",
        "atcf": "ep182026",
        "storm_name": "Rachel",
        "storm_id": "18E"
      }
    },
    {
      "type": "Feature",
      "geometry": {
        "type": "Point",
        "coordinates": [
          -104.8,
          17.9
        ]
      },
      "properties": {
        "nhc_product": "storm_position",
        "storm_id": "20E",
        "atcf": "ep202026",
        "wallet": "EP5",
        "name": "Simon",
        "type": "Hurricane",
        "wind_mph": "150 mph",
        "pressure_mb": "932 mb",
        "movement": "N at 3 mph",
        "headline": "...CATEGORY 4 SIMON DRIFTING NORTHWARD TOWARD WEST-CENTRAL MEXICO... ...PREPARATIONS TO PROTECT LIFE AND PROPERTY SHOULD BE RUSHED TO COMPLETION IN THE HURRICANE WARNING AREA BEFORE CONDITIONS DETERIORATE LATER TONIGHT...",
        "datetime_str": "6:00 PM CST Sat Oct 10",
        "advisory_number": "014A"
      }
    },
    {
      "type": "Feature",
      "geometry": {
        "type": "Polygon",
        "coordinates": [
          [
            [
              -104.88519,
              17.64892
            ],
            [
              -104.85915,
              17.64442
            ],
            [
              -104.83977,
              17.6428
            ],
            [
              -104.82947,
              17.64232
            ],
            [
              -104.79681,
              17.64203
            ],
            [
              -104.77448,
              17.6428
            ],
            [
              -104.75241,
              17.64442
            ],
            [
              -104.72112,
              17.64892
            ],
            [
              -104.71156,
              17.65131
            ],
            [
              -104.68427,
              17.65982
            ],
            [
              -104.67616,
              17.66364
            ],
            [
              -104.65295,
              17.67627
            ],
            [
              -104.63882,
              17.68602
            ],
            [
              -104.63215,
              17.69128
            ],
            [
              -104.61286,
              17.70782
            ],
            [
              -104.60064,
              17.71949
            ],
            [
              -104.59482,
              17.72561
            ],
            [
              -104.57773,
              17.74435
            ],
            [
              -104.56723,
              17.75774
            ],
            [
              -104.5575,
              17.77189
            ],
            [
              -104.54871,
              17.787
            ],
            [
              -104.53754,
              17.81167
            ],
            [
              -104.53421,
              17.82027
            ],
            [
              -104.52829,
              17.83825
            ],
            [
              -104.52294,
              17.8568
            ],
            [
              -104.51797,
              17.87573
            ],
            [
              -104.5132,
              17.89486
            ],
            [
              -104.50843,
              17.91398
            ],
            [
              -104.50365,
              17.93311
            ],
            [
              -104.49889,
              17.95223
            ],
            [
              -104.49411,
              17.97136
            ],
            [
              -104.48743,
              18.00052
            ],
            [
              -104.48533,
              18.01037
            ],
            [
              -104.4817,
              18.03064
            ],
            [
              -104.47787,
              18.06268
            ],
            [
              -104.47692,
              18.07367
            ],
            [
              -104.47578,
              18.09643
            ],
            [
              -104.47502,
              18.11957
            ],
            [
              -104.47426,
              18.14271
            ],
            [
              -104.47311,
              18.16547
            ],
            [
              -104.46977,
              18.19798
            ],
            [
              -104.46834,
              18.2085
            ],
            [
              -104.46309,
              18.2391
            ],
            [
              -104.45955,
              18.25946
            ],
            [
              -104.45783,
              18.2697
            ],
            [
              -104.45401,
              18.30173
            ],
            [
              -104.45306,
              18.31273
            ],
            [
              -104.45191,
              18.33548
            ],
            [
              -104.45125,
              18.37067
            ],
            [
              -104.45116,
              18.39448
            ],
            [
              -104.45116,
              18.41839
            ],
            [
              -104.45116,
              18.44229
            ],
            [
              -104.45116,
              18.4662
            ],
            [
              -104.45116,
              18.4901
            ],
            [
              -104.45116,
              18.51401
            ],
            [
              -104.45116,
              18.53791
            ],
            [
              -104.45116,
              18.56182
            ],
            [
              -104.45116,
              18.58573
            ],
            [
              -104.45116,
              18.60963
            ],
            [
              -104.45116,
              18.63354
            ],
            [
              -104.45116,
              18.65744
            ],
            [
              -104.45116,
              18.6694
            ],
            [
              -104.45116,
              18.70525
            ],
            [
              -104.45116,
              18.72916
            ],
            [
              -104.45116,
              18.75306
            ],
            [
              -104.45116,
              18.77697
            ],
            [
              -104.45116,
              18.80087
            ],
            [
              -104.45116,
              18.82478
            ],
            [
              -104.45116,
              18.84868
            ],
            [
              -104.45116,
              18.87259
            ],
            [
              -104.45116,
              18.8965
            ],
            [
              -104.45116,
              18.9204
            ],
            [
              -104.45116,
              18.94431
            ],
            [
              -104.45116,
              18.96821
            ],
            [
              -104.45116,
              18.99212
            ],
            [
              -104.45116,
              19.01602
            ],
            [
              -104.45116,
              19.03993
            ],
            [
              -104.45116,
              19.06383
            ],
            [
              -104.45116,
              19.08774
            ],
            [
              -104.45116,
              19.09969
            ],
            [
              -104.45116,
              19.13555
            ],
            [
              -104.45116,
              19.15946
            ],
            [
              -104.45116,
              19.18336
            ],
            [
              -104.45116,
              19.20727
            ],
            [
              -104.45116,
              19.23117
            ],
            [
              -104.45116,
              19.25508
            ],
            [
              -104.45116,
              19.27898
            ],
            [
              -104.45116,
              19.30289
            ],
            [
              -104.45116,
              19.32679
            ],
            [
              -104.45116,
              19.3507
            ],
            [
              -104.45116,
              19.37461
            ],
            [
              -104.45116,
              19.39851
            ],
            [
              -104.45116,
              19.41046
            ],
            [
              -104.45107,
              19.44623
            ],
            [
              -104.45068,
              19.46975
            ],
            [
              -104.45039,
              19.48141
            ],
            [
              -104.44925,
              19.50417
            ],
            [
              -104.44734,
              19.52617
            ],
            [
              -104.44447,
              19.5472
            ],
            [
              -104.43921,
              19.5778
            ],
            [
              -104.43568,
              19.59817
            ],
            [
              -104.43397,
              19.6084
            ],
            [
              -104.43015,
              19.64043
            ],
            [
              -104.42919,
              19.65143
            ],
            [
              -104.42805,
              19.67419
            ],
            [
              -104.42738,
              19.70938
            ],
            [
              -104.42729,
              19.73319
            ],
            [
              -104.42729,
              19.75709
            ],
            [
              -104.42729,
              19.781
            ],
            [
              -104.42729,
              19.8049
            ],
            [
              -104.42729,
              19.82881
            ],
            [
              -104.4272,
              19.85262
            ],
            [
              -104.42682,
              19.87614
            ],
            [
              -104.42653,
              19.88781
            ],
            [
              -104.42538,
              19.91056
            ],
            [
              -104.42348,
              19.93256
            ],
            [
              -104.42061,
              19.95359
            ],
            [
              -104.41536,
              19.98419
            ],
            [
              -104.41354,
              19.99433
            ],
            [
              -104.40867,
              20.02531
            ],
            [
              -104.40723,
              20.03583
            ],
            [
              -104.40533,
              20.05782
            ],
            [
              -104.4039,
              20.09225
            ],
            [
              -104.40352,
              20.11577
            ],
            [
              -104.40343,
              20.13958
            ],
            [
              -104.40343,
              20.16348
            ],
            [
              -104.40334,
              20.18729
            ],
            [
              -104.40324,
              20.19915
            ],
            [
              -104.40266,
              20.22248
            ],
            [
              -104.40057,
              20.25624
            ],
            [
              -104.39961,
              20.26723
            ],
            [
              -104.39502,
              20.2985
            ],
            [
              -104.39148,
              20.31887
            ],
            [
              -104.38795,
              20.33924
            ],
            [
              -104.3848,
              20.35999
            ],
            [
              -104.38337,
              20.37051
            ],
            [
              -104.38146,
              20.3925
            ],
            [
              -104.37994,
              20.42683
            ],
            [
              -104.37956,
              20.4384
            ],
            [
              -104.37823,
              20.47292
            ],
            [
              -104.37766,
              20.48429
            ],
            [
              -104.37431,
              20.51681
            ],
            [
              -104.37288,
              20.52732
            ],
            [
              -104.36944,
              20.54779
            ],
            [
              -104.36581,
              20.56806
            ],
            [
              -104.36094,
              20.59904
            ],
            [
              -104.35855,
              20.62056
            ],
            [
              -104.35703,
              20.64293
            ],
            [
              -104.35608,
              20.66588
            ],
            [
              -104.35532,
              20.68902
            ],
            [
              -104.35436,
              20.71197
            ],
            [
              -104.35284,
              20.73434
            ],
            [
              -104.35188,
              20.74534
            ],
            [
              -104.34901,
              20.76638
            ],
            [
              -104.34557,
              20.78684
            ],
            [
              -104.34023,
              20.81734
            ],
            [
              -104.33851,
              20.82758
            ],
            [
              -104.33564,
              20.84861
            ],
            [
              -104.33373,
              20.87061
            ],
            [
              -104.33259,
              20.89336
            ],
            [
              -104.33145,
              20.92808
            ],
            [
              -104.33107,
              20.93965
            ],
            [
              -104.32993,
              20.9624
            ],
            [
              -104.32658,
              20.99492
            ],
            [
              -104.32343,
              21.01566
            ],
            [
              -104.32171,
              21.0259
            ],
            [
              -104.31636,
              21.0564
            ],
            [
              -104.31464,
              21.06663
            ],
            [
              -104.31073,
              21.09857
            ],
            [
              -104.30968,
              21.10947
            ],
            [
              -104.30797,
              21.13165
            ],
            [
              -104.3052,
              21.16474
            ],
            [
              -104.30415,
              21.17564
            ],
            [
              -104.30128,
              21.19668
            ],
            [
              -104.29602,
              21.22728
            ],
            [
              -104.2925,
              21.24764
            ],
            [
              -104.29078,
              21.25787
            ],
            [
              -104.28773,
              21.27872
            ],
            [
              -104.28525,
              21.30014
            ],
            [
              -104.28171,
              21.33246
            ],
            [
              -104.27895,
              21.35359
            ],
            [
              -104.27742,
              21.36401
            ],
            [
              -104.27217,
              21.39461
            ],
            [
              -104.27035,
              21.40475
            ],
            [
              -104.26673,
              21.42502
            ],
            [
              -104.26176,
              21.45591
            ],
            [
              -104.25871,
              21.47675
            ],
            [
              -104.25719,
              21.48717
            ],
            [
              -104.25194,
              21.51777
            ],
            [
              -104.25011,
              21.52791
            ],
            [
              -104.24467,
              21.55832
            ],
            [
              -104.24287,
              21.56845
            ],
            [
              -104.2379,
              21.59934
            ],
            [
              -104.23637,
              21.60976
            ],
            [
              -104.23332,
              21.63061
            ],
            [
              -104.22989,
              21.65107
            ],
            [
              -104.22395,
              21.681
            ],
            [
              -104.22186,
              21.69085
            ],
            [
              -104.21489,
              21.71973
            ],
            [
              -104.21002,
              21.73876
            ],
            [
              -104.20753,
              21.74822
            ],
            [
              -104.20238,
              21.76696
            ],
            [
              -104.19704,
              21.78551
            ],
            [
              -104.18864,
              21.81296
            ],
            [
              -104.18301,
              21.83122
            ],
            [
              -104.18024,
              21.8404
            ],
            [
              -104.17232,
              21.86832
            ],
            [
              -104.16975,
              21.8777
            ],
            [
              -104.16478,
              21.89663
            ],
            [
              -104.15723,
              21.92493
            ],
            [
              -104.15466,
              21.9343
            ],
            [
              -104.14931,
              21.95285
            ],
            [
              -104.14043,
              21.97982
            ],
            [
              -104.13728,
              21.98862
            ],
            [
              -104.13079,
              22.00602
            ],
            [
              -104.12059,
              22.03164
            ],
            [
              -104.11706,
              22.04006
            ],
            [
              -104.10999,
              22.05689
            ],
            [
              -104.1033,
              22.0741
            ],
            [
              -104.09682,
              22.0915
            ],
            [
              -104.09032,
              22.10891
            ],
            [
              -104.08421,
              22.12669
            ],
            [
              -104.07533,
              22.15366
            ],
            [
              -104.06932,
              22.17154
            ],
            [
              -104.06627,
              22.18043
            ],
            [
              -104.06035,
              22.19841
            ],
            [
              -104.05147,
              22.22537
            ],
            [
              -104.04546,
              22.24326
            ],
            [
              -104.0424,
              22.25215
            ],
            [
              -104.03648,
              22.27013
            ],
            [
              -104.03056,
              22.2881
            ],
            [
              -104.02446,
              22.30589
            ],
            [
              -104.01471,
              22.33199
            ],
            [
              -104.01147,
              22.34069
            ],
            [
              -104.00127,
              22.36632
            ],
            [
              -103.99773,
              22.37473
            ],
            [
              -103.98732,
              22.40017
            ],
            [
              -103.98398,
              22.40878
            ],
            [
              -103.97435,
              22.43497
            ],
            [
              -103.9712,
              22.44377
            ],
            [
              -103.96546,
              22.46194
            ],
            [
              -103.96011,
              22.48049
            ],
            [
              -103.95248,
              22.5087
            ],
            [
              -103.95,
              22.51817
            ],
            [
              -103.94293,
              22.54695
            ],
            [
              -103.94064,
              22.55661
            ],
            [
              -103.93644,
              22.57631
            ],
            [
              -103.93091,
              22.60662
            ],
            [
              -103.92918,
              22.61685
            ],
            [
              -103.92461,
              22.64812
            ],
            [
              -103.92308,
              22.65854
            ],
            [
              -103.91965,
              22.679
            ],
            [
              -103.91601,
              22.69927
            ],
            [
              -103.91066,
              22.72978
            ],
            [
              -103.90894,
              22.74001
            ],
            [
              -103.90617,
              22.76095
            ],
            [
              -103.90456,
              22.78266
            ],
            [
              -103.90408,
              22.81612
            ],
            [
              -103.90523,
              22.83812
            ],
            [
              -103.90752,
              22.85954
            ],
            [
              -103.91066,
              22.88029
            ],
            [
              -103.9142,
              22.90065
            ],
            [
              -103.91782,
              22.92093
            ],
            [
              -103.91954,
              22.93116
            ],
            [
              -103.9246,
              22.96195
            ],
            [
              -103.92766,
              22.9828
            ],
            [
              -103.93091,
              23.00345
            ],
            [
              -103.93454,
              23.02372
            ],
            [
              -103.93854,
              23.04361
            ],
            [
              -103.94292,
              23.06311
            ],
            [
              -103.94771,
              23.08224
            ],
            [
              -103.95287,
              23.10098
            ],
            [
              -103.9584,
              23.11934
            ],
            [
              -103.9644,
              23.13722
            ],
            [
              -103.97108,
              23.15444
            ],
            [
              -103.98206,
              23.1793
            ],
            [
              -103.98216,
              23.1792
            ],
            [
              -103.99773,
              23.21143
            ],
            [
              -104.00574,
              23.2273
            ],
            [
              -104.00966,
              23.23533
            ],
            [
              -104.01367,
              23.24327
            ],
            [
              -104.02159,
              23.25924
            ],
            [
              -104.03352,
              23.28314
            ],
            [
              -104.04546,
              23.30705
            ],
            [
              -104.05367,
              23.32273
            ],
            [
              -104.05367,
              23.32273
            ],
            [
              -104.06618,
              23.34606
            ],
            [
              -104.07944,
              23.36863
            ],
            [
              -104.08861,
              23.38335
            ],
            [
              -104.09795,
              23.39789
            ],
            [
              -104.1075,
              23.41223
            ],
            [
              -104.11723,
              23.42638
            ],
            [
              -104.12717,
              23.44034
            ],
            [
              -104.13232,
              23.44713
            ],
            [
              -104.14817,
              23.46712
            ],
            [
              -104.15943,
              23.47974
            ],
            [
              -104.16516,
              23.48596
            ],
            [
              -104.1768,
              23.4982
            ],
            [
              -104.19456,
              23.51627
            ],
            [
              -104.20659,
              23.52813
            ],
            [
              -104.21843,
              23.54017
            ],
            [
              -104.23045,
              23.55203
            ],
            [
              -104.24229,
              23.56408
            ],
            [
              -104.25432,
              23.57593
            ],
            [
              -104.26635,
              23.58779
            ],
            [
              -104.27255,
              23.59353
            ],
            [
              -104.29135,
              23.61055
            ],
            [
              -104.30452,
              23.62126
            ],
            [
              -104.31808,
              23.63159
            ],
            [
              -104.33202,
              23.64153
            ],
            [
              -104.3533,
              23.65607
            ],
            [
              -104.36047,
              23.66085
            ],
            [
              -104.38194,
              23.67519
            ],
            [
              -104.38911,
              23.67997
            ],
            [
              -104.40343,
              23.68953
            ],
            [
              -104.41775,
              23.6991
            ],
            [
              -104.43206,
              23.70866
            ],
            [
              -104.44658,
              23.71803
            ],
            [
              -104.46127,
              23.72721
            ],
            [
              -104.47617,
              23.73619
            ],
            [
              -104.49145,
              23.7448
            ],
            [
              -104.5071,
              23.75303
            ],
            [
              -104.52275,
              23.76125
            ],
            [
              -104.5386,
              23.76928
            ],
            [
              -104.55482,
              23.77693
            ],
            [
              -104.57106,
              23.78458
            ],
            [
              -104.58747,
              23.79204
            ],
            [
              -104.60446,
              23.79892
            ],
            [
              -104.61315,
              23.80217
            ],
            [
              -104.63921,
              23.81193
            ],
            [
              -104.65697,
              23.81805
            ],
            [
              -104.67491,
              23.82398
            ],
            [
              -104.69286,
              23.82991
            ],
            [
              -104.71081,
              23.83583
            ],
            [
              -104.72913,
              23.84138
            ],
            [
              -104.757,
              23.84932
            ],
            [
              -104.77582,
              23.85439
            ],
            [
              -104.78526,
              23.85687
            ],
            [
              -104.80435,
              23.86165
            ],
            [
              -104.82363,
              23.86624
            ],
            [
              -104.8433,
              23.87045
            ],
            [
              -104.86335,
              23.87427
            ],
            [
              -104.89418,
              23.87925
            ],
            [
              -104.91499,
              23.88231
            ],
            [
              -104.9254,
              23.88384
            ],
            [
              -104.94582,
              23.88728
            ],
            [
              -104.97617,
              23.89273
            ],
            [
              -104.98628,
              23.89455
            ],
            [
              -105.00672,
              23.89799
            ],
            [
              -105.02771,
              23.90086
            ],
            [
              -105.04967,
              23.90277
            ],
            [
              -105.08394,
              23.90411
            ],
            [
              -105.10704,
              23.90411
            ],
            [
              -105.12996,
              23.90334
            ],
            [
              -105.14094,
              23.90239
            ],
            [
              -105.17377,
              23.89942
            ],
            [
              -105.19449,
              23.89627
            ],
            [
              -105.21481,
              23.89273
            ],
            [
              -105.23515,
              23.88919
            ],
            [
              -105.25577,
              23.88594
            ],
            [
              -105.27686,
              23.88317
            ],
            [
              -105.28764,
              23.88202
            ],
            [
              -105.31982,
              23.87839
            ],
            [
              -105.34092,
              23.87561
            ],
            [
              -105.36145,
              23.87226
            ],
            [
              -105.38139,
              23.86835
            ],
            [
              -105.40086,
              23.86395
            ],
            [
              -105.42005,
              23.85926
            ],
            [
              -105.43904,
              23.85439
            ],
            [
              -105.45786,
              23.84932
            ],
            [
              -105.47647,
              23.84406
            ],
            [
              -105.48553,
              23.84119
            ],
            [
              -105.52143,
              23.82933
            ],
            [
              -105.53012,
              23.82608
            ],
            [
              -105.55579,
              23.81594
            ],
            [
              -105.564,
              23.81222
            ],
            [
              -105.58032,
              23.80466
            ],
            [
              -105.60467,
              23.79319
            ],
            [
              -105.61259,
              23.78917
            ],
            [
              -105.62843,
              23.78114
            ],
            [
              -105.6524,
              23.76928
            ],
            [
              -105.66032,
              23.76527
            ],
            [
              -105.67616,
              23.75723
            ],
            [
              -105.69211,
              23.7493
            ],
            [
              -105.70805,
              23.74136
            ],
            [
              -105.7238,
              23.73323
            ],
            [
              -105.73946,
              23.72501
            ],
            [
              -105.76256,
              23.71229
            ],
            [
              -105.77,
              23.7078
            ],
            [
              -105.79214,
              23.69412
            ],
            [
              -105.80666,
              23.68475
            ],
            [
              -105.82098,
              23.67519
            ],
            [
              -105.83511,
              23.66544
            ],
            [
              -105.84208,
              23.66047
            ],
            [
              -105.86259,
              23.64516
            ],
            [
              -105.87578,
              23.63446
            ],
            [
              -105.89458,
              23.61744
            ],
            [
              -105.90079,
              23.6117
            ],
            [
              -105.9068,
              23.60577
            ],
            [
              -105.91882,
              23.59391
            ],
            [
              -105.93668,
              23.57594
            ],
            [
              -105.9487,
              23.56408
            ],
            [
              -105.96054,
              23.55203
            ],
            [
              -105.97256,
              23.54017
            ],
            [
              -105.98441,
              23.52813
            ],
            [
              -105.99042,
              23.5222
            ],
            [
              -106.00235,
              23.51024
            ],
            [
              -106.02029,
              23.49236
            ],
            [
              -106.03214,
              23.48031
            ],
            [
              -106.04398,
              23.46827
            ],
            [
              -106.05543,
              23.45584
            ],
            [
              -106.0667,
              23.44321
            ],
            [
              -106.07738,
              23.43002
            ],
            [
              -106.08769,
              23.41644
            ],
            [
              -106.09761,
              23.40248
            ],
            [
              -106.10735,
              23.38833
            ],
            [
              -106.1169,
              23.37398
            ],
            [
              -106.12625,
              23.35945
            ],
            [
              -106.13542,
              23.34472
            ],
            [
              -106.14439,
              23.32981
            ],
            [
              -106.15298,
              23.31451
            ],
            [
              -106.16119,
              23.29882
            ],
            [
              -106.1694,
              23.28314
            ],
            [
              -106.17742,
              23.26727
            ],
            [
              -106.18525,
              23.25121
            ],
            [
              -106.19327,
              23.23533
            ],
            [
              -106.20129,
              23.21946
            ],
            [
              -106.20892,
              23.2032
            ],
            [
              -106.21637,
              23.18676
            ],
            [
              -106.22343,
              23.16993
            ],
            [
              -106.22973,
              23.15233
            ],
            [
              -106.23813,
              23.12489
            ],
            [
              -106.24329,
              23.10615
            ],
            [
              -106.24815,
              23.08712
            ],
            [
              -106.25054,
              23.07755
            ],
            [
              -106.25532,
              23.05843
            ],
            [
              -106.26009,
              23.03931
            ],
            [
              -106.26725,
              23.01062
            ],
            [
              -106.26964,
              23.00106
            ],
            [
              -106.27631,
              22.97189
            ],
            [
              -106.28023,
              22.95191
            ],
            [
              -106.28204,
              22.94177
            ],
            [
              -106.28586,
              22.90974
            ],
            [
              -106.28739,
              22.88736
            ],
            [
              -106.28796,
              22.87598
            ],
            [
              -106.28864,
              22.8408
            ],
            [
              -106.28873,
              22.81699
            ],
            [
              -106.28873,
              22.79308
            ],
            [
              -106.28873,
              22.78113
            ],
            [
              -106.28863,
              22.75732
            ],
            [
              -106.28825,
              22.72184
            ],
            [
              -106.2874,
              22.6988
            ],
            [
              -106.28587,
              22.67642
            ],
            [
              -106.28444,
              22.6659
            ],
            [
              -106.28177,
              22.64468
            ],
            [
              -106.27679,
              22.61379
            ],
            [
              -106.27509,
              22.60356
            ],
            [
              -106.27011,
              22.57267
            ],
            [
              -106.26917,
              22.56168
            ],
            [
              -106.26715,
              22.53978
            ],
            [
              -106.26535,
              22.50574
            ],
            [
              -106.26495,
              22.48222
            ],
            [
              -106.26476,
              22.4585
            ],
            [
              -106.26439,
              22.43497
            ],
            [
              -106.26353,
              22.41193
            ],
            [
              -106.26201,
              22.38956
            ],
            [
              -106.26057,
              22.37904
            ],
            [
              -106.25647,
              22.34729
            ],
            [
              -106.25465,
              22.33715
            ],
            [
              -106.2494,
              22.30656
            ],
            [
              -106.24797,
              22.29604
            ],
            [
              -106.24386,
              22.26429
            ],
            [
              -106.24234,
              22.24192
            ],
            [
              -106.24119,
              22.20721
            ],
            [
              -106.241,
              22.19545
            ],
            [
              -106.24052,
              22.17202
            ],
            [
              -106.23967,
              22.14897
            ],
            [
              -106.23872,
              22.13798
            ],
            [
              -106.23576,
              22.10508
            ],
            [
              -106.2326,
              22.08433
            ],
            [
              -106.22906,
              22.06397
            ],
            [
              -106.22554,
              22.0436
            ],
            [
              -106.22238,
              22.02285
            ],
            [
              -106.22144,
              22.01185
            ],
            [
              -106.21838,
              21.97905
            ],
            [
              -106.21713,
              21.95639
            ],
            [
              -106.2159,
              21.93373
            ],
            [
              -106.21494,
              21.92273
            ],
            [
              -106.21189,
              21.88993
            ],
            [
              -106.20702,
              21.85895
            ],
            [
              -106.2052,
              21.84882
            ],
            [
              -106.20349,
              21.83859
            ],
            [
              -106.19852,
              21.8077
            ],
            [
              -106.19603,
              21.78628
            ],
            [
              -106.19518,
              21.77519
            ],
            [
              -106.19241,
              21.7421
            ],
            [
              -106.18946,
              21.70921
            ],
            [
              -106.18803,
              21.69869
            ],
            [
              -106.18488,
              21.67794
            ],
            [
              -106.18306,
              21.6678
            ],
            [
              -106.17781,
              21.63721
            ],
            [
              -106.17636,
              21.62669
            ],
            [
              -106.17371,
              21.60546
            ],
            [
              -106.17065,
              21.57266
            ],
            [
              -106.1694,
              21.55
            ],
            [
              -106.16817,
              21.52734
            ],
            [
              -106.16655,
              21.50506
            ],
            [
              -106.16512,
              21.49454
            ],
            [
              -106.16245,
              21.47331
            ],
            [
              -106.15747,
              21.44242
            ],
            [
              -106.15576,
              21.43219
            ],
            [
              -106.1507,
              21.40141
            ],
            [
              -106.14946,
              21.39069
            ],
            [
              -106.14677,
              21.36946
            ],
            [
              -106.14316,
              21.33724
            ],
            [
              -106.14163,
              21.32682
            ],
            [
              -106.13715,
              21.29546
            ],
            [
              -106.13533,
              21.28532
            ],
            [
              -106.13008,
              21.25472
            ],
            [
              -106.12683,
              21.23406
            ],
            [
              -106.1256,
              21.22335
            ],
            [
              -106.12167,
              21.19142
            ],
            [
              -106.11929,
              21.1699
            ],
            [
              -106.11652,
              21.14877
            ],
            [
              -106.11328,
              21.12812
            ],
            [
              -106.11147,
              21.11798
            ],
            [
              -106.10622,
              21.08738
            ],
            [
              -106.10468,
              21.07696
            ],
            [
              -106.10019,
              21.04559
            ],
            [
              -106.09781,
              21.02408
            ],
            [
              -106.09543,
              21.00257
            ],
            [
              -106.0939,
              20.99214
            ],
            [
              -106.09094,
              20.9712
            ],
            [
              -106.08588,
              20.94041
            ],
            [
              -106.08406,
              20.93027
            ],
            [
              -106.07872,
              20.89977
            ],
            [
              -106.07547,
              20.87912
            ],
            [
              -106.07394,
              20.86869
            ],
            [
              -106.07069,
              20.84804
            ],
            [
              -106.06564,
              20.81725
            ],
            [
              -106.06383,
              20.80711
            ],
            [
              -106.05657,
              20.76657
            ],
            [
              -106.05486,
              20.75634
            ],
            [
              -106.05333,
              20.74592
            ],
            [
              -106.05008,
              20.72526
            ],
            [
              -106.0453,
              20.69418
            ],
            [
              -106.04178,
              20.67382
            ],
            [
              -106.03806,
              20.65364
            ],
            [
              -106.03413,
              20.63366
            ],
            [
              -106.03013,
              20.61377
            ],
            [
              -106.02621,
              20.59378
            ],
            [
              -106.0223,
              20.5738
            ],
            [
              -106.0183,
              20.55391
            ],
            [
              -106.01428,
              20.53402
            ],
            [
              -106.01027,
              20.51413
            ],
            [
              -106.00626,
              20.49424
            ],
            [
              -106.00235,
              20.47425
            ],
            [
              -105.99844,
              20.45427
            ],
            [
              -105.99443,
              20.43438
            ],
            [
              -105.99042,
              20.41449
            ],
            [
              -105.9864,
              20.3946
            ],
            [
              -105.9824,
              20.37471
            ],
            [
              -105.97849,
              20.35473
            ],
            [
              -105.97457,
              20.33474
            ],
            [
              -105.96856,
              20.30491
            ],
            [
              -105.96655,
              20.29496
            ],
            [
              -105.96254,
              20.27507
            ],
            [
              -105.95853,
              20.25518
            ],
            [
              -105.95462,
              20.2352
            ],
            [
              -105.95071,
              20.21521
            ],
            [
              -105.9467,
              20.19532
            ],
            [
              -105.94269,
              20.17544
            ],
            [
              -105.93867,
              20.15555
            ],
            [
              -105.93467,
              20.13566
            ],
            [
              -105.93076,
              20.11567
            ],
            [
              -105.92684,
              20.09569
            ],
            [
              -105.92284,
              20.0758
            ],
            [
              -105.91882,
              20.05591
            ],
            [
              -105.91481,
              20.03602
            ],
            [
              -105.9108,
              20.01613
            ],
            [
              -105.90689,
              19.99615
            ],
            [
              -105.90298,
              19.97616
            ],
            [
              -105.89897,
              19.95627
            ],
            [
              -105.89496,
              19.93638
            ],
            [
              -105.89095,
              19.91649
            ],
            [
              -105.88694,
              19.8966
            ],
            [
              -105.88303,
              19.87662
            ],
            [
              -105.87911,
              19.85663
            ],
            [
              -105.87501,
              19.83684
            ],
            [
              -105.87071,
              19.81724
            ],
            [
              -105.86623,
              19.79783
            ],
            [
              -105.86155,
              19.77861
            ],
            [
              -105.85677,
              19.75948
            ],
            [
              -105.8521,
              19.74026
            ],
            [
              -105.84761,
              19.72085
            ],
            [
              -105.84332,
              19.70125
            ],
            [
              -105.83921,
              19.68145
            ],
            [
              -105.8353,
              19.66147
            ],
            [
              -105.83138,
              19.64148
            ],
            [
              -105.82728,
              19.62169
            ],
            [
              -105.82298,
              19.60209
            ],
            [
              -105.8185,
              19.58268
            ],
            [
              -105.81382,
              19.56346
            ],
            [
              -105.80904,
              19.54433
            ],
            [
              -105.80428,
              19.52521
            ],
            [
              -105.7995,
              19.50608
            ],
            [
              -105.79472,
              19.48696
            ],
            [
              -105.78996,
              19.46783
            ],
            [
              -105.78518,
              19.44871
            ],
            [
              -105.78041,
              19.42959
            ],
            [
              -105.77563,
              19.41046
            ],
            [
              -105.77086,
              19.39134
            ],
            [
              -105.76609,
              19.37222
            ],
            [
              -105.76122,
              19.35318
            ],
            [
              -105.75616,
              19.33435
            ],
            [
              -105.75092,
              19.3157
            ],
            [
              -105.74547,
              19.29725
            ],
            [
              -105.73984,
              19.27898
            ],
            [
              -105.73421,
              19.26072
            ],
            [
              -105.73153,
              19.25144
            ],
            [
              -105.72351,
              19.22362
            ],
            [
              -105.71846,
              19.20478
            ],
            [
              -105.71349,
              19.18585
            ],
            [
              -105.70844,
              19.16701
            ],
            [
              -105.70051,
              19.13909
            ],
            [
              -105.69774,
              19.12991
            ],
            [
              -105.68906,
              19.10275
            ],
            [
              -105.6861,
              19.09377
            ],
            [
              -105.67722,
              19.0668
            ],
            [
              -105.67426,
              19.05781
            ],
            [
              -105.66824,
              19.03993
            ],
            [
              -105.66223,
              19.02205
            ],
            [
              -105.65631,
              19.00407
            ],
            [
              -105.65039,
              18.98609
            ],
            [
              -105.64438,
              18.96821
            ],
            [
              -105.63541,
              18.94134
            ],
            [
              -105.63245,
              18.93235
            ],
            [
              -105.62643,
              18.91447
            ],
            [
              -105.62013,
              18.89688
            ],
            [
              -105.61365,
              18.87947
            ],
            [
              -105.60706,
              18.86217
            ],
            [
              -105.60018,
              18.84515
            ],
            [
              -105.59312,
              18.82832
            ],
            [
              -105.58624,
              18.8113
            ],
            [
              -105.57641,
              18.78529
            ],
            [
              -105.57317,
              18.77659
            ],
            [
              -105.56687,
              18.75899
            ],
            [
              -105.56085,
              18.74111
            ],
            [
              -105.55484,
              18.72323
            ],
            [
              -105.54854,
              18.70564
            ],
            [
              -105.54205,
              18.68823
            ],
            [
              -105.53546,
              18.67092
            ],
            [
              -105.52859,
              18.6539
            ],
            [
              -105.52152,
              18.63707
            ],
            [
              -105.51131,
              18.61145
            ],
            [
              -105.50797,
              18.60284
            ],
            [
              -105.50119,
              18.58573
            ],
            [
              -105.49442,
              18.56861
            ],
            [
              -105.48773,
              18.5514
            ],
            [
              -105.48086,
              18.53438
            ],
            [
              -105.47379,
              18.51755
            ],
            [
              -105.46692,
              18.50053
            ],
            [
              -105.46024,
              18.48331
            ],
            [
              -105.45346,
              18.4662
            ],
            [
              -105.44669,
              18.44908
            ],
            [
              -105.43991,
              18.43196
            ],
            [
              -105.43275,
              18.41523
            ],
            [
              -105.42139,
              18.39075
            ],
            [
              -105.41375,
              18.3745
            ],
            [
              -105.40974,
              18.36656
            ],
            [
              -105.39771,
              18.34275
            ],
            [
              -105.3939,
              18.33463
            ],
            [
              -105.38244,
              18.31024
            ],
            [
              -105.375,
              18.29379
            ],
            [
              -105.37157,
              18.28528
            ],
            [
              -105.36478,
              18.26817
            ],
            [
              -105.358,
              18.25105
            ],
            [
              -105.35123,
              18.23393
            ],
            [
              -105.34445,
              18.21682
            ],
            [
              -105.33729,
              18.20008
            ],
            [
              -105.32593,
              18.17561
            ],
            [
              -105.32211,
              18.16748
            ],
            [
              -105.31027,
              18.14347
            ],
            [
              -105.30225,
              18.1276
            ],
            [
              -105.29834,
              18.11957
            ],
            [
              -105.29042,
              18.1036
            ],
            [
              -105.28239,
              18.08773
            ],
            [
              -105.27056,
              18.06373
            ],
            [
              -105.26254,
              18.04785
            ],
            [
              -105.25433,
              18.03217
            ],
            [
              -105.24612,
              18.01649
            ],
            [
              -105.23753,
              18.00119
            ],
            [
              -105.22856,
              17.98627
            ],
            [
              -105.21939,
              17.97155
            ],
            [
              -105.21472,
              17.96428
            ],
            [
              -105.20526,
              17.94984
            ],
            [
              -105.19076,
              17.92852
            ],
            [
              -105.18083,
              17.91456
            ],
            [
              -105.17052,
              17.90098
            ],
            [
              -105.16518,
              17.89438
            ],
            [
              -105.14857,
              17.87516
            ],
            [
              -105.14284,
              17.86895
            ],
            [
              -105.12527,
              17.85068
            ],
            [
              -105.11343,
              17.83863
            ],
            [
              -105.10742,
              17.83271
            ],
            [
              -105.08957,
              17.81473
            ],
            [
              -105.07755,
              17.80287
            ],
            [
              -105.0657,
              17.79082
            ],
            [
              -105.05368,
              17.77896
            ],
            [
              -105.04184,
              17.76692
            ],
            [
              -105.02982,
              17.75506
            ],
            [
              -105.0239,
              17.74903
            ],
            [
              -105.00595,
              17.73116
            ],
            [
              -104.99994,
              17.72523
            ],
            [
              -104.98151,
              17.70782
            ],
            [
              -104.96901,
              17.69654
            ],
            [
              -104.95602,
              17.68602
            ],
            [
              -104.94276,
              17.67627
            ],
            [
              -104.92921,
              17.66747
            ],
            [
              -104.91537,
              17.65982
            ],
            [
              -104.89293,
              17.65131
            ],
            [
              -104.88519,
              17.64892
            ]
          ]
        ]
      },
      "properties": {
        "STORMNAME": "Simon",
        "STORMTYPE": "HU",
        "ADVDATE": "600 PM CST Sat Oct 10 2026",
        "ADVISNUM": "14A",
        "STORMNUM": 20,
        "FCSTPRD": 120,
        "BASIN": "EP",
        "nhc_product": "cone_of_uncertainty",
        "atcf": "ep202026",
        "storm_name": "Simon",
        "storm_id": "20E"
      }
    },
    {
      "type": "Feature",
      "geometry": {
        "type": "Point",
        "coordinates": [
          -104.8,
          17.9
        ]
      },
      "properties": {
        "ADVDATE": "600 PM CST Sat Oct 10 2026",
        "ADVISNUM": "14A",
        "BASIN": "EP",
        "DATELBL": "6:00 PM Sat",
        "DVLBL": "M",
        "FCSTPRD": 120,
        "FLDATELBL": "2026-10-10 3:00 PM Sat CST",
        "GUST": 160,
        "LAT": 17,
        "LON": -104,
        "MAXWIND": 130,
        "MSLP": 932,
        "SSNUM": 4,
        "STORMNAME": "Hurricane Simon",
        "STORMNUM": 20,
        "STORMSRC": "Tropical Cyclone",
        "STORMTYPE": "MH",
        "TCDVLP": "Major Hurricane",
        "TAU": 0,
        "TCDIR": 360,
        "TCSPD": 4,
        "TIMEZONE": "CST",
        "VALIDTIME": "10/2100",
        "nhc_product": "forecast_track_points",
        "atcf": "ep202026",
        "storm_name": "Simon",
        "storm_id": "20E"
      }
    },
    {
      "type": "Feature",
      "geometry": {
        "type": "Point",
        "coordinates": [
          -104.9,
          18.3
        ]
      },
      "properties": {
        "ADVDATE": "600 PM CST Sat Oct 10 2026",
        "ADVISNUM": "14A",
        "BASIN": "EP",
        "DATELBL": "12:00 AM Sun",
        "DVLBL": "M",
        "FCSTPRD": 120,
        "FLDATELBL": "2026-10-11 12:00 AM Sun CST",
        "GUST": 160,
        "LAT": 18,
        "LON": -104,
        "MAXWIND": 130,
        "MSLP": 9999,
        "SSNUM": 4,
        "STORMNAME": "Hurricane Simon",
        "STORMNUM": 20,
        "STORMSRC": "Tropical Cyclone",
        "STORMTYPE": "MH",
        "TCDVLP": "Major Hurricane",
        "TAU": 12,
        "TCDIR": 9999,
        "TCSPD": 9999,
        "TIMEZONE": "CST",
        "VALIDTIME": "11/0600",
        "nhc_product": "forecast_track_points",
        "atcf": "ep202026",
        "storm_name": "Simon",
        "storm_id": "20E"
      }
    },
    {
      "type": "Feature",
      "geometry": {
        "type": "Point",
        "coordinates": [
          -105.1,
          19.4
        ]
      },
      "properties": {
        "ADVDATE": "600 PM CST Sat Oct 10 2026",
        "ADVISNUM": "14A",
        "BASIN": "EP",
        "DATELBL": "12:00 PM Sun",
        "DVLBL": "M",
        "FCSTPRD": 120,
        "FLDATELBL": "2026-10-11 12:00 PM Sun CST",
        "GUST": 135,
        "LAT": 19,
        "LON": -105,
        "MAXWIND": 110,
        "MSLP": 9999,
        "SSNUM": 3,
        "STORMNAME": "Hurricane Simon",
        "STORMNUM": 20,
        "STORMSRC": "Tropical Cyclone",
        "STORMTYPE": "MH",
        "TCDVLP": "Major Hurricane",
        "TAU": 24,
        "TCDIR": 9999,
        "TCSPD": 9999,
        "TIMEZONE": "CST",
        "VALIDTIME": "11/1800",
        "nhc_product": "forecast_track_points",
        "atcf": "ep202026",
        "storm_name": "Simon",
        "storm_id": "20E"
      }
    },
    {
      "type": "Feature",
      "geometry": {
        "type": "Point",
        "coordinates": [
          -105.2,
          20.8
        ]
      },
      "properties": {
        "ADVDATE": "600 PM CST Sat Oct 10 2026",
        "ADVISNUM": "14A",
        "BASIN": "EP",
        "DATELBL": "12:00 AM Mon",
        "DVLBL": "H",
        "FCSTPRD": 120,
        "FLDATELBL": "2026-10-12 12:00 AM Mon CST",
        "GUST": 80,
        "LAT": 20,
        "LON": -105,
        "MAXWIND": 65,
        "MSLP": 9999,
        "SSNUM": 1,
        "STORMNAME": "Hurricane Simon",
        "STORMNUM": 20,
        "STORMSRC": "Tropical Cyclone",
        "STORMTYPE": "HU",
        "TCDVLP": "Hurricane",
        "TAU": 36,
        "TCDIR": 9999,
        "TCSPD": 9999,
        "TIMEZONE": "CST",
        "VALIDTIME": "12/0600",
        "nhc_product": "forecast_track_points",
        "atcf": "ep202026",
        "storm_name": "Simon",
        "storm_id": "20E"
      }
    },
    {
      "type": "Feature",
      "geometry": {
        "type": "Point",
        "coordinates": [
          -105.2,
          21.9
        ]
      },
      "properties": {
        "ADVDATE": "600 PM CST Sat Oct 10 2026",
        "ADVISNUM": "14A",
        "BASIN": "EP",
        "DATELBL": "12:00 PM Mon",
        "DVLBL": "S",
        "FCSTPRD": 120,
        "FLDATELBL": "2026-10-12 12:00 PM Mon CST",
        "GUST": 50,
        "LAT": 21,
        "LON": -105,
        "MAXWIND": 40,
        "MSLP": 9999,
        "SSNUM": 0,
        "STORMNAME": "Hurricane Simon",
        "STORMNUM": 20,
        "STORMSRC": "Tropical Cyclone",
        "STORMTYPE": "TS",
        "TCDVLP": "Tropical Storm",
        "TAU": 48,
        "TCDIR": 9999,
        "TCSPD": 9999,
        "TIMEZONE": "CST",
        "VALIDTIME": "12/1800",
        "nhc_product": "forecast_track_points",
        "atcf": "ep202026",
        "storm_name": "Simon",
        "storm_id": "20E"
      }
    },
    {
      "type": "Feature",
      "geometry": {
        "type": "Point",
        "coordinates": [
          -105.1,
          22.8
        ]
      },
      "properties": {
        "ADVDATE": "600 PM CST Sat Oct 10 2026",
        "ADVISNUM": "14A",
        "BASIN": "EP",
        "DATELBL": "12:00 AM Tue",
        "DVLBL": "D",
        "FCSTPRD": 120,
        "FLDATELBL": "2026-10-13 12:00 AM Tue CST",
        "GUST": 30,
        "LAT": 22,
        "LON": -105,
        "MAXWIND": 20,
        "MSLP": 9999,
        "SSNUM": 0,
        "STORMNAME": "Hurricane Simon",
        "STORMNUM": 20,
        "STORMSRC": "Post-Tropical Cyclone",
        "STORMTYPE": "STD",
        "TCDVLP": "Subtropical Depression",
        "TAU": 60,
        "TCDIR": 9999,
        "TCSPD": 9999,
        "TIMEZONE": "CST",
        "VALIDTIME": "13/0600",
        "nhc_product": "forecast_track_points",
        "atcf": "ep202026",
        "storm_name": "Simon",
        "storm_id": "20E"
      }
    },
    {
      "type": "Feature",
      "geometry": {
        "type": "Polygon",
        "coordinates": [
          [
            [
              -104.787704,
              19.2309017
            ],
            [
              -104.763107,
              19.2304955
            ],
            [
              -104.738525,
              19.2296772
            ],
            [
              -104.713959,
              19.2284508
            ],
            [
              -104.68943,
              19.2268181
            ],
            [
              -104.664917,
              19.2247791
            ],
            [
              -104.640465,
              19.222332
            ],
            [
              -104.616043,
              19.2194805
            ],
            [
              -104.59169,
              19.2162209
            ],
            [
              -104.567398,
              19.2125587
            ],
            [
              -104.543182,
              19.2084961
            ],
            [
              -104.519051,
              19.2040291
            ],
            [
              -104.494995,
              19.1991653
            ],
            [
              -104.471046,
              19.1938992
            ],
            [
              -104.447197,
              19.1882362
            ],
            [
              -104.423447,
              19.1821804
            ],
            [
              -104.399826,
              19.1757298
            ],
            [
              -104.376328,
              19.1688881
            ],
            [
              -104.352959,
              19.1616592
            ],
            [
              -104.329727,
              19.1540375
            ],
            [
              -104.306641,
              19.1460361
            ],
            [
              -104.283714,
              19.1376534
            ],
            [
              -104.260948,
              19.1288891
            ],
            [
              -104.23835,
              19.1197491
            ],
            [
              -104.215927,
              19.1102333
            ],
            [
              -104.19368,
              19.1003494
            ],
            [
              -104.171623,
              19.0900936
            ],
            [
              -104.149765,
              19.0794754
            ],
            [
              -104.128105,
              19.0684967
            ],
            [
              -104.106659,
              19.0571594
            ],
            [
              -104.085426,
              19.0454674
            ],
            [
              -104.064415,
              19.0334244
            ],
            [
              -104.043633,
              19.0210361
            ],
            [
              -104.023087,
              19.0083027
            ],
            [
              -104.002777,
              18.9952316
            ],
            [
              -103.982719,
              18.9818249
            ],
            [
              -103.962914,
              18.9680843
            ],
            [
              -103.943375,
              18.9540215
            ],
            [
              -103.924088,
              18.9396324
            ],
            [
              -103.905083,
              18.9249268
            ],
            [
              -103.886353,
              18.9099102
            ],
            [
              -103.867905,
              18.8945827
            ],
            [
              -103.849747,
              18.8789501
            ],
            [
              -103.831886,
              18.8630199
            ],
            [
              -103.814323,
              18.8467979
            ],
            [
              -103.797066,
              18.8302841
            ],
            [
              -103.780113,
              18.8134842
            ],
            [
              -103.763481,
              18.7964096
            ],
            [
              -103.747177,
              18.7790585
            ],
            [
              -103.731186,
              18.7614403
            ],
            [
              -103.71553,
              18.7435589
            ],
            [
              -103.700211,
              18.7254219
            ],
            [
              -103.685234,
              18.7070332
            ],
            [
              -103.670593,
              18.6883965
            ],
            [
              -103.656303,
              18.6695194
            ],
            [
              -103.642372,
              18.6504097
            ],
            [
              -103.628792,
              18.631073
            ],
            [
              -103.615578,
              18.6115112
            ],
            [
              -103.602722,
              18.5917339
            ],
            [
              -103.59024,
              18.5717449
            ],
            [
              -103.578133,
              18.5515537
            ],
            [
              -103.566399,
              18.5311642
            ],
            [
              -103.555038,
              18.510582
            ],
            [
              -103.544075,
              18.4898148
            ],
            [
              -103.533493,
              18.4688702
            ],
            [
              -103.523293,
              18.447752
            ],
            [
              -103.513496,
              18.426466
            ],
            [
              -103.504089,
              18.4050236
            ],
            [
              -103.495079,
              18.3834248
            ],
            [
              -103.486465,
              18.3616829
            ],
            [
              -103.478264,
              18.3397999
            ],
            [
              -103.470459,
              18.3177872
            ],
            [
              -103.463074,
              18.2956429
            ],
            [
              -103.456093,
              18.2733822
            ],
            [
              -103.449524,
              18.251009
            ],
            [
              -103.443367,
              18.2285309
            ],
            [
              -103.437622,
              18.2059517
            ],
            [
              -103.432297,
              18.1832809
            ],
            [
              -103.427391,
              18.1605282
            ],
            [
              -103.422913,
              18.1376953
            ],
            [
              -103.418839,
              18.1147919
            ],
            [
              -103.415199,
              18.0918236
            ],
            [
              -103.41198,
              18.0687981
            ],
            [
              -103.40918,
              18.0457268
            ],
            [
              -103.406815,
              18.0226059
            ],
            [
              -103.404869,
              17.9994545
            ],
            [
              -103.403351,
              17.9762707
            ],
            [
              -103.402252,
              17.9530678
            ],
            [
              -103.401581,
              17.9298496
            ],
            [
              -103.401344,
              17.9066238
            ],
            [
              -103.576317,
              17.8860168
            ],
            [
              -103.576828,
              17.8656998
            ],
            [
              -103.577721,
              17.8453922
            ],
            [
              -103.578972,
              17.8251038
            ],
            [
              -103.580597,
              17.8048382
            ],
            [
              -103.582603,
              17.7846031
            ],
            [
              -103.584969,
              17.7644043
            ],
            [
              -103.587708,
              17.7442474
            ],
            [
              -103.590813,
              17.7241402
            ],
            [
              -103.594284,
              17.7040863
            ],
            [
              -103.598129,
              17.6840973
            ],
            [
              -103.602333,
              17.6641712
            ],
            [
              -103.606895,
              17.6443176
            ],
            [
              -103.611824,
              17.6245441
            ],
            [
              -103.617111,
              17.6048546
            ],
            [
              -103.622765,
              17.5852547
            ],
            [
              -103.628769,
              17.5657539
            ],
            [
              -103.635124,
              17.5463562
            ],
            [
              -103.641838,
              17.5270653
            ],
            [
              -103.648903,
              17.5078888
            ],
            [
              -103.656311,
              17.4888325
            ],
            [
              -103.664062,
              17.4699039
            ],
            [
              -103.672165,
              17.451107
            ],
            [
              -103.680611,
              17.4324455
            ],
            [
              -103.689384,
              17.413929
            ],
            [
              -103.698502,
              17.3955574
            ],
            [
              -103.707947,
              17.3773422
            ],
            [
              -103.71772,
              17.3592873
            ],
            [
              -103.727821,
              17.3413963
            ],
            [
              -103.738251,
              17.3236752
            ],
            [
              -103.749001,
              17.3061314
            ],
            [
              -103.760063,
              17.2887688
            ],
            [
              -103.771439,
              17.2715912
            ],
            [
              -103.783127,
              17.2546062
            ],
            [
              -103.79512,
              17.2378159
            ],
            [
              -103.807419,
              17.2212296
            ],
            [
              -103.820015,
              17.2048492
            ],
            [
              -103.832909,
              17.1886826
            ],
            [
              -103.846092,
              17.1727276
            ],
            [
              -103.859558,
              17.1569977
            ],
            [
              -103.873306,
              17.1414928
            ],
            [
              -103.887337,
              17.1262188
            ],
            [
              -103.901649,
              17.1111794
            ],
            [
              -103.916222,
              17.0963821
            ],
            [
              -103.931053,
              17.0818253
            ],
            [
              -103.946159,
              17.0675201
            ],
            [
              -103.961517,
              17.0534668
            ],
            [
              -103.977127,
              17.0396709
            ],
            [
              -103.992989,
              17.0261345
            ],
            [
              -104.009087,
              17.0128651
            ],
            [
              -104.025421,
              16.9998646
            ],
            [
              -104.041992,
              16.9871387
            ],
            [
              -104.058784,
              16.9746876
            ],
            [
              -104.075806,
              16.9625206
            ],
            [
              -104.093048,
              16.950634
            ],
            [
              -104.110497,
              16.9390373
            ],
            [
              -104.128151,
              16.9277325
            ],
            [
              -104.146004,
              16.9167233
            ],
            [
              -104.164055,
              16.9060116
            ],
            [
              -104.182297,
              16.8955994
            ],
            [
              -104.200729,
              16.8854923
            ],
            [
              -104.219337,
              16.8756943
            ],
            [
              -104.238121,
              16.8662071
            ],
            [
              -104.257072,
              16.8570328
            ],
            [
              -104.276176,
              16.848175
            ],
            [
              -104.295456,
              16.8396339
            ],
            [
              -104.314873,
              16.8314152
            ],
            [
              -104.334442,
              16.8235188
            ],
            [
              -104.354149,
              16.8159504
            ],
            [
              -104.373978,
              16.8087101
            ],
            [
              -104.393944,
              16.8018017
            ],
            [
              -104.414032,
              16.7952232
            ],
            [
              -104.434235,
              16.7889805
            ],
            [
              -104.454552,
              16.7830734
            ],
            [
              -104.474968,
              16.7775059
            ],
            [
              -104.495483,
              16.7722778
            ],
            [
              -104.516083,
              16.7673912
            ],
            [
              -104.536774,
              16.7628479
            ],
            [
              -104.557541,
              16.7586479
            ],
            [
              -104.578384,
              16.7547932
            ],
            [
              -104.599289,
              16.7512856
            ],
            [
              -104.620255,
              16.748127
            ],
            [
              -104.641273,
              16.7453175
            ],
            [
              -104.662346,
              16.7428551
            ],
            [
              -104.683449,
              16.7407417
            ],
            [
              -104.704597,
              16.7389832
            ],
            [
              -104.725769,
              16.7375755
            ],
            [
              -104.746964,
              16.736517
            ],
            [
              -104.768173,
              16.7358131
            ],
            [
              -104.789391,
              16.7354584
            ],
            [
              -104.809113,
              16.901823
            ],
            [
              -104.827316,
              16.9021263
            ],
            [
              -104.845512,
              16.9027328
            ],
            [
              -104.863693,
              16.9036388
            ],
            [
              -104.881851,
              16.9048462
            ],
            [
              -104.899994,
              16.9063549
            ],
            [
              -104.918106,
              16.9081669
            ],
            [
              -104.93618,
              16.9102802
            ],
            [
              -104.954216,
              16.9126911
            ],
            [
              -104.972198,
              16.9154015
            ],
            [
              -104.990135,
              16.9184113
            ],
            [
              -105.008011,
              16.9217148
            ],
            [
              -105.025826,
              16.9253197
            ],
            [
              -105.043579,
              16.9292183
            ],
            [
              -105.061256,
              16.9334087
            ],
            [
              -105.07885,
              16.9378948
            ],
            [
              -105.096359,
              16.9426708
            ],
            [
              -105.113785,
              16.9477367
            ],
            [
              -105.131119,
              16.9530907
            ],
            [
              -105.148346,
              16.9587345
            ],
            [
              -105.165482,
              16.9646626
            ],
            [
              -105.182495,
              16.9708748
            ],
            [
              -105.199394,
              16.9773674
            ],
            [
              -105.216179,
              16.9841404
            ],
            [
              -105.232834,
              16.99119
            ],
            [
              -105.249359,
              16.998518
            ],
            [
              -105.265755,
              17.006115
            ],
            [
              -105.282005,
              17.0139866
            ],
            [
              -105.298111,
              17.0221233
            ],
            [
              -105.314079,
              17.0305309
            ],
            [
              -105.32988,
              17.0391998
            ],
            [
              -105.34552,
              17.04813
            ],
            [
              -105.361008,
              17.0573177
            ],
            [
              -105.37632,
              17.0667648
            ],
            [
              -105.391457,
              17.0764618
            ],
            [
              -105.406418,
              17.0864086
            ],
            [
              -105.421204,
              17.0966034
            ],
            [
              -105.435791,
              17.1070404
            ],
            [
              -105.450195,
              17.1177197
            ],
            [
              -105.464401,
              17.1286354
            ],
            [
              -105.478401,
              17.1397877
            ],
            [
              -105.49221,
              17.1511688
            ],
            [
              -105.505798,
              17.1627789
            ],
            [
              -105.519188,
              17.1746101
            ],
            [
              -105.532349,
              17.1866646
            ],
            [
              -105.545288,
              17.1989365
            ],
            [
              -105.558014,
              17.2114201
            ],
            [
              -105.570511,
              17.2241116
            ],
            [
              -105.582771,
              17.237011
            ],
            [
              -105.594788,
              17.2501106
            ],
            [
              -105.606575,
              17.2634068
            ],
            [
              -105.618118,
              17.2768993
            ],
            [
              -105.62941,
              17.2905807
            ],
            [
              -105.640457,
              17.3044472
            ],
            [
              -105.651245,
              17.3184967
            ],
            [
              -105.661781,
              17.3327198
            ],
            [
              -105.672058,
              17.3471184
            ],
            [
              -105.682068,
              17.3616848
            ],
            [
              -105.691811,
              17.3764172
            ],
            [
              -105.701294,
              17.391304
            ],
            [
              -105.710495,
              17.4063492
            ],
            [
              -105.719421,
              17.421545
            ],
            [
              -105.728073,
              17.4368896
            ],
            [
              -105.73645,
              17.4523716
            ],
            [
              -105.744537,
              17.4679909
            ],
            [
              -105.752335,
              17.4837437
            ],
            [
              -105.75985,
              17.4996204
            ],
            [
              -105.767075,
              17.5156212
            ],
            [
              -105.774002,
              17.5317402
            ],
            [
              -105.78064,
              17.5479717
            ],
            [
              -105.78698,
              17.564312
            ],
            [
              -105.793015,
              17.5807514
            ],
            [
              -105.798759,
              17.5972919
            ],
            [
              -105.804199,
              17.613924
            ],
            [
              -105.809326,
              17.6306458
            ],
            [
              -105.814156,
              17.6474476
            ],
            [
              -105.818672,
              17.6643276
            ],
            [
              -105.822884,
              17.681282
            ],
            [
              -105.826782,
              17.6983013
            ],
            [
              -105.830368,
              17.7153835
            ],
            [
              -105.833641,
              17.732523
            ],
            [
              -105.836609,
              17.7497139
            ],
            [
              -105.839249,
              17.7669525
            ],
            [
              -105.841583,
              17.7842312
            ],
            [
              -105.843597,
              17.8015461
            ],
            [
              -105.845291,
              17.8188915
            ],
            [
              -105.846672,
              17.8362637
            ],
            [
              -105.847733,
              17.8536568
            ],
            [
              -105.84848,
              17.8710632
            ],
            [
              -105.848892,
              17.8884792
            ],
            [
              -106.198677,
              17.9066181
            ],
            [
              -106.198433,
              17.9298439
            ],
            [
              -106.197769,
              17.9530621
            ],
            [
              -106.196663,
              17.976265
            ],
            [
              -106.195152,
              17.9994488
            ],
            [
              -106.193207,
              18.0226002
            ],
            [
              -106.190834,
              18.0457172
            ],
            [
              -106.188034,
              18.0687943
            ],
            [
              -106.184814,
              18.0918179
            ],
            [
              -106.181175,
              18.1147861
            ],
            [
              -106.177109,
              18.1376877
            ],
            [
              -106.172623,
              18.1605206
            ],
            [
              -106.167717,
              18.1832752
            ],
            [
              -106.162392,
              18.205946
            ],
            [
              -106.156654,
              18.2285252
            ],
            [
              -106.150497,
              18.2510033
            ],
            [
              -106.143929,
              18.2733765
            ],
            [
              -106.13694,
              18.2956371
            ],
            [
              -106.129555,
              18.3177776
            ],
            [
              -106.12175,
              18.3397942
            ],
            [
              -106.113548,
              18.3616772
            ],
            [
              -106.104942,
              18.383419
            ],
            [
              -106.095932,
              18.4050179
            ],
            [
              -106.086525,
              18.4264622
            ],
            [
              -106.076721,
              18.4477444
            ],
            [
              -106.066528,
              18.4688644
            ],
            [
              -106.055946,
              18.4898109
            ],
            [
              -106.044975,
              18.5105782
            ],
            [
              -106.033623,
              18.5311584
            ],
            [
              -106.021889,
              18.551548
            ],
            [
              -106.009781,
              18.5717392
            ],
            [
              -105.997292,
              18.5917263
            ],
            [
              -105.984444,
              18.6115055
            ],
            [
              -105.97123,
              18.6310673
            ],
            [
              -105.957649,
              18.6504059
            ],
            [
              -105.943718,
              18.6695137
            ],
            [
              -105.929428,
              18.6883907
            ],
            [
              -105.914795,
              18.7070255
            ],
            [
              -105.899811,
              18.7254162
            ],
            [
              -105.884491,
              18.7435551
            ],
            [
              -105.868835,
              18.7614365
            ],
            [
              -105.852852,
              18.7790527
            ],
            [
              -105.83654,
              18.7964039
            ],
            [
              -105.819908,
              18.8134804
            ],
            [
              -105.802956,
              18.8302784
            ],
            [
              -105.785698,
              18.8467922
            ],
            [
              -105.768135,
              18.8630161
            ],
            [
              -105.750275,
              18.8789463
            ],
            [
              -105.732109,
              18.894577
            ],
            [
              -105.713669,
              18.9099045
            ],
            [
              -105.694931,
              18.9249249
            ],
            [
              -105.675926,
              18.9396305
            ],
            [
              -105.656654,
              18.9540157
            ],
            [
              -105.6371,
              18.9680805
            ],
            [
              -105.617302,
              18.9818211
            ],
            [
              -105.597244,
              18.9952278
            ],
            [
              -105.576935,
              19.0083008
            ],
            [
              -105.556389,
              19.0210323
            ],
            [
              -105.535606,
              19.0334225
            ],
            [
              -105.514595,
              19.0454655
            ],
            [
              -105.493362,
              19.0571575
            ],
            [
              -105.471916,
              19.0684929
            ],
            [
              -105.450256,
              19.0794735
            ],
            [
              -105.428398,
              19.0900917
            ],
            [
              -105.406342,
              19.1003437
            ],
            [
              -105.384102,
              19.1102314
            ],
            [
              -105.361671,
              19.1197453
            ],
            [
              -105.339073,
              19.1288853
            ],
            [
              -105.316299,
              19.1376514
            ],
            [
              -105.293381,
              19.1460342
            ],
            [
              -105.270294,
              19.1540356
            ],
            [
              -105.247063,
              19.1616554
            ],
            [
              -105.223701,
              19.1688862
            ],
            [
              -105.200195,
              19.1757278
            ],
            [
              -105.176567,
              19.1821785
            ],
            [
              -105.152832,
              19.1882343
            ],
            [
              -105.128975,
              19.1938972
            ],
            [
              -105.105026,
              19.1991634
            ],
            [
              -105.080978,
              19.2040291
            ],
            [
              -105.056839,
              19.2084942
            ],
            [
              -105.032623,
              19.2125587
            ],
            [
              -105.008331,
              19.2162209
            ],
            [
              -104.983978,
              19.2194786
            ],
            [
              -104.959564,
              19.222332
            ],
            [
              -104.935104,
              19.2247791
            ],
            [
              -104.910599,
              19.2268181
            ],
            [
              -104.886063,
              19.2284508
            ],
            [
              -104.861496,
              19.2296772
            ],
            [
              -104.836914,
              19.2304935
            ],
            [
              -104.812317,
              19.2309017
            ],
            [
              -104.787704,
              19.2309017
            ]
          ]
        ]
      },
      "properties": {
        "RADII": 34,
        "STORMID": "ep202026",
        "BASIN": "ep",
        "STORMNUM": 20,
        "ADVNUM": "14A",
        "VALIDTIME": "2026101100",
        "SYNOPTIME": "2026101018",
        "TIMEZONE": "UTC",
        "TAU": 0,
        "NE": 80,
        "SE": 70,
        "SW": 60,
        "NW": 80,
        "nhc_product": "wind_radii",
        "atcf": "ep202026",
        "storm_name": "Simon",
        "storm_id": "20E"
      }
    },
    {
      "type": "Feature",
      "geometry": {
        "type": "Polygon",
        "coordinates": [
          [
            [
              -104.793884,
              18.5654507
            ],
            [
              -104.781631,
              18.5652485
            ],
            [
              -104.769386,
              18.5648422
            ],
            [
              -104.757156,
              18.56423
            ],
            [
              -104.744926,
              18.5634174
            ],
            [
              -104.732727,
              18.5624008
            ],
            [
              -104.720543,
              18.561182
            ],
            [
              -104.708382,
              18.559761
            ],
            [
              -104.696251,
              18.5581379
            ],
            [
              -104.684151,
              18.5563164
            ],
            [
              -104.672089,
              18.5542908
            ],
            [
              -104.660065,
              18.5520668
            ],
            [
              -104.648087,
              18.5496426
            ],
            [
              -104.636154,
              18.54702
            ],
            [
              -104.624268,
              18.544199
            ],
            [
              -104.612434,
              18.5411816
            ],
            [
              -104.600662,
              18.5379696
            ],
            [
              -104.588951,
              18.5345612
            ],
            [
              -104.577309,
              18.5309601
            ],
            [
              -104.565735,
              18.5271645
            ],
            [
              -104.554222,
              18.5231781
            ],
            [
              -104.542793,
              18.519001
            ],
            [
              -104.531441,
              18.5146351
            ],
            [
              -104.52018,
              18.5100803
            ],
            [
              -104.509003,
              18.5053406
            ],
            [
              -104.49791,
              18.5004139
            ],
            [
              -104.486908,
              18.4953041
            ],
            [
              -104.476006,
              18.490015
            ],
            [
              -104.465202,
              18.4845448
            ],
            [
              -104.454506,
              18.4788933
            ],
            [
              -104.443909,
              18.4730701
            ],
            [
              -104.433426,
              18.4670658
            ],
            [
              -104.423058,
              18.4608917
            ],
            [
              -104.412796,
              18.454546
            ],
            [
              -104.402664,
              18.4480324
            ],
            [
              -104.392647,
              18.441349
            ],
            [
              -104.382767,
              18.4345016
            ],
            [
              -104.373001,
              18.4274921
            ],
            [
              -104.363373,
              18.4203186
            ],
            [
              -104.353882,
              18.4129848
            ],
            [
              -104.344521,
              18.4055004
            ],
            [
              -104.335304,
              18.3978577
            ],
            [
              -104.326233,
              18.3900661
            ],
            [
              -104.317299,
              18.3821201
            ],
            [
              -104.308517,
              18.3740311
            ],
            [
              -104.299889,
              18.3657951
            ],
            [
              -104.291412,
              18.3574181
            ],
            [
              -104.283089,
              18.3489056
            ],
            [
              -104.274933,
              18.3402519
            ],
            [
              -104.266922,
              18.3314648
            ],
            [
              -104.259094,
              18.322546
            ],
            [
              -104.251419,
              18.3134975
            ],
            [
              -104.243912,
              18.3043232
            ],
            [
              -104.236588,
              18.2950268
            ],
            [
              -104.229424,
              18.2856102
            ],
            [
              -104.222443,
              18.2760754
            ],
            [
              -104.21563,
              18.2664261
            ],
            [
              -104.209007,
              18.2566643
            ],
            [
              -104.20256,
              18.2467957
            ],
            [
              -104.196297,
              18.2368221
            ],
            [
              -104.190216,
              18.2267437
            ],
            [
              -104.184319,
              18.2165661
            ],
            [
              -104.178619,
              18.2062931
            ],
            [
              -104.173103,
              18.1959267
            ],
            [
              -104.167786,
              18.1854725
            ],
            [
              -104.162659,
              18.1749287
            ],
            [
              -104.157715,
              18.1643028
            ],
            [
              -104.152985,
              18.153595
            ],
            [
              -104.148438,
              18.1428108
            ],
            [
              -104.144104,
              18.1319542
            ],
            [
              -104.139961,
              18.121027
            ],
            [
              -104.136032,
              18.110033
            ],
            [
              -104.132294,
              18.0989723
            ],
            [
              -104.128761,
              18.0878525
            ],
            [
              -104.125435,
              18.0766773
            ],
            [
              -104.122322,
              18.0654488
            ],
            [
              -104.119408,
              18.0541687
            ],
            [
              -104.116699,
              18.0428429
            ],
            [
              -104.114212,
              18.0314732
            ],
            [
              -104.111923,
              18.0200634
            ],
            [
              -104.10984,
              18.0086193
            ],
            [
              -104.107979,
              17.9971409
            ],
            [
              -104.106323,
              17.9856319
            ],
            [
              -104.104889,
              17.9741001
            ],
            [
              -104.103645,
              17.9625454
            ],
            [
              -104.102631,
              17.9509716
            ],
            [
              -104.101822,
              17.9393826
            ],
            [
              -104.101234,
              17.9277821
            ],
            [
              -104.100853,
              17.916172
            ],
            [
              -104.100685,
              17.9045601
            ],
            [
              -104.188141,
              17.8939667
            ],
            [
              -104.188362,
              17.8838043
            ],
            [
              -104.188766,
              17.8736496
            ],
            [
              -104.189362,
              17.8635025
            ],
            [
              -104.19014,
              17.8533688
            ],
            [
              -104.191109,
              17.8432465
            ],
            [
              -104.192261,
              17.8331432
            ],
            [
              -104.193596,
              17.823061
            ],
            [
              -104.195114,
              17.8130035
            ],
            [
              -104.196823,
              17.802969
            ],
            [
              -104.198708,
              17.7929668
            ],
            [
              -104.200775,
              17.7829971
            ],
            [
              -104.203026,
              17.7730637
            ],
            [
              -104.20546,
              17.7631683
            ],
            [
              -104.208076,
              17.7533169
            ],
            [
              -104.210869,
              17.7435074
            ],
            [
              -104.213837,
              17.7337475
            ],
            [
              -104.216988,
              17.7240372
            ],
            [
              -104.220322,
              17.7143841
            ],
            [
              -104.223824,
              17.7047844
            ],
            [
              -104.227509,
              17.6952457
            ],
            [
              -104.231361,
              17.68577
            ],
            [
              -104.235382,
              17.6763554
            ],
            [
              -104.239578,
              17.6670132
            ],
            [
              -104.24395,
              17.6577415
            ],
            [
              -104.248482,
              17.6485443
            ],
            [
              -104.253181,
              17.6394234
            ],
            [
              -104.258049,
              17.6303844
            ],
            [
              -104.263084,
              17.6214218
            ],
            [
              -104.268288,
              17.6125507
            ],
            [
              -104.273636,
              17.6037617
            ],
            [
              -104.27916,
              17.5950661
            ],
            [
              -104.284836,
              17.586462
            ],
            [
              -104.290657,
              17.5779552
            ],
            [
              -104.296646,
              17.5695457
            ],
            [
              -104.30278,
              17.5612354
            ],
            [
              -104.309074,
              17.55303
            ],
            [
              -104.315506,
              17.5449295
            ],
            [
              -104.32209,
              17.5369377
            ],
            [
              -104.328819,
              17.5290546
            ],
            [
              -104.335693,
              17.521286
            ],
            [
              -104.342697,
              17.5136337
            ],
            [
              -104.349854,
              17.5060978
            ],
            [
              -104.35714,
              17.498682
            ],
            [
              -104.364555,
              17.4913883
            ],
            [
              -104.372108,
              17.4842167
            ],
            [
              -104.379784,
              17.4771748
            ],
            [
              -104.387596,
              17.4702606
            ],
            [
              -104.395531,
              17.4634762
            ],
            [
              -104.40358,
              17.4568253
            ],
            [
              -104.411758,
              17.4503098
            ],
            [
              -104.420052,
              17.4439297
            ],
            [
              -104.428459,
              17.4376888
            ],
            [
              -104.436974,
              17.4315872
            ],
            [
              -104.44561,
              17.4256306
            ],
            [
              -104.454346,
              17.419817
            ],
            [
              -104.463181,
              17.4141502
            ],
            [
              -104.472122,
              17.4086304
            ],
            [
              -104.481171,
              17.4032593
            ],
            [
              -104.490303,
              17.3980389
            ],
            [
              -104.499542,
              17.3929729
            ],
            [
              -104.508858,
              17.3880596
            ],
            [
              -104.518272,
              17.3833008
            ],
            [
              -104.527763,
              17.3787022
            ],
            [
              -104.537346,
              17.374258
            ],
            [
              -104.546997,
              17.369978
            ],
            [
              -104.556732,
              17.3658562
            ],
            [
              -104.566536,
              17.3618965
            ],
            [
              -104.576416,
              17.3581009
            ],
            [
              -104.586357,
              17.3544693
            ],
            [
              -104.596375,
              17.3510056
            ],
            [
              -104.606438,
              17.3477058
            ],
            [
              -104.61657,
              17.3445759
            ],
            [
              -104.626755,
              17.3416138
            ],
            [
              -104.636993,
              17.3388195
            ],
            [
              -104.647278,
              17.3361988
            ],
            [
              -104.657608,
              17.333746
            ],
            [
              -104.667976,
              17.3314686
            ],
            [
              -104.678398,
              17.3293629
            ],
            [
              -104.688843,
              17.3274288
            ],
            [
              -104.699341,
              17.3256702
            ],
            [
              -104.709846,
              17.3240852
            ],
            [
              -104.720398,
              17.3226757
            ],
            [
              -104.730965,
              17.3214397
            ],
            [
              -104.741547,
              17.3203812
            ],
            [
              -104.752151,
              17.3194981
            ],
            [
              -104.762772,
              17.3187923
            ],
            [
              -104.773407,
              17.3182621
            ],
            [
              -104.784042,
              17.3179092
            ],
            [
              -104.794685,
              17.3177319
            ],
            [
              -104.804573,
              17.4009113
            ],
            [
              -104.813698,
              17.4010639
            ],
            [
              -104.822823,
              17.4013653
            ],
            [
              -104.83194,
              17.4018192
            ],
            [
              -104.841042,
              17.4024258
            ],
            [
              -104.850143,
              17.4031849
            ],
            [
              -104.859222,
              17.4040909
            ],
            [
              -104.868279,
              17.4051495
            ],
            [
              -104.877319,
              17.4063606
            ],
            [
              -104.886337,
              17.4077168
            ],
            [
              -104.895332,
              17.4092274
            ],
            [
              -104.904289,
              17.4108829
            ],
            [
              -104.913216,
              17.4126911
            ],
            [
              -104.922119,
              17.4146461
            ],
            [
              -104.930977,
              17.4167461
            ],
            [
              -104.939796,
              17.4189949
            ],
            [
              -104.94857,
              17.4213886
            ],
            [
              -104.957306,
              17.4239292
            ],
            [
              -104.965996,
              17.4266129
            ],
            [
              -104.974632,
              17.4294434
            ],
            [
              -104.983208,
              17.4324131
            ],
            [
              -104.991737,
              17.4355259
            ],
            [
              -105.000206,
              17.4387836
            ],
            [
              -105.008614,
              17.4421768
            ],
            [
              -105.01696,
              17.4457111
            ],
            [
              -105.025238,
              17.4493828
            ],
            [
              -105.033447,
              17.4531918
            ],
            [
              -105.041595,
              17.4571362
            ],
            [
              -105.049667,
              17.461216
            ],
            [
              -105.057655,
              17.4654293
            ],
            [
              -105.065575,
              17.4697742
            ],
            [
              -105.07341,
              17.4742489
            ],
            [
              -105.081154,
              17.4788551
            ],
            [
              -105.088821,
              17.4835892
            ],
            [
              -105.096405,
              17.4884472
            ],
            [
              -105.103889,
              17.4934311
            ],
            [
              -105.11129,
              17.4985428
            ],
            [
              -105.118599,
              17.5037727
            ],
            [
              -105.125801,
              17.5091248
            ],
            [
              -105.132912,
              17.5145931
            ],
            [
              -105.139915,
              17.5201797
            ],
            [
              -105.146828,
              17.5258827
            ],
            [
              -105.153618,
              17.5317001
            ],
            [
              -105.160316,
              17.5376282
            ],
            [
              -105.166901,
              17.5436668
            ],
            [
              -105.17337,
              17.5498142
            ],
            [
              -105.179733,
              17.5560703
            ],
            [
              -105.185974,
              17.5624275
            ],
            [
              -105.192101,
              17.5688896
            ],
            [
              -105.198112,
              17.5754509
            ],
            [
              -105.204002,
              17.5821114
            ],
            [
              -105.209763,
              17.5888691
            ],
            [
              -105.215408,
              17.5957222
            ],
            [
              -105.220924,
              17.6026669
            ],
            [
              -105.226311,
              17.6097012
            ],
            [
              -105.231575,
              17.616827
            ],
            [
              -105.236702,
              17.6240368
            ],
            [
              -105.241699,
              17.6313305
            ],
            [
              -105.246559,
              17.6387081
            ],
            [
              -105.251282,
              17.6461639
            ],
            [
              -105.255875,
              17.6536961
            ],
            [
              -105.26033,
              17.6613064
            ],
            [
              -105.264641,
              17.6689854
            ],
            [
              -105.268814,
              17.6767387
            ],
            [
              -105.272835,
              17.684557
            ],
            [
              -105.276718,
              17.6924419
            ],
            [
              -105.280464,
              17.7003918
            ],
            [
              -105.284058,
              17.7084007
            ],
            [
              -105.287506,
              17.7164707
            ],
            [
              -105.290802,
              17.7245941
            ],
            [
              -105.293953,
              17.7327709
            ],
            [
              -105.296951,
              17.7409992
            ],
            [
              -105.299805,
              17.7492771
            ],
            [
              -105.302505,
              17.7575989
            ],
            [
              -105.305046,
              17.7659683
            ],
            [
              -105.307434,
              17.7743759
            ],
            [
              -105.309677,
              17.7828217
            ],
            [
              -105.31176,
              17.7913036
            ],
            [
              -105.313683,
              17.799818
            ],
            [
              -105.315453,
              17.8083668
            ],
            [
              -105.31707,
              17.8169384
            ],
            [
              -105.318527,
              17.8255386
            ],
            [
              -105.319824,
              17.8341618
            ],
            [
              -105.320969,
              17.842804
            ],
            [
              -105.321945,
              17.8514652
            ],
            [
              -105.322769,
              17.8601418
            ],
            [
              -105.323433,
              17.8688297
            ],
            [
              -105.323936,
              17.8775272
            ],
            [
              -105.324287,
              17.8862305
            ],
            [
              -105.324471,
              17.8949413
            ],
            [
              -105.499329,
              17.9045563
            ],
            [
              -105.499161,
              17.9161701
            ],
            [
              -105.498787,
              17.9277782
            ],
            [
              -105.498192,
              17.9393806
            ],
            [
              -105.497383,
              17.9509678
            ],
            [
              -105.496368,
              17.9625416
            ],
            [
              -105.495132,
              17.9740963
            ],
            [
              -105.49369,
              17.98563
            ],
            [
              -105.492035,
              17.9971371
            ],
            [
              -105.490173,
              18.0086155
            ],
            [
              -105.488098,
              18.0200596
            ],
            [
              -105.485809,
              18.0314693
            ],
            [
              -105.483315,
              18.0428391
            ],
            [
              -105.480606,
              18.0541668
            ],
            [
              -105.477699,
              18.0654449
            ],
            [
              -105.474579,
              18.0766754
            ],
            [
              -105.471252,
              18.0878506
            ],
            [
              -105.46772,
              18.0989685
            ],
            [
              -105.463989,
              18.1100273
            ],
            [
              -105.460052,
              18.1210232
            ],
            [
              -105.45591,
              18.1319504
            ],
            [
              -105.451576,
              18.1428089
            ],
            [
              -105.447029,
              18.1535912
            ],
            [
              -105.442299,
              18.1643009
            ],
            [
              -105.437363,
              18.1749268
            ],
            [
              -105.432236,
              18.1854687
            ],
            [
              -105.426918,
              18.1959248
            ],
            [
              -105.421402,
              18.2062912
            ],
            [
              -105.415695,
              18.2165642
            ],
            [
              -105.409798,
              18.2267399
            ],
            [
              -105.403725,
              18.2368183
            ],
            [
              -105.397461,
              18.2467937
            ],
            [
              -105.391014,
              18.2566624
            ],
            [
              -105.384384,
              18.2664242
            ],
            [
              -105.377579,
              18.2760735
            ],
            [
              -105.370598,
              18.2856064
            ],
            [
              -105.363434,
              18.2950249
            ],
            [
              -105.356102,
              18.3043213
            ],
            [
              -105.348595,
              18.3134937
            ],
            [
              -105.340927,
              18.3225422
            ],
            [
              -105.333092,
              18.3314629
            ],
            [
              -105.325096,
              18.3402481
            ],
            [
              -105.316933,
              18.3489017
            ],
            [
              -105.308601,
              18.3574162
            ],
            [
              -105.300125,
              18.3657951
            ],
            [
              -105.291504,
              18.3740292
            ],
            [
              -105.282715,
              18.3821182
            ],
            [
              -105.273788,
              18.3900623
            ],
            [
              -105.264717,
              18.3978558
            ],
            [
              -105.255501,
              18.4054985
            ],
            [
              -105.24614,
              18.4129848
            ],
            [
              -105.236641,
              18.4203167
            ],
            [
              -105.22702,
              18.4274864
            ],
            [
              -105.217255,
              18.4344997
            ],
            [
              -105.207367,
              18.4413471
            ],
            [
              -105.197357,
              18.4480305
            ],
            [
              -105.187218,
              18.4545441
            ],
            [
              -105.176964,
              18.4608898
            ],
            [
              -105.166588,
              18.4670639
            ],
            [
              -105.156105,
              18.4730682
            ],
            [
              -105.145515,
              18.4788914
            ],
            [
              -105.134819,
              18.4845428
            ],
            [
              -105.124008,
              18.4900131
            ],
            [
              -105.113113,
              18.4953041
            ],
            [
              -105.102112,
              18.5004139
            ],
            [
              -105.091019,
              18.5053387
            ],
            [
              -105.079842,
              18.5100803
            ],
            [
              -105.068573,
              18.5146351
            ],
            [
              -105.057228,
              18.5189991
            ],
            [
              -105.045792,
              18.5231781
            ],
            [
              -105.034286,
              18.5271645
            ],
            [
              -105.022713,
              18.5309582
            ],
            [
              -105.01107,
              18.5345592
            ],
            [
              -104.999352,
              18.5379696
            ],
            [
              -104.987587,
              18.5411816
            ],
            [
              -104.975754,
              18.544199
            ],
            [
              -104.963867,
              18.54702
            ],
            [
              -104.951935,
              18.5496426
            ],
            [
              -104.939949,
              18.5520668
            ],
            [
              -104.927933,
              18.5542908
            ],
            [
              -104.915871,
              18.5563164
            ],
            [
              -104.903763,
              18.5581379
            ],
            [
              -104.891632,
              18.559761
            ],
            [
              -104.879478,
              18.561182
            ],
            [
              -104.867294,
              18.5623989
            ],
            [
              -104.855087,
              18.5634174
            ],
            [
              -104.842865,
              18.56423
            ],
            [
              -104.830635,
              18.5648422
            ],
            [
              -104.81839,
              18.5652485
            ],
            [
              -104.806137,
              18.5654507
            ],
            [
              -104.793884,
              18.5654507
            ]
          ]
        ]
      },
      "properties": {
        "RADII": 50,
        "STORMID": "ep202026",
        "BASIN": "ep",
        "STORMNUM": 20,
        "ADVNUM": "14A",
        "VALIDTIME": "2026101100",
        "SYNOPTIME": "2026101018",
        "TIMEZONE": "UTC",
        "TAU": 0,
        "NE": 40,
        "SE": 35,
        "SW": 30,
        "NW": 40,
        "nhc_product": "wind_radii",
        "atcf": "ep202026",
        "storm_name": "Simon",
        "storm_id": "20E"
      }
    },
    {
      "type": "Feature",
      "geometry": {
        "type": "Polygon",
        "coordinates": [
          [
            [
              -104.796951,
              18.2327271
            ],
            [
              -104.790833,
              18.2326241
            ],
            [
              -104.784729,
              18.2324219
            ],
            [
              -104.778625,
              18.2321167
            ],
            [
              -104.772522,
              18.2317104
            ],
            [
              -104.766434,
              18.2312031
            ],
            [
              -104.760353,
              18.2305965
            ],
            [
              -104.75428,
              18.229887
            ],
            [
              -104.74823,
              18.2290783
            ],
            [
              -104.742188,
              18.2281666
            ],
            [
              -104.736168,
              18.2271557
            ],
            [
              -104.730171,
              18.2260475
            ],
            [
              -104.724182,
              18.2248363
            ],
            [
              -104.718231,
              18.2235279
            ],
            [
              -104.712303,
              18.2221203
            ],
            [
              -104.70639,
              18.2206154
            ],
            [
              -104.700516,
              18.2190113
            ],
            [
              -104.694672,
              18.21731
            ],
            [
              -104.688858,
              18.2155113
            ],
            [
              -104.683083,
              18.2136192
            ],
            [
              -104.677338,
              18.211628
            ],
            [
              -104.671631,
              18.2095432
            ],
            [
              -104.665962,
              18.207365
            ],
            [
              -104.660339,
              18.2050915
            ],
            [
              -104.654755,
              18.2027245
            ],
            [
              -104.649216,
              18.2002659
            ],
            [
              -104.643723,
              18.1977177
            ],
            [
              -104.638283,
              18.195076
            ],
            [
              -104.632889,
              18.1923447
            ],
            [
              -104.627548,
              18.1895256
            ],
            [
              -104.622253,
              18.1866169
            ],
            [
              -104.617012,
              18.1836205
            ],
            [
              -104.611839,
              18.1805382
            ],
            [
              -104.606712,
              18.1773701
            ],
            [
              -104.601646,
              18.1741161
            ],
            [
              -104.596649,
              18.1707821
            ],
            [
              -104.591705,
              18.1673641
            ],
            [
              -104.58683,
              18.1638622
            ],
            [
              -104.582016,
              18.1602821
            ],
            [
              -104.577271,
              18.1566238
            ],
            [
              -104.572594,
              18.1528854
            ],
            [
              -104.567986,
              18.1490707
            ],
            [
              -104.563454,
              18.1451778
            ],
            [
              -104.558983,
              18.1412125
            ],
            [
              -104.554596,
              18.1371727
            ],
            [
              -104.550285,
              18.1330585
            ],
            [
              -104.546043,
              18.1288776
            ],
            [
              -104.541878,
              18.1246243
            ],
            [
              -104.537796,
              18.1203041
            ],
            [
              -104.533791,
              18.1159153
            ],
            [
              -104.529877,
              18.1114616
            ],
            [
              -104.526031,
              18.1069431
            ],
            [
              -104.522285,
              18.1023598
            ],
            [
              -104.518608,
              18.0977192
            ],
            [
              -104.51503,
              18.0930157
            ],
            [
              -104.511536,
              18.0882549
            ],
            [
              -104.508125,
              18.0834332
            ],
            [
              -104.504807,
              18.078558
            ],
            [
              -104.501579,
              18.0736294
            ],
            [
              -104.498444,
              18.0686474
            ],
            [
              -104.495392,
              18.063612
            ],
            [
              -104.492447,
              18.058527
            ],
            [
              -104.489586,
              18.0533962
            ],
            [
              -104.486816,
              18.0482159
            ],
            [
              -104.484154,
              18.0429935
            ],
            [
              -104.481575,
              18.0377254
            ],
            [
              -104.479103,
              18.0324154
            ],
            [
              -104.47673,
              18.0270672
            ],
            [
              -104.474457,
              18.0216789
            ],
            [
              -104.472275,
              18.0162544
            ],
            [
              -104.470192,
              18.0107937
            ],
            [
              -104.468216,
              18.0053005
            ],
            [
              -104.466339,
              17.999773
            ],
            [
              -104.464561,
              17.9942169
            ],
            [
              -104.462891,
              17.9886303
            ],
            [
              -104.461327,
              17.9830189
            ],
            [
              -104.459854,
              17.9773808
            ],
            [
              -104.458488,
              17.9717197
            ],
            [
              -104.457237,
              17.9660378
            ],
            [
              -104.456078,
              17.9603348
            ],
            [
              -104.455032,
              17.9546146
            ],
            [
              -104.454086,
              17.9488754
            ],
            [
              -104.453255,
              17.9431248
            ],
            [
              -104.452522,
              17.9373589
            ],
            [
              -104.451897,
              17.9315834
            ],
            [
              -104.451378,
              17.9257965
            ],
            [
              -104.450958,
              17.920002
            ],
            [
              -104.450653,
              17.9142036
            ],
            [
              -104.450447,
              17.9083977
            ],
            [
              -104.450348,
              17.9025917
            ],
            [
              -104.537773,
              17.8976479
            ],
            [
              -104.537857,
              17.8932934
            ],
            [
              -104.538033,
              17.8889408
            ],
            [
              -104.538277,
              17.8845921
            ],
            [
              -104.538597,
              17.8802471
            ],
            [
              -104.539009,
              17.8759079
            ],
            [
              -104.53949,
              17.8715782
            ],
            [
              -104.540054,
              17.8672543
            ],
            [
              -104.540695,
              17.8629436
            ],
            [
              -104.54142,
              17.8586426
            ],
            [
              -104.542213,
              17.854353
            ],
            [
              -104.543098,
              17.8500805
            ],
            [
              -104.544052,
              17.8458195
            ],
            [
              -104.54509,
              17.8415775
            ],
            [
              -104.546204,
              17.8373528
            ],
            [
              -104.547394,
              17.833149
            ],
            [
              -104.54866,
              17.8289623
            ],
            [
              -104.550003,
              17.8247986
            ],
            [
              -104.551422,
              17.8206596
            ],
            [
              -104.552917,
              17.8165417
            ],
            [
              -104.554489,
              17.8124504
            ],
            [
              -104.556137,
              17.8083878
            ],
            [
              -104.557854,
              17.8043499
            ],
            [
              -104.559647,
              17.8003445
            ],
            [
              -104.561508,
              17.7963676
            ],
            [
              -104.563454,
              17.7924232
            ],
            [
              -104.56546,
              17.7885094
            ],
            [
              -104.567543,
              17.7846317
            ],
            [
              -104.569695,
              17.7807903
            ],
            [
              -104.571915,
              17.7769814
            ],
            [
              -104.574211,
              17.7732124
            ],
            [
              -104.576569,
              17.7694817
            ],
            [
              -104.578995,
              17.7657928
            ],
            [
              -104.58149,
              17.7621422
            ],
            [
              -104.584053,
              17.7585335
            ],
            [
              -104.586678,
              17.7549686
            ],
            [
              -104.589371,
              17.7514477
            ],
            [
              -104.592133,
              17.7479725
            ],
            [
              -104.594948,
              17.7445412
            ],
            [
              -104.597832,
              17.7411613
            ],
            [
              -104.600769,
              17.7378273
            ],
            [
              -104.603775,
              17.7345448
            ],
            [
              -104.606842,
              17.7313099
            ],
            [
              -104.609962,
              17.7281265
            ],
            [
              -104.613144,
              17.7249966
            ],
            [
              -104.616379,
              17.7219219
            ],
            [
              -104.619667,
              17.7188988
            ],
            [
              -104.623016,
              17.7159309
            ],
            [
              -104.626419,
              17.7130184
            ],
            [
              -104.629875,
              17.710165
            ],
            [
              -104.633377,
              17.7073669
            ],
            [
              -104.636932,
              17.7046299
            ],
            [
              -104.640533,
              17.701952
            ],
            [
              -104.644188,
              17.6993351
            ],
            [
              -104.647896,
              17.6967773
            ],
            [
              -104.651642,
              17.6942825
            ],
            [
              -104.655434,
              17.6918488
            ],
            [
              -104.659264,
              17.6894798
            ],
            [
              -104.663147,
              17.6871738
            ],
            [
              -104.667068,
              17.6849327
            ],
            [
              -104.671028,
              17.6827602
            ],
            [
              -104.675026,
              17.6806488
            ],
            [
              -104.679062,
              17.678606
            ],
            [
              -104.683136,
              17.6766319
            ],
            [
              -104.687248,
              17.6747246
            ],
            [
              -104.691391,
              17.672884
            ],
            [
              -104.695564,
              17.6711178
            ],
            [
              -104.699783,
              17.6694183
            ],
            [
              -104.704018,
              17.6677895
            ],
            [
              -104.708282,
              17.6662312
            ],
            [
              -104.712578,
              17.6647434
            ],
            [
              -104.716904,
              17.6633244
            ],
            [
              -104.721252,
              17.6619797
            ],
            [
              -104.725624,
              17.6607094
            ],
            [
              -104.730019,
              17.6595116
            ],
            [
              -104.734436,
              17.6583843
            ],
            [
              -104.738869,
              17.6573315
            ],
            [
              -104.743324,
              17.656353
            ],
            [
              -104.747795,
              17.6554489
            ],
            [
              -104.752289,
              17.6546192
            ],
            [
              -104.756783,
              17.6538639
            ],
            [
              -104.761299,
              17.6531849
            ],
            [
              -104.765823,
              17.6525784
            ],
            [
              -104.770355,
              17.6520481
            ],
            [
              -104.77491,
              17.6515942
            ],
            [
              -104.779465,
              17.6512146
            ],
            [
              -104.784019,
              17.6509113
            ],
            [
              -104.788582,
              17.6506844
            ],
            [
              -104.793152,
              17.6505318
            ],
            [
              -104.797722,
              17.6504555
            ],
            [
              -104.801529,
              17.7336349
            ],
            [
              -104.804581,
              17.7336884
            ],
            [
              -104.807625,
              17.7337894
            ],
            [
              -104.810669,
              17.733942
            ],
            [
              -104.813705,
              17.7341423
            ],
            [
              -104.81675,
              17.734396
            ],
            [
              -104.819778,
              17.7346992
            ],
            [
              -104.822807,
              17.7350521
            ],
            [
              -104.825829,
              17.7354565
            ],
            [
              -104.828835,
              17.7359104
            ],
            [
              -104.831833,
              17.736414
            ],
            [
              -104.834831,
              17.7369671
            ],
            [
              -104.837814,
              17.7375698
            ],
            [
              -104.840782,
              17.7382221
            ],
            [
              -104.843742,
              17.7389259
            ],
            [
              -104.846687,
              17.7396755
            ],
            [
              -104.849617,
              17.7404766
            ],
            [
              -104.852531,
              17.7413235
            ],
            [
              -104.855438,
              17.7422199
            ],
            [
              -104.858315,
              17.743166
            ],
            [
              -104.861176,
              17.7441559
            ],
            [
              -104.864029,
              17.7451954
            ],
            [
              -104.866852,
              17.7462826
            ],
            [
              -104.869659,
              17.7474174
            ],
            [
              -104.872452,
              17.7485981
            ],
            [
              -104.875206,
              17.7498226
            ],
            [
              -104.877953,
              17.7510948
            ],
            [
              -104.880669,
              17.7524128
            ],
            [
              -104.883362,
              17.7537727
            ],
            [
              -104.886024,
              17.7551823
            ],
            [
              -104.888672,
              17.7566319
            ],
            [
              -104.891289,
              17.7581253
            ],
            [
              -104.893867,
              17.7596645
            ],
            [
              -104.896431,
              17.7612438
            ],
            [
              -104.898956,
              17.7628651
            ],
            [
              -104.901459,
              17.7645283
            ],
            [
              -104.903923,
              17.7662354
            ],
            [
              -104.906364,
              17.7679806
            ],
            [
              -104.908768,
              17.7697678
            ],
            [
              -104.911133,
              17.771595
            ],
            [
              -104.913467,
              17.7734585
            ],
            [
              -104.915771,
              17.775362
            ],
            [
              -104.918037,
              17.7773037
            ],
            [
              -104.920273,
              17.7792835
            ],
            [
              -104.92247,
              17.7812977
            ],
            [
              -104.924622,
              17.7833519
            ],
            [
              -104.926743,
              17.7854385
            ],
            [
              -104.928825,
              17.7875576
            ],
            [
              -104.93087,
              17.7897167
            ],
            [
              -104.932869,
              17.7919064
            ],
            [
              -104.93483,
              17.7941284
            ],
            [
              -104.936752,
              17.7963848
            ],
            [
              -104.938637,
              17.7986717
            ],
            [
              -104.940468,
              17.8009892
            ],
            [
              -104.942261,
              17.8033371
            ],
            [
              -104.944016,
              17.8057137
            ],
            [
              -104.945724,
              17.8081207
            ],
            [
              -104.94738,
              17.8105545
            ],
            [
              -104.949005,
              17.813015
            ],
            [
              -104.950577,
              17.8155022
            ],
            [
              -104.952103,
              17.818018
            ],
            [
              -104.953583,
              17.8205547
            ],
            [
              -104.955017,
              17.8231182
            ],
            [
              -104.956406,
              17.8257027
            ],
            [
              -104.957741,
              17.8283119
            ],
            [
              -104.959038,
              17.8309422
            ],
            [
              -104.960281,
              17.8335934
            ],
            [
              -104.961472,
              17.8362656
            ],
            [
              -104.962624,
              17.8389568
            ],
            [
              -104.963715,
              17.8416672
            ],
            [
              -104.96476,
              17.8443966
            ],
            [
              -104.965759,
              17.8471394
            ],
            [
              -104.966698,
              17.8499012
            ],
            [
              -104.96759,
              17.8526764
            ],
            [
              -104.968437,
              17.8554668
            ],
            [
              -104.969231,
              17.8582706
            ],
            [
              -104.969971,
              17.8610878
            ],
            [
              -104.970657,
              17.8639145
            ],
            [
              -104.971298,
              17.8667545
            ],
            [
              -104.971886,
              17.869606
            ],
            [
              -104.972412,
              17.8724651
            ],
            [
              -104.972893,
              17.8753338
            ],
            [
              -104.973328,
              17.8782063
            ],
            [
              -104.973701,
              17.8810883
            ],
            [
              -104.974022,
              17.883976
            ],
            [
              -104.974289,
              17.8868675
            ],
            [
              -104.974503,
              17.8897648
            ],
            [
              -104.974663,
              17.892664
            ],
            [
              -104.974777,
              17.8955669
            ],
            [
              -104.974831,
              17.8984699
            ],
            [
              -105.149666,
              17.9025917
            ],
            [
              -105.149567,
              17.9083958
            ],
            [
              -105.149368,
              17.9142017
            ],
            [
              -105.149055,
              17.920002
            ],
            [
              -105.148643,
              17.9257946
            ],
            [
              -105.148125,
              17.9315815
            ],
            [
              -105.147499,
              17.9373589
            ],
            [
              -105.146767,
              17.9431229
            ],
            [
              -105.145927,
              17.9488754
            ],
            [
              -105.144981,
              17.9546127
            ],
            [
              -105.143936,
              17.9603329
            ],
            [
              -105.142784,
              17.9660358
            ],
            [
              -105.141525,
              17.9717197
            ],
            [
              -105.14016,
              17.9773808
            ],
            [
              -105.138695,
              17.983017
            ],
            [
              -105.137123,
              17.9886284
            ],
            [
              -105.135452,
              17.994215
            ],
            [
              -105.133675,
              17.9997711
            ],
            [
              -105.131798,
              18.0052967
            ],
            [
              -105.129822,
              18.0107918
            ],
            [
              -105.127739,
              18.0162525
            ],
            [
              -105.125572,
              18.021677
            ],
            [
              -105.123291,
              18.0270653
            ],
            [
              -105.120911,
              18.0324135
            ],
            [
              -105.118439,
              18.0377254
            ],
            [
              -105.11586,
              18.0429916
            ],
            [
              -105.113197,
              18.0482159
            ],
            [
              -105.110435,
              18.0533924
            ],
            [
              -105.107574,
              18.058527
            ],
            [
              -105.104622,
              18.0636101
            ],
            [
              -105.101578,
              18.0686455
            ],
            [
              -105.098442,
              18.0736275
            ],
            [
              -105.095207,
              18.078558
            ],
            [
              -105.091888,
              18.0834332
            ],
            [
              -105.088478,
              18.0882511
            ],
            [
              -105.084984,
              18.0930138
            ],
            [
              -105.081406,
              18.0977173
            ],
            [
              -105.077728,
              18.1023598
            ],
            [
              -105.073982,
              18.1069412
            ],
            [
              -105.070145,
              18.1114597
            ],
            [
              -105.066223,
              18.1159134
            ],
            [
              -105.062218,
              18.1203041
            ],
            [
              -105.058136,
              18.1246243
            ],
            [
              -105.053978,
              18.1288776
            ],
            [
              -105.049736,
              18.1330585
            ],
            [
              -105.045425,
              18.1371708
            ],
            [
              -105.041031,
              18.1412106
            ],
            [
              -105.036568,
              18.1451778
            ],
            [
              -105.032028,
              18.1490669
            ],
            [
              -105.027428,
              18.1528835
            ],
            [
              -105.022751,
              18.1566238
            ],
            [
              -105.017998,
              18.1602802
            ],
            [
              -105.013191,
              18.1638622
            ],
            [
              -105.008316,
              18.1673622
            ],
            [
              -105.003372,
              18.1707821
            ],
            [
              -104.998367,
              18.1741161
            ],
            [
              -104.993301,
              18.1773701
            ],
            [
              -104.988182,
              18.1805363
            ],
            [
              -104.983002,
              18.1836185
            ],
            [
              -104.97776,
              18.1866169
            ],
            [
              -104.972481,
              18.1895237
            ],
            [
              -104.967133,
              18.1923428
            ],
            [
              -104.961731,
              18.195076
            ],
            [
              -104.956291,
              18.1977177
            ],
            [
              -104.950798,
              18.2002659
            ],
            [
              -104.945259,
              18.2027225
            ],
            [
              -104.939682,
              18.2050915
            ],
            [
              -104.934052,
              18.2073631
            ],
            [
              -104.928391,
              18.2095432
            ],
            [
              -104.922676,
              18.2116261
            ],
            [
              -104.916939,
              18.2136173
            ],
            [
              -104.911156,
              18.2155113
            ],
            [
              -104.905342,
              18.21731
            ],
            [
              -104.899498,
              18.2190094
            ],
            [
              -104.893623,
              18.2206135
            ],
            [
              -104.887718,
              18.2221203
            ],
            [
              -104.881783,
              18.2235279
            ],
            [
              -104.875832,
              18.2248363
            ],
            [
              -104.86985,
              18.2260475
            ],
            [
              -104.863846,
              18.2271557
            ],
            [
              -104.857826,
              18.2281666
            ],
            [
              -104.851784,
              18.2290783
            ],
            [
              -104.845734,
              18.229887
            ],
            [
              -104.839661,
              18.2305965
            ],
            [
              -104.833588,
              18.2312031
            ],
            [
              -104.827492,
              18.2317104
            ],
            [
              -104.821396,
              18.2321167
            ],
            [
              -104.815292,
              18.2324219
            ],
            [
              -104.809181,
              18.2326241
            ],
            [
              -104.80307,
              18.2327271
            ],
            [
              -104.796951,
              18.2327271
            ]
          ]
        ]
      },
      "properties": {
        "RADII": 64,
        "STORMID": "ep202026",
        "BASIN": "ep",
        "STORMNUM": 20,
        "ADVNUM": "14A",
        "VALIDTIME": "2026101100",
        "SYNOPTIME": "2026101018",
        "TIMEZONE": "UTC",
        "TAU": 0,
        "NE": 20,
        "SE": 15,
        "SW": 10,
        "NW": 20,
        "nhc_product": "wind_radii",
        "atcf": "ep202026",
        "storm_name": "Simon",
        "storm_id": "20E"
      }
    },
    {
      "type": "Feature",
      "geometry": {
        "type": "Polygon",
        "coordinates": [
          [
            [
              -104.889229,
              19.4645405
            ],
            [
              -104.867676,
              19.4641838
            ],
            [
              -104.84613,
              19.4634686
            ],
            [
              -104.824608,
              19.4623966
            ],
            [
              -104.803108,
              19.460968
            ],
            [
              -104.781631,
              19.4591846
            ],
            [
              -104.760201,
              19.4570465
            ],
            [
              -104.738808,
              19.4545536
            ],
            [
              -104.717468,
              19.4517021
            ],
            [
              -104.696182,
              19.4485035
            ],
            [
              -104.674957,
              19.4449501
            ],
            [
              -104.653809,
              19.4410439
            ],
            [
              -104.632729,
              19.4367905
            ],
            [
              -104.61174,
              19.432188
            ],
            [
              -104.590836,
              19.4272366
            ],
            [
              -104.57003,
              19.4219418
            ],
            [
              -104.549324,
              19.4163017
            ],
            [
              -104.528732,
              19.4103203
            ],
            [
              -104.508247,
              19.4039993
            ],
            [
              -104.487892,
              19.3973389
            ],
            [
              -104.467667,
              19.3903427
            ],
            [
              -104.447571,
              19.3830109
            ],
            [
              -104.427612,
              19.375349
            ],
            [
              -104.407806,
              19.3673553
            ],
            [
              -104.388145,
              19.3590355
            ],
            [
              -104.368652,
              19.3503933
            ],
            [
              -104.349327,
              19.3414268
            ],
            [
              -104.330162,
              19.3321438
            ],
            [
              -104.31118,
              19.3225441
            ],
            [
              -104.292374,
              19.3126297
            ],
            [
              -104.273758,
              19.3024082
            ],
            [
              -104.255348,
              19.2918758
            ],
            [
              -104.237122,
              19.281044
            ],
            [
              -104.219116,
              19.2699108
            ],
            [
              -104.201317,
              19.2584801
            ],
            [
              -104.183723,
              19.2467556
            ],
            [
              -104.166367,
              19.2347431
            ],
            [
              -104.149223,
              19.2224445
            ],
            [
              -104.132324,
              19.2098637
            ],
            [
              -104.115654,
              19.1970024
            ],
            [
              -104.099228,
              19.1838703
            ],
            [
              -104.083054,
              19.1704693
            ],
            [
              -104.067131,
              19.1567993
            ],
            [
              -104.051468,
              19.142868
            ],
            [
              -104.036064,
              19.1286793
            ],
            [
              -104.020927,
              19.1142387
            ],
            [
              -104.006065,
              19.0995483
            ],
            [
              -103.991478,
              19.0846157
            ],
            [
              -103.977165,
              19.0694427
            ],
            [
              -103.963142,
              19.0540333
            ],
            [
              -103.949409,
              19.0383968
            ],
            [
              -103.935966,
              19.0225334
            ],
            [
              -103.922829,
              19.0064487
            ],
            [
              -103.909988,
              18.9901505
            ],
            [
              -103.897453,
              18.9736423
            ],
            [
              -103.885216,
              18.9569283
            ],
            [
              -103.873306,
              18.9400139
            ],
            [
              -103.86171,
              18.922905
            ],
            [
              -103.850433,
              18.9056091
            ],
            [
              -103.839478,
              18.8881245
            ],
            [
              -103.828842,
              18.8704662
            ],
            [
              -103.818542,
              18.8526306
            ],
            [
              -103.808578,
              18.8346272
            ],
            [
              -103.79895,
              18.8164616
            ],
            [
              -103.78965,
              18.7981396
            ],
            [
              -103.780701,
              18.7796707
            ],
            [
              -103.772087,
              18.7610512
            ],
            [
              -103.763832,
              18.7422924
            ],
            [
              -103.75592,
              18.7234001
            ],
            [
              -103.748352,
              18.70438
            ],
            [
              -103.741142,
              18.6852379
            ],
            [
              -103.734291,
              18.6659775
            ],
            [
              -103.727798,
              18.6466084
            ],
            [
              -103.721657,
              18.6271343
            ],
            [
              -103.715881,
              18.6075611
            ],
            [
              -103.710464,
              18.5878963
            ],
            [
              -103.705414,
              18.5681438
            ],
            [
              -103.700729,
              18.5483112
            ],
            [
              -103.696411,
              18.5284023
            ],
            [
              -103.692467,
              18.5084267
            ],
            [
              -103.688881,
              18.4883881
            ],
            [
              -103.685669,
              18.4682941
            ],
            [
              -103.682831,
              18.4481487
            ],
            [
              -103.680359,
              18.4279613
            ],
            [
              -103.678261,
              18.4077339
            ],
            [
              -103.676544,
              18.387476
            ],
            [
              -103.675194,
              18.3671932
            ],
            [
              -103.674217,
              18.3468895
            ],
            [
              -103.673615,
              18.3265743
            ],
            [
              -103.673378,
              18.3062496
            ],
            [
              -103.848724,
              18.288414
            ],
            [
              -103.849152,
              18.2710018
            ],
            [
              -103.849892,
              18.2535934
            ],
            [
              -103.85096,
              18.2362022
            ],
            [
              -103.852348,
              18.2188301
            ],
            [
              -103.85405,
              18.2014847
            ],
            [
              -103.856071,
              18.1841698
            ],
            [
              -103.858414,
              18.1668911
            ],
            [
              -103.861061,
              18.1496544
            ],
            [
              -103.864029,
              18.1324635
            ],
            [
              -103.867317,
              18.115324
            ],
            [
              -103.870918,
              18.0982418
            ],
            [
              -103.874825,
              18.0812225
            ],
            [
              -103.879051,
              18.06427
            ],
            [
              -103.883583,
              18.04739
            ],
            [
              -103.88842,
              18.0305882
            ],
            [
              -103.893562,
              18.0138664
            ],
            [
              -103.899017,
              17.9972343
            ],
            [
              -103.904778,
              17.9806976
            ],
            [
              -103.910828,
              17.9642563
            ],
            [
              -103.917183,
              17.9479179
            ],
            [
              -103.923836,
              17.9316883
            ],
            [
              -103.930786,
              17.9155693
            ],
            [
              -103.938026,
              17.8995705
            ],
            [
              -103.945557,
              17.8836918
            ],
            [
              -103.953377,
              17.8679409
            ],
            [
              -103.961487,
              17.8523216
            ],
            [
              -103.969879,
              17.8368397
            ],
            [
              -103.978546,
              17.8214989
            ],
            [
              -103.987503,
              17.8063049
            ],
            [
              -103.996727,
              17.7912598
            ],
            [
              -104.006226,
              17.776371
            ],
            [
              -104.015999,
              17.7616425
            ],
            [
              -104.026031,
              17.7470779
            ],
            [
              -104.036331,
              17.7326813
            ],
            [
              -104.04689,
              17.7184563
            ],
            [
              -104.057701,
              17.7044086
            ],
            [
              -104.068771,
              17.6905441
            ],
            [
              -104.080101,
              17.6768627
            ],
            [
              -104.09166,
              17.6633739
            ],
            [
              -104.103477,
              17.6500778
            ],
            [
              -104.115524,
              17.6369762
            ],
            [
              -104.127815,
              17.6240788
            ],
            [
              -104.140343,
              17.6113892
            ],
            [
              -104.153084,
              17.5989056
            ],
            [
              -104.166061,
              17.5866356
            ],
            [
              -104.17926,
              17.5745831
            ],
            [
              -104.192665,
              17.5627518
            ],
            [
              -104.206291,
              17.5511436
            ],
            [
              -104.220123,
              17.5397625
            ],
            [
              -104.234169,
              17.5286121
            ],
            [
              -104.248398,
              17.5176983
            ],
            [
              -104.26284,
              17.507021
            ],
            [
              -104.277466,
              17.496582
            ],
            [
              -104.292282,
              17.4863892
            ],
            [
              -104.307274,
              17.4764423
            ],
            [
              -104.322441,
              17.4667454
            ],
            [
              -104.337791,
              17.457304
            ],
            [
              -104.35331,
              17.4481144
            ],
            [
              -104.368988,
              17.4391861
            ],
            [
              -104.384819,
              17.4305172
            ],
            [
              -104.400818,
              17.4221134
            ],
            [
              -104.416962,
              17.4139748
            ],
            [
              -104.43325,
              17.406105
            ],
            [
              -104.449677,
              17.3985062
            ],
            [
              -104.46624,
              17.3911819
            ],
            [
              -104.482933,
              17.3841305
            ],
            [
              -104.499756,
              17.3773594
            ],
            [
              -104.516693,
              17.3708668
            ],
            [
              -104.533745,
              17.3646564
            ],
            [
              -104.550911,
              17.3587303
            ],
            [
              -104.568176,
              17.3530884
            ],
            [
              -104.585548,
              17.3477325
            ],
            [
              -104.603012,
              17.3426666
            ],
            [
              -104.62056,
              17.3378906
            ],
            [
              -104.638191,
              17.3334045
            ],
            [
              -104.655914,
              17.3292141
            ],
            [
              -104.673698,
              17.3253174
            ],
            [
              -104.691551,
              17.3217144
            ],
            [
              -104.709465,
              17.318409
            ],
            [
              -104.727448,
              17.3154011
            ],
            [
              -104.745468,
              17.3126888
            ],
            [
              -104.763542,
              17.3102779
            ],
            [
              -104.781647,
              17.3081684
            ],
            [
              -104.799805,
              17.3063564
            ],
            [
              -104.817978,
              17.3048458
            ],
            [
              -104.836182,
              17.3036366
            ],
            [
              -104.854401,
              17.3027306
            ],
            [
              -104.872643,
              17.3021259
            ],
            [
              -104.890884,
              17.3018246
            ],
            [
              -104.907616,
              17.4681892
            ],
            [
              -104.922836,
              17.4684391
            ],
            [
              -104.938049,
              17.4689426
            ],
            [
              -104.953239,
              17.4697018
            ],
            [
              -104.96843,
              17.4707088
            ],
            [
              -104.983589,
              17.4719677
            ],
            [
              -104.998726,
              17.4734783
            ],
            [
              -105.013832,
              17.4752388
            ],
            [
              -105.028908,
              17.4772511
            ],
            [
              -105.043938,
              17.4795113
            ],
            [
              -105.058937,
              17.4820213
            ],
            [
              -105.073875,
              17.4847775
            ],
            [
              -105.088768,
              17.4877815
            ],
            [
              -105.1036,
              17.4910316
            ],
            [
              -105.118378,
              17.4945297
            ],
            [
              -105.133087,
              17.4982681
            ],
            [
              -105.147728,
              17.5022526
            ],
            [
              -105.162285,
              17.5064793
            ],
            [
              -105.176773,
              17.5109444
            ],
            [
              -105.19117,
              17.5156498
            ],
            [
              -105.20549,
              17.5205936
            ],
            [
              -105.219711,
              17.525774
            ],
            [
              -105.233833,
              17.531189
            ],
            [
              -105.247864,
              17.5368366
            ],
            [
              -105.26178,
              17.542717
            ],
            [
              -105.275597,
              17.5488243
            ],
            [
              -105.289299,
              17.5551624
            ],
            [
              -105.302872,
              17.5617275
            ],
            [
              -105.316338,
              17.5685139
            ],
            [
              -105.329674,
              17.5755234
            ],
            [
              -105.34288,
              17.5827541
            ],
            [
              -105.355949,
              17.5902004
            ],
            [
              -105.368889,
              17.5978642
            ],
            [
              -105.381683,
              17.6057396
            ],
            [
              -105.394333,
              17.6138248
            ],
            [
              -105.406837,
              17.6221199
            ],
            [
              -105.419182,
              17.630619
            ],
            [
              -105.431374,
              17.6393242
            ],
            [
              -105.443405,
              17.6482296
            ],
            [
              -105.455276,
              17.6573315
            ],
            [
              -105.46698,
              17.6666317
            ],
            [
              -105.478508,
              17.6761208
            ],
            [
              -105.489861,
              17.6858025
            ],
            [
              -105.501038,
              17.6956692
            ],
            [
              -105.512032,
              17.705719
            ],
            [
              -105.52285,
              17.71595
            ],
            [
              -105.533478,
              17.7263584
            ],
            [
              -105.543907,
              17.7369423
            ],
            [
              -105.554146,
              17.7476978
            ],
            [
              -105.564194,
              17.7586212
            ],
            [
              -105.574028,
              17.7697067
            ],
            [
              -105.583664,
              17.7809563
            ],
            [
              -105.593094,
              17.7923641
            ],
            [
              -105.602318,
              17.8039246
            ],
            [
              -105.611336,
              17.8156376
            ],
            [
              -105.620125,
              17.8274956
            ],
            [
              -105.6287,
              17.8395004
            ],
            [
              -105.637062,
              17.8516445
            ],
            [
              -105.645195,
              17.863924
            ],
            [
              -105.653107,
              17.8763371
            ],
            [
              -105.660782,
              17.8888817
            ],
            [
              -105.668236,
              17.9015484
            ],
            [
              -105.675453,
              17.9143391
            ],
            [
              -105.682442,
              17.927248
            ],
            [
              -105.689186,
              17.9402676
            ],
            [
              -105.695702,
              17.9533978
            ],
            [
              -105.701965,
              17.9666367
            ],
            [
              -105.707985,
              17.9799728
            ],
            [
              -105.713768,
              17.9934101
            ],
            [
              -105.719307,
              18.0069408
            ],
            [
              -105.724594,
              18.0205612
            ],
            [
              -105.729622,
              18.0342674
            ],
            [
              -105.734406,
              18.0480537
            ],
            [
              -105.738937,
              18.0619164
            ],
            [
              -105.743217,
              18.0758533
            ],
            [
              -105.747231,
              18.089859
            ],
            [
              -105.750999,
              18.1039295
            ],
            [
              -105.754509,
              18.1180592
            ],
            [
              -105.757751,
              18.132246
            ],
            [
              -105.760735,
              18.1464844
            ],
            [
              -105.763458,
              18.1607685
            ],
            [
              -105.765923,
              18.1750965
            ],
            [
              -105.76812,
              18.1894646
            ],
            [
              -105.77005,
              18.2038631
            ],
            [
              -105.771729,
              18.2182941
            ],
            [
              -105.773125,
              18.2327518
            ],
            [
              -105.774269,
              18.2472286
            ],
            [
              -105.775139,
              18.2617226
            ],
            [
              -105.775749,
              18.276228
            ],
            [
              -105.776093,
              18.2907429
            ],
            [
              -105.951401,
              18.3058319
            ],
            [
              -105.95118,
              18.3232517
            ],
            [
              -105.950653,
              18.3406658
            ],
            [
              -105.949799,
              18.3580685
            ],
            [
              -105.948624,
              18.375452
            ],
            [
              -105.947128,
              18.3928165
            ],
            [
              -105.945305,
              18.4101505
            ],
            [
              -105.943176,
              18.4274578
            ],
            [
              -105.940727,
              18.4447212
            ],
            [
              -105.937958,
              18.4619427
            ],
            [
              -105.934875,
              18.4791164
            ],
            [
              -105.931473,
              18.496233
            ],
            [
              -105.92775,
              18.5132961
            ],
            [
              -105.923721,
              18.5302925
            ],
            [
              -105.919373,
              18.5472202
            ],
            [
              -105.914719,
              18.5640717
            ],
            [
              -105.909752,
              18.5808449
            ],
            [
              -105.90448,
              18.5975342
            ],
            [
              -105.898888,
              18.6141319
            ],
            [
              -105.893005,
              18.6306324
            ],
            [
              -105.88681,
              18.6470356
            ],
            [
              -105.88031,
              18.6633339
            ],
            [
              -105.87352,
              18.6795216
            ],
            [
              -105.866417,
              18.6955929
            ],
            [
              -105.859032,
              18.7115459
            ],
            [
              -105.851349,
              18.727375
            ],
            [
              -105.843369,
              18.7430725
            ],
            [
              -105.835106,
              18.7586365
            ],
            [
              -105.826553,
              18.7740593
            ],
            [
              -105.817711,
              18.7893372
            ],
            [
              -105.808586,
              18.8044701
            ],
            [
              -105.799187,
              18.8194466
            ],
            [
              -105.789513,
              18.8342667
            ],
            [
              -105.779564,
              18.8489246
            ],
            [
              -105.769348,
              18.8634129
            ],
            [
              -105.758858,
              18.8777332
            ],
            [
              -105.748108,
              18.8918743
            ],
            [
              -105.737099,
              18.9058361
            ],
            [
              -105.72583,
              18.9196129
            ],
            [
              -105.714294,
              18.9332027
            ],
            [
              -105.702522,
              18.9465981
            ],
            [
              -105.690498,
              18.9597969
            ],
            [
              -105.678238,
              18.9727936
            ],
            [
              -105.665726,
              18.9855843
            ],
            [
              -105.652992,
              18.9981689
            ],
            [
              -105.640015,
              19.01054
            ],
            [
              -105.626808,
              19.0226917
            ],
            [
              -105.613388,
              19.0346241
            ],
            [
              -105.599739,
              19.0463333
            ],
            [
              -105.585876,
              19.0578117
            ],
            [
              -105.5718,
              19.0690594
            ],
            [
              -105.557518,
              19.0800762
            ],
            [
              -105.543037,
              19.0908489
            ],
            [
              -105.528351,
              19.1013832
            ],
            [
              -105.513474,
              19.1116714
            ],
            [
              -105.498405,
              19.1217117
            ],
            [
              -105.483147,
              19.1315041
            ],
            [
              -105.46772,
              19.1410389
            ],
            [
              -105.45211,
              19.1503181
            ],
            [
              -105.436333,
              19.1593323
            ],
            [
              -105.420387,
              19.1680889
            ],
            [
              -105.404282,
              19.1765785
            ],
            [
              -105.388016,
              19.1847992
            ],
            [
              -105.371605,
              19.1927509
            ],
            [
              -105.355049,
              19.200428
            ],
            [
              -105.338348,
              19.2078304
            ],
            [
              -105.32151,
              19.2149563
            ],
            [
              -105.30455,
              19.2217979
            ],
            [
              -105.28746,
              19.2283611
            ],
            [
              -105.270248,
              19.2346382
            ],
            [
              -105.252922,
              19.2406292
            ],
            [
              -105.235489,
              19.2463341
            ],
            [
              -105.217949,
              19.2517471
            ],
            [
              -105.20031,
              19.2568703
            ],
            [
              -105.182579,
              19.2616997
            ],
            [
              -105.164764,
              19.2662334
            ],
            [
              -105.146858,
              19.2704735
            ],
            [
              -105.128883,
              19.274416
            ],
            [
              -105.11084,
              19.278059
            ],
            [
              -105.09272,
              19.2814026
            ],
            [
              -105.074554,
              19.2844448
            ],
            [
              -105.056328,
              19.2871857
            ],
            [
              -105.038048,
              19.2896252
            ],
            [
              -105.01973,
              19.2917595
            ],
            [
              -105.001373,
              19.2935944
            ],
            [
              -104.982986,
              19.2951202
            ],
            [
              -104.964577,
              19.2963428
            ],
            [
              -104.946144,
              19.2972603
            ],
            [
              -104.927696,
              19.2978725
            ],
            [
              -104.909241,
              19.2981777
            ],
            [
              -104.889229,
              19.4645405
            ]
          ]
        ]
      },
      "properties": {
        "RADII": 34,
        "STORMID": "ep202026",
        "BASIN": "ep",
        "STORMNUM": 20,
        "ADVNUM": "14A",
        "VALIDTIME": "2026101109",
        "SYNOPTIME": "2026101018",
        "TIMEZONE": "UTC",
        "TAU": 12,
        "NE": 70,
        "SE": 60,
        "SW": 50,
        "NW": 60,
        "nhc_product": "wind_radii",
        "atcf": "ep202026",
        "storm_name": "Simon",
        "storm_id": "20E"
      }
    },
    {
      "type": "Feature",
      "geometry": {
        "type": "Polygon",
        "coordinates": [
          [
            [
              -104.894638,
              18.8822708
            ],
            [
              -104.883896,
              18.8820915
            ],
            [
              -104.873169,
              18.8817368
            ],
            [
              -104.862442,
              18.8812046
            ],
            [
              -104.851723,
              18.8804913
            ],
            [
              -104.841026,
              18.8796043
            ],
            [
              -104.830345,
              18.8785362
            ],
            [
              -104.819687,
              18.8772964
            ],
            [
              -104.809052,
              18.8758755
            ],
            [
              -104.798447,
              18.8742809
            ],
            [
              -104.787872,
              18.872509
            ],
            [
              -104.777321,
              18.8705635
            ],
            [
              -104.766823,
              18.8684444
            ],
            [
              -104.756363,
              18.8661499
            ],
            [
              -104.745941,
              18.8636856
            ],
            [
              -104.735573,
              18.8610439
            ],
            [
              -104.72525,
              18.8582344
            ],
            [
              -104.714989,
              18.8552551
            ],
            [
              -104.704773,
              18.8521042
            ],
            [
              -104.694626,
              18.8487835
            ],
            [
              -104.68454,
              18.8452969
            ],
            [
              -104.674515,
              18.8416443
            ],
            [
              -104.664566,
              18.8378239
            ],
            [
              -104.654686,
              18.8338394
            ],
            [
              -104.64489,
              18.8296947
            ],
            [
              -104.635162,
              18.825386
            ],
            [
              -104.625519,
              18.8209171
            ],
            [
              -104.615959,
              18.8162899
            ],
            [
              -104.606491,
              18.8115063
            ],
            [
              -104.597107,
              18.8065624
            ],
            [
              -104.587822,
              18.801466
            ],
            [
              -104.578629,
              18.796217
            ],
            [
              -104.569534,
              18.7908154
            ],
            [
              -104.560539,
              18.785265
            ],
            [
              -104.551659,
              18.7795658
            ],
            [
              -104.54287,
              18.7737217
            ],
            [
              -104.534203,
              18.7677326
            ],
            [
              -104.525642,
              18.7615986
            ],
            [
              -104.517204,
              18.7553253
            ],
            [
              -104.508881,
              18.7489109
            ],
            [
              -104.500671,
              18.742363
            ],
            [
              -104.492584,
              18.7356777
            ],
            [
              -104.484627,
              18.7288609
            ],
            [
              -104.476799,
              18.7219124
            ],
            [
              -104.469093,
              18.7148361
            ],
            [
              -104.461525,
              18.7076321
            ],
            [
              -104.454094,
              18.7003059
            ],
            [
              -104.446793,
              18.6928539
            ],
            [
              -104.439636,
              18.6852875
            ],
            [
              -104.432617,
              18.677597
            ],
            [
              -104.425751,
              18.6697979
            ],
            [
              -104.419022,
              18.6618824
            ],
            [
              -104.412437,
              18.6538582
            ],
            [
              -104.405998,
              18.6457253
            ],
            [
              -104.399727,
              18.6374874
            ],
            [
              -104.3936,
              18.6291466
            ],
            [
              -104.387619,
              18.6207047
            ],
            [
              -104.381805,
              18.6121635
            ],
            [
              -104.376152,
              18.6035328
            ],
            [
              -104.370651,
              18.5948048
            ],
            [
              -104.365318,
              18.5859909
            ],
            [
              -104.360153,
              18.5770855
            ],
            [
              -104.355148,
              18.5681
            ],
            [
              -104.350311,
              18.5590324
            ],
            [
              -104.345642,
              18.5498829
            ],
            [
              -104.341141,
              18.5406609
            ],
            [
              -104.336815,
              18.5313625
            ],
            [
              -104.332649,
              18.5219955
            ],
            [
              -104.328667,
              18.5125618
            ],
            [
              -104.32486,
              18.5030632
            ],
            [
              -104.321228,
              18.4935017
            ],
            [
              -104.317772,
              18.483881
            ],
            [
              -104.314491,
              18.4742069
            ],
            [
              -104.311394,
              18.4644794
            ],
            [
              -104.308472,
              18.4547005
            ],
            [
              -104.305733,
              18.4448757
            ],
            [
              -104.303177,
              18.4350071
            ],
            [
              -104.300804,
              18.4250965
            ],
            [
              -104.298607,
              18.4151497
            ],
            [
              -104.2966,
              18.4051685
            ],
            [
              -104.294777,
              18.395153
            ],
            [
              -104.293137,
              18.3851109
            ],
            [
              -104.291687,
              18.375042
            ],
            [
              -104.290413,
              18.3649521
            ],
            [
              -104.28933,
              18.3548412
            ],
            [
              -104.288429,
              18.3447151
            ],
            [
              -104.28772,
              18.3345737
            ],
            [
              -104.287193,
              18.3244247
            ],
            [
              -104.286858,
              18.3142662
            ],
            [
              -104.286705,
              18.3041058
            ],
            [
              -104.286743,
              18.2939415
            ],
            [
              -104.286964,
              18.2837811
            ],
            [
              -104.287376,
              18.2736263
            ],
            [
              -104.287971,
              18.2634792
            ],
            [
              -104.288757,
              18.2533455
            ],
            [
              -104.289726,
              18.2432251
            ],
            [
              -104.290878,
              18.2331219
            ],
            [
              -104.292213,
              18.2230358
            ],
            [
              -104.293739,
              18.2129784
            ],
            [
              -104.295448,
              18.2029476
            ],
            [
              -104.29734,
              18.1929436
            ],
            [
              -104.299416,
              18.1829739
            ],
            [
              -104.301666,
              18.1730404
            ],
            [
              -104.304115,
              18.163147
            ],
            [
              -104.306732,
              18.1532955
            ],
            [
              -104.30954,
              18.143486
            ],
            [
              -104.312515,
              18.1337261
            ],
            [
              -104.315681,
              18.1240177
            ],
            [
              -104.319016,
              18.1143608
            ],
            [
              -104.322525,
              18.1047649
            ],
            [
              -104.32621,
              18.0952244
            ],
            [
              -104.330078,
              18.0857487
            ],
            [
              -104.334114,
              18.0763378
            ],
            [
              -104.338318,
              18.0669956
            ],
            [
              -104.34269,
              18.057724
            ],
            [
              -104.347244,
              18.0485268
            ],
            [
              -104.351952,
              18.0394039
            ],
            [
              -104.356834,
              18.0303631
            ],
            [
              -104.361885,
              18.0214062
            ],
            [
              -104.367088,
              18.0125313
            ],
            [
              -104.372459,
              18.003746
            ],
            [
              -104.377991,
              17.9950504
            ],
            [
              -104.383682,
              17.9864445
            ],
            [
              -104.389519,
              17.9779377
            ],
            [
              -104.395515,
              17.9695301
            ],
            [
              -104.401672,
              17.9612198
            ],
            [
              -104.407974,
              17.9530144
            ],
            [
              -104.414421,
              17.9449139
            ],
            [
              -104.421021,
              17.9369221
            ],
            [
              -104.427773,
              17.9290428
            ],
            [
              -104.434654,
              17.9212723
            ],
            [
              -104.441681,
              17.91362
            ],
            [
              -104.448845,
              17.9060841
            ],
            [
              -104.456146,
              17.8986683
            ],
            [
              -104.463585,
              17.8913765
            ],
            [
              -104.471153,
              17.8842068
            ],
            [
              -104.478851,
              17.8771629
            ],
            [
              -104.486679,
              17.8702507
            ],
            [
              -104.494629,
              17.8634663
            ],
            [
              -104.502701,
              17.8568172
            ],
            [
              -104.510902,
              17.8502998
            ],
            [
              -104.519203,
              17.8439198
            ],
            [
              -104.527634,
              17.8376827
            ],
            [
              -104.536171,
              17.8315811
            ],
            [
              -104.544815,
              17.8256226
            ],
            [
              -104.553574,
              17.8198109
            ],
            [
              -104.562439,
              17.8141441
            ],
            [
              -104.571404,
              17.8086224
            ],
            [
              -104.580467,
              17.8032532
            ],
            [
              -104.589622,
              17.7980347
            ],
            [
              -104.598869,
              17.7929668
            ],
            [
              -104.608215,
              17.7880535
            ],
            [
              -104.617645,
              17.7832966
            ],
            [
              -104.627159,
              17.7786961
            ],
            [
              -104.636757,
              17.7742558
            ],
            [
              -104.646439,
              17.7699738
            ],
            [
              -104.656197,
              17.7658501
            ],
            [
              -104.666023,
              17.7618923
            ],
            [
              -104.675926,
              17.7580986
            ],
            [
              -104.68589,
              17.754467
            ],
            [
              -104.695923,
              17.7510014
            ],
            [
              -104.706009,
              17.7477016
            ],
            [
              -104.716164,
              17.7445736
            ],
            [
              -104.726372,
              17.7416096
            ],
            [
              -104.736633,
              17.7388191
            ],
            [
              -104.746941,
              17.7361965
            ],
            [
              -104.757294,
              17.7337456
            ],
            [
              -104.767693,
              17.7314663
            ],
            [
              -104.77813,
              17.7293606
            ],
            [
              -104.788605,
              17.7274284
            ],
            [
              -104.79911,
              17.7256699
            ],
            [
              -104.809654,
              17.7240849
            ],
            [
              -104.820221,
              17.7226734
            ],
            [
              -104.830803,
              17.7214413
            ],
            [
              -104.841415,
              17.7203827
            ],
            [
              -104.852051,
              17.7194996
            ],
            [
              -104.862686,
              17.718792
            ],
            [
              -104.873344,
              17.7182636
            ],
            [
              -104.884003,
              17.7179089
            ],
            [
              -104.894676,
              17.7177315
            ],
            [
              -104.904587,
              17.8009109
            ],
            [
              -104.913727,
              17.8010654
            ],
            [
              -104.922867,
              17.8013668
            ],
            [
              -104.932007,
              17.8018208
            ],
            [
              -104.941132,
              17.8024273
            ],
            [
              -104.950249,
              17.8031845
            ],
            [
              -104.959351,
              17.8040924
            ],
            [
              -104.968437,
              17.805151
            ],
            [
              -104.977493,
              17.8063602
            ],
            [
              -104.986526,
              17.8077183
            ],
            [
              -104.995537,
              17.809227
            ],
            [
              -105.004524,
              17.8108845
            ],
            [
              -105.013474,
              17.8126907
            ],
            [
              -105.022385,
              17.8146458
            ],
            [
              -105.031265,
              17.8167477
            ],
            [
              -105.040108,
              17.8189945
            ],
            [
              -105.048904,
              17.8213882
            ],
            [
              -105.057655,
              17.8239288
            ],
            [
              -105.066368,
              17.8266144
            ],
            [
              -105.07502,
              17.829443
            ],
            [
              -105.083618,
              17.8324127
            ],
            [
              -105.092163,
              17.8355274
            ],
            [
              -105.100655,
              17.8387794
            ],
            [
              -105.109077,
              17.8421764
            ],
            [
              -105.117439,
              17.8457108
            ],
            [
              -105.12574,
              17.8493824
            ],
            [
              -105.133972,
              17.8531914
            ],
            [
              -105.142136,
              17.8571358
            ],
            [
              -105.150223,
              17.8612137
            ],
            [
              -105.158234,
              17.865427
            ],
            [
              -105.166161,
              17.869772
            ],
            [
              -105.174019,
              17.8742466
            ],
            [
              -105.181778,
              17.8788509
            ],
            [
              -105.189468,
              17.883585
            ],
            [
              -105.19706,
              17.8884449
            ],
            [
              -105.204567,
              17.8934307
            ],
            [
              -105.211983,
              17.8985367
            ],
            [
              -105.219307,
              17.9037666
            ],
            [
              -105.226524,
              17.9091187
            ],
            [
              -105.23365,
              17.9145889
            ],
            [
              -105.240677,
              17.9201756
            ],
            [
              -105.247597,
              17.9258785
            ],
            [
              -105.254417,
              17.931694
            ],
            [
              -105.261124,
              17.9376221
            ],
            [
              -105.267715,
              17.9436607
            ],
            [
              -105.274208,
              17.9498081
            ],
            [
              -105.280579,
              17.9560604
            ],
            [
              -105.286842,
              17.9624195
            ],
            [
              -105.292984,
              17.9688816
            ],
            [
              -105.299011,
              17.9754429
            ],
            [
              -105.304909,
              17.9821033
            ],
            [
              -105.310684,
              17.9888592
            ],
            [
              -105.316345,
              17.9957142
            ],
            [
              -105.321869,
              18.0026588
            ],
            [
              -105.327271,
              18.0096931
            ],
            [
              -105.332542,
              18.0168171
            ],
            [
              -105.337677,
              18.0240269
            ],
            [
              -105.342697,
              18.0313206
            ],
            [
              -105.347565,
              18.0386963
            ],
            [
              -105.352303,
              18.0461521
            ],
            [
              -105.356903,
              18.0536842
            ],
            [
              -105.361359,
              18.0612946
            ],
            [
              -105.365685,
              18.0689735
            ],
            [
              -105.369865,
              18.0767269
            ],
            [
              -105.373909,
              18.0845451
            ],
            [
              -105.3778,
              18.0924301
            ],
            [
              -105.381554,
              18.1003799
            ],
            [
              -105.385147,
              18.1083889
            ],
            [
              -105.388603,
              18.116457
            ],
            [
              -105.391914,
              18.1245804
            ],
            [
              -105.395073,
              18.1327591
            ],
            [
              -105.398079,
              18.1409855
            ],
            [
              -105.400932,
              18.1492634
            ],
            [
              -105.403641,
              18.1575871
            ],
            [
              -105.406197,
              18.1659527
            ],
            [
              -105.408592,
              18.1743603
            ],
            [
              -105.410835,
              18.182806
            ],
            [
              -105.412926,
              18.191288
            ],
            [
              -105.414856,
              18.1998043
            ],
            [
              -105.416626,
              18.2083492
            ],
            [
              -105.418243,
              18.2169247
            ],
            [
              -105.419708,
              18.2255249
            ],
            [
              -105.421005,
              18.234148
            ],
            [
              -105.42215,
              18.2427883
            ],
            [
              -105.423134,
              18.2514496
            ],
            [
              -105.423958,
              18.2601261
            ],
            [
              -105.424629,
              18.2688141
            ],
            [
              -105.425133,
              18.2775097
            ],
            [
              -105.425484,
              18.2862148
            ],
            [
              -105.425667,
              18.2949238
            ],
            [
              -105.425697,
              18.3036366
            ],
            [
              -105.42556,
              18.3123436
            ],
            [
              -105.425262,
              18.3210526
            ],
            [
              -105.424812,
              18.329752
            ],
            [
              -105.424202,
              18.3384418
            ],
            [
              -105.423424,
              18.3471241
            ],
            [
              -105.422493,
              18.3557892
            ],
            [
              -105.421402,
              18.364439
            ],
            [
              -105.420151,
              18.3730659
            ],
            [
              -105.418739,
              18.3816738
            ],
            [
              -105.417168,
              18.3902588
            ],
            [
              -105.415443,
              18.3988132
            ],
            [
              -105.413567,
              18.4073391
            ],
            [
              -105.411522,
              18.4158325
            ],
            [
              -105.409325,
              18.4242897
            ],
            [
              -105.406975,
              18.4327087
            ],
            [
              -105.404465,
              18.4410896
            ],
            [
              -105.40181,
              18.4494267
            ],
            [
              -105.398994,
              18.4577198
            ],
            [
              -105.396027,
              18.4659634
            ],
            [
              -105.392906,
              18.4741573
            ],
            [
              -105.389648,
              18.482296
            ],
            [
              -105.386223,
              18.4903831
            ],
            [
              -105.38266,
              18.4984093
            ],
            [
              -105.378944,
              18.5063763
            ],
            [
              -105.375084,
              18.5142803
            ],
            [
              -105.371078,
              18.5221214
            ],
            [
              -105.366928,
              18.529892
            ],
            [
              -105.36264,
              18.5375938
            ],
            [
              -105.358208,
              18.5452232
            ],
            [
              -105.35363,
              18.5527782
            ],
            [
              -105.348915,
              18.560257
            ],
            [
              -105.34407,
              18.5676537
            ],
            [
              -105.339081,
              18.5749702
            ],
            [
              -105.333961,
              18.5822048
            ],
            [
              -105.328705,
              18.5893517
            ],
            [
              -105.323326,
              18.5964108
            ],
            [
              -105.317802,
              18.6033802
            ],
            [
              -105.312164,
              18.6102562
            ],
            [
              -105.306396,
              18.6170387
            ],
            [
              -105.300507,
              18.6237259
            ],
            [
              -105.294487,
              18.630312
            ],
            [
              -105.288353,
              18.636797
            ],
            [
              -105.282097,
              18.6431808
            ],
            [
              -105.275726,
              18.6494598
            ],
            [
              -105.269234,
              18.655632
            ],
            [
              -105.262634,
              18.6616955
            ],
            [
              -105.25592,
              18.6676502
            ],
            [
              -105.249107,
              18.6734905
            ],
            [
              -105.242172,
              18.6792164
            ],
            [
              -105.235146,
              18.6848316
            ],
            [
              -105.228004,
              18.6903248
            ],
            [
              -105.220772,
              18.6956997
            ],
            [
              -105.213432,
              18.7009544
            ],
            [
              -105.206009,
              18.7060852
            ],
            [
              -105.198479,
              18.7110939
            ],
            [
              -105.190865,
              18.7159786
            ],
            [
              -105.183159,
              18.7207336
            ],
            [
              -105.175369,
              18.725359
            ],
            [
              -105.167488,
              18.7298584
            ],
            [
              -105.159531,
              18.7342243
            ],
            [
              -105.151489,
              18.7384605
            ],
            [
              -105.143372,
              18.7425594
            ],
            [
              -105.135185,
              18.7465229
            ],
            [
              -105.126923,
              18.7503529
            ],
            [
              -105.118591,
              18.7540436
            ],
            [
              -105.110184,
              18.7575951
            ],
            [
              -105.101723,
              18.7610073
            ],
            [
              -105.093201,
              18.7642803
            ],
            [
              -105.084618,
              18.7674122
            ],
            [
              -105.075974,
              18.7703991
            ],
            [
              -105.067284,
              18.773241
            ],
            [
              -105.058533,
              18.7759399
            ],
            [
              -105.049736,
              18.7784958
            ],
            [
              -105.040886,
              18.7809029
            ],
            [
              -105.032005,
              18.783165
            ],
            [
              -105.023079,
              18.7852783
            ],
            [
              -105.014114,
              18.7872429
            ],
            [
              -105.005119,
              18.7890606
            ],
            [
              -104.996086,
              18.7907257
            ],
            [
              -104.987022,
              18.7922421
            ],
            [
              -104.977936,
              18.7936096
            ],
            [
              -104.968826,
              18.7948265
            ],
            [
              -104.959694,
              18.7958908
            ],
            [
              -104.950546,
              18.7968025
            ],
            [
              -104.941376,
              18.7975655
            ],
            [
              -104.932198,
              18.7981739
            ],
            [
              -104.923004,
              18.7986298
            ],
            [
              -104.913811,
              18.7989368
            ],
            [
              -104.90461,
              18.7990894
            ],
            [
              -104.894638,
              18.8822708
            ]
          ]
        ]
      },
      "properties": {
        "RADII": 50,
        "STORMID": "ep202026",
        "BASIN": "ep",
        "STORMNUM": 20,
        "ADVNUM": "14A",
        "VALIDTIME": "2026101109",
        "SYNOPTIME": "2026101018",
        "TIMEZONE": "UTC",
        "TAU": 12,
        "NE": 35,
        "SE": 35,
        "SW": 30,
        "NW": 30,
        "nhc_product": "wind_radii",
        "atcf": "ep202026",
        "storm_name": "Simon",
        "storm_id": "20E"
      }
    },
    {
      "type": "Feature",
      "geometry": {
        "type": "Polygon",
        "coordinates": [
          [
            [
              -104.896179,
              18.7159061
            ],
            [
              -104.888512,
              18.7157803
            ],
            [
              -104.880859,
              18.7155266
            ],
            [
              -104.873199,
              18.715147
            ],
            [
              -104.865555,
              18.7146378
            ],
            [
              -104.857918,
              18.7140026
            ],
            [
              -104.850296,
              18.7132435
            ],
            [
              -104.84269,
              18.7123547
            ],
            [
              -104.835098,
              18.7113438
            ],
            [
              -104.82753,
              18.7102051
            ],
            [
              -104.819984,
              18.7089424
            ],
            [
              -104.812462,
              18.7075539
            ],
            [
              -104.80497,
              18.7060394
            ],
            [
              -104.797501,
              18.7044029
            ],
            [
              -104.790062,
              18.7026443
            ],
            [
              -104.782669,
              18.7007599
            ],
            [
              -104.775299,
              18.6987553
            ],
            [
              -104.767975,
              18.6966286
            ],
            [
              -104.760689,
              18.6943779
            ],
            [
              -104.753441,
              18.692009
            ],
            [
              -104.746239,
              18.6895218
            ],
            [
              -104.73909,
              18.6869144
            ],
            [
              -104.731987,
              18.6841908
            ],
            [
              -104.724937,
              18.681345
            ],
            [
              -104.717941,
              18.6783886
            ],
            [
              -104.710999,
              18.6753139
            ],
            [
              -104.704117,
              18.6721249
            ],
            [
              -104.697296,
              18.6688213
            ],
            [
              -104.690536,
              18.6654053
            ],
            [
              -104.68383,
              18.6618805
            ],
            [
              -104.6772,
              18.6582432
            ],
            [
              -104.670647,
              18.6544971
            ],
            [
              -104.664146,
              18.6506405
            ],
            [
              -104.65773,
              18.6466789
            ],
            [
              -104.651382,
              18.6426125
            ],
            [
              -104.645111,
              18.6384411
            ],
            [
              -104.638924,
              18.6341648
            ],
            [
              -104.632812,
              18.6297874
            ],
            [
              -104.626778,
              18.625309
            ],
            [
              -104.620834,
              18.6207333
            ],
            [
              -104.614975,
              18.6160603
            ],
            [
              -104.609207,
              18.6112862
            ],
            [
              -104.603516,
              18.6064205
            ],
            [
              -104.597931,
              18.6014633
            ],
            [
              -104.592422,
              18.5964108
            ],
            [
              -104.587021,
              18.5912685
            ],
            [
              -104.581711,
              18.5860386
            ],
            [
              -104.5765,
              18.5807209
            ],
            [
              -104.571381,
              18.5753174
            ],
            [
              -104.566368,
              18.5698318
            ],
            [
              -104.561455,
              18.5642605
            ],
            [
              -104.556648,
              18.5586128
            ],
            [
              -104.551949,
              18.5528812
            ],
            [
              -104.547356,
              18.5470772
            ],
            [
              -104.542862,
              18.5411949
            ],
            [
              -104.538483,
              18.5352402
            ],
            [
              -104.534218,
              18.5292149
            ],
            [
              -104.53006,
              18.523119
            ],
            [
              -104.526016,
              18.5169544
            ],
            [
              -104.522087,
              18.510725
            ],
            [
              -104.518272,
              18.5044327
            ],
            [
              -104.514572,
              18.4980755
            ],
            [
              -104.510994,
              18.4916573
            ],
            [
              -104.507538,
              18.4851818
            ],
            [
              -104.504196,
              18.478651
            ],
            [
              -104.500977,
              18.472065
            ],
            [
              -104.497879,
              18.4654274
            ],
            [
              -104.494904,
              18.4587421
            ],
            [
              -104.492058,
              18.4520054
            ],
            [
              -104.489326,
              18.445219
            ],
            [
              -104.486725,
              18.4383945
            ],
            [
              -104.484253,
              18.4315243
            ],
            [
              -104.481903,
              18.4246159
            ],
            [
              -104.479683,
              18.4176693
            ],
            [
              -104.477592,
              18.4106865
            ],
            [
              -104.475632,
              18.4036713
            ],
            [
              -104.473801,
              18.3966217
            ],
            [
              -104.472092,
              18.3895454
            ],
            [
              -104.47052,
              18.3824425
            ],
            [
              -104.469078,
              18.3753147
            ],
            [
              -104.467766,
              18.3681622
            ],
            [
              -104.466591,
              18.3609886
            ],
            [
              -104.465538,
              18.3537979
            ],
            [
              -104.46463,
              18.3465919
            ],
            [
              -104.463844,
              18.3393707
            ],
            [
              -104.463196,
              18.3321381
            ],
            [
              -104.462685,
              18.3248959
            ],
            [
              -104.462303,
              18.317646
            ],
            [
              -104.462059,
              18.3103886
            ],
            [
              -104.461937,
              18.3031311
            ],
            [
              -104.549568,
              18.2967777
            ],
            [
              -104.549683,
              18.2909718
            ],
            [
              -104.549904,
              18.2851677
            ],
            [
              -104.55024,
              18.2793694
            ],
            [
              -104.550682,
              18.2735786
            ],
            [
              -104.551224,
              18.2677937
            ],
            [
              -104.551872,
              18.2620201
            ],
            [
              -104.552635,
              18.2562561
            ],
            [
              -104.55349,
              18.2505054
            ],
            [
              -104.554459,
              18.2447739
            ],
            [
              -104.555534,
              18.2390556
            ],
            [
              -104.556717,
              18.2333584
            ],
            [
              -104.557991,
              18.2276783
            ],
            [
              -104.55938,
              18.222023
            ],
            [
              -104.560867,
              18.2163906
            ],
            [
              -104.562469,
              18.2107849
            ],
            [
              -104.564163,
              18.205204
            ],
            [
              -104.565956,
              18.1996555
            ],
            [
              -104.567856,
              18.1941357
            ],
            [
              -104.569855,
              18.1886482
            ],
            [
              -104.57196,
              18.1831932
            ],
            [
              -104.574158,
              18.1777763
            ],
            [
              -104.576462,
              18.1723957
            ],
            [
              -104.578857,
              18.1670551
            ],
            [
              -104.581352,
              18.1617527
            ],
            [
              -104.583946,
              18.1564941
            ],
            [
              -104.586632,
              18.1512794
            ],
            [
              -104.589417,
              18.1461086
            ],
            [
              -104.592293,
              18.1409874
            ],
            [
              -104.595268,
              18.13591
            ],
            [
              -104.598335,
              18.1308861
            ],
            [
              -104.601486,
              18.1259136
            ],
            [
              -104.604729,
              18.1209946
            ],
            [
              -104.60807,
              18.1161308
            ],
            [
              -104.611496,
              18.1113205
            ],
            [
              -104.615005,
              18.1065674
            ],
            [
              -104.618607,
              18.1018753
            ],
            [
              -104.622292,
              18.0972424
            ],
            [
              -104.62606,
              18.0926723
            ],
            [
              -104.629906,
              18.0881634
            ],
            [
              -104.633842,
              18.0837212
            ],
            [
              -104.637856,
              18.0793438
            ],
            [
              -104.64196,
              18.0750332
            ],
            [
              -104.646126,
              18.0707932
            ],
            [
              -104.650375,
              18.0666199
            ],
            [
              -104.654701,
              18.0625191
            ],
            [
              -104.659103,
              18.0584927
            ],
            [
              -104.663574,
              18.0545349
            ],
            [
              -104.668114,
              18.0506554
            ],
            [
              -104.672737,
              18.0468521
            ],
            [
              -104.677414,
              18.0431232
            ],
            [
              -104.682167,
              18.0394726
            ],
            [
              -104.686981,
              18.0359039
            ],
            [
              -104.691864,
              18.0324135
            ],
            [
              -104.696808,
              18.0290051
            ],
            [
              -104.70182,
              18.0256805
            ],
            [
              -104.706886,
              18.02244
            ],
            [
              -104.712006,
              18.0192814
            ],
            [
              -104.717194,
              18.0162086
            ],
            [
              -104.722427,
              18.0132236
            ],
            [
              -104.727715,
              18.0103245
            ],
            [
              -104.733063,
              18.007513
            ],
            [
              -104.738457,
              18.0047913
            ],
            [
              -104.743896,
              18.0021572
            ],
            [
              -104.74939,
              17.9996185
            ],
            [
              -104.754929,
              17.9971676
            ],
            [
              -104.760506,
              17.9948101
            ],
            [
              -104.766129,
              17.9925442
            ],
            [
              -104.77179,
              17.9903717
            ],
            [
              -104.777496,
              17.9882946
            ],
            [
              -104.783234,
              17.9863129
            ],
            [
              -104.789001,
              17.9844265
            ],
            [
              -104.794807,
              17.9826336
            ],
            [
              -104.800652,
              17.9809399
            ],
            [
              -104.806526,
              17.9793415
            ],
            [
              -104.812416,
              17.9778404
            ],
            [
              -104.818344,
              17.9764385
            ],
            [
              -104.824295,
              17.9751358
            ],
            [
              -104.830269,
              17.9739285
            ],
            [
              -104.836266,
              17.9728241
            ],
            [
              -104.84227,
              17.971817
            ],
            [
              -104.848305,
              17.9709091
            ],
            [
              -104.854347,
              17.9701042
            ],
            [
              -104.860405,
              17.9693966
            ],
            [
              -104.866478,
              17.968792
            ],
            [
              -104.872566,
              17.9682846
            ],
            [
              -104.878647,
              17.9678822
            ],
            [
              -104.88475,
              17.9675789
            ],
            [
              -104.890846,
              17.9673748
            ],
            [
              -104.896957,
              17.9672737
            ],
            [
              -104.902298,
              18.050457
            ],
            [
              -104.906883,
              18.0505333
            ],
            [
              -104.911453,
              18.050684
            ],
            [
              -104.916031,
              18.0509129
            ],
            [
              -104.920601,
              18.0512161
            ],
            [
              -104.925163,
              18.0515957
            ],
            [
              -104.929718,
              18.0520496
            ],
            [
              -104.934265,
              18.052578
            ],
            [
              -104.938805,
              18.0531864
            ],
            [
              -104.943329,
              18.0538635
            ],
            [
              -104.947838,
              18.0546207
            ],
            [
              -104.952332,
              18.0554504
            ],
            [
              -104.956825,
              18.0563545
            ],
            [
              -104.961281,
              18.057333
            ],
            [
              -104.965729,
              18.0583839
            ],
            [
              -104.970154,
              18.0595112
            ],
            [
              -104.974564,
              18.060709
            ],
            [
              -104.978935,
              18.0619812
            ],
            [
              -104.983299,
              18.0633259
            ],
            [
              -104.987625,
              18.0647411
            ],
            [
              -104.991936,
              18.0662289
            ],
            [
              -104.996208,
              18.0677872
            ],
            [
              -105.000458,
              18.069416
            ],
            [
              -105.004684,
              18.0711174
            ],
            [
              -105.008865,
              18.0728855
            ],
            [
              -105.013023,
              18.0747242
            ],
            [
              -105.017143,
              18.0766315
            ],
            [
              -105.021225,
              18.0786057
            ],
            [
              -105.025269,
              18.0806465
            ],
            [
              -105.029274,
              18.082756
            ],
            [
              -105.033249,
              18.0849323
            ],
            [
              -105.037178,
              18.0871716
            ],
            [
              -105.041069,
              18.0894794
            ],
            [
              -105.044914,
              18.0918484
            ],
            [
              -105.048706,
              18.0942802
            ],
            [
              -105.052467,
              18.0967751
            ],
            [
              -105.056175,
              18.0993309
            ],
            [
              -105.059837,
              18.1019497
            ],
            [
              -105.063446,
              18.1046295
            ],
            [
              -105.067017,
              18.1073666
            ],
            [
              -105.070526,
              18.1101627
            ],
            [
              -105.07399,
              18.113018
            ],
            [
              -105.077393,
              18.1159286
            ],
            [
              -105.08075,
              18.1188965
            ],
            [
              -105.084045,
              18.1219196
            ],
            [
              -105.087296,
              18.1249962
            ],
            [
              -105.090485,
              18.1281261
            ],
            [
              -105.093613,
              18.1313076
            ],
            [
              -105.096687,
              18.1345406
            ],
            [
              -105.099686,
              18.137825
            ],
            [
              -105.102638,
              18.1411572
            ],
            [
              -105.10553,
              18.1445408
            ],
            [
              -105.10836,
              18.1479702
            ],
            [
              -105.111115,
              18.1514454
            ],
            [
              -105.113815,
              18.1549644
            ],
            [
              -105.116447,
              18.1585312
            ],
            [
              -105.119019,
              18.162138
            ],
            [
              -105.121521,
              18.1657867
            ],
            [
              -105.123955,
              18.1694794
            ],
            [
              -105.12632,
              18.1732101
            ],
            [
              -105.128616,
              18.1769791
            ],
            [
              -105.130844,
              18.1807842
            ],
            [
              -105.133003,
              18.1846275
            ],
            [
              -105.135094,
              18.1885071
            ],
            [
              -105.137108,
              18.1924191
            ],
            [
              -105.139046,
              18.1963654
            ],
            [
              -105.140915,
              18.2003422
            ],
            [
              -105.142715,
              18.2043476
            ],
            [
              -105.144432,
              18.2083836
            ],
            [
              -105.146088,
              18.2124462
            ],
            [
              -105.147659,
              18.2165394
            ],
            [
              -105.149162,
              18.2206535
            ],
            [
              -105.150581,
              18.2247944
            ],
            [
              -105.151924,
              18.2289581
            ],
            [
              -105.153198,
              18.2331429
            ],
            [
              -105.154396,
              18.2373486
            ],
            [
              -105.155502,
              18.2415733
            ],
            [
              -105.156548,
              18.2458153
            ],
            [
              -105.157509,
              18.2500763
            ],
            [
              -105.158386,
              18.2543488
            ],
            [
              -105.159187,
              18.2586365
            ],
            [
              -105.159912,
              18.2629375
            ],
            [
              -105.160561,
              18.2672501
            ],
            [
              -105.161118,
              18.271574
            ],
            [
              -105.161613,
              18.2759037
            ],
            [
              -105.162018,
              18.2802429
            ],
            [
              -105.162346,
              18.284586
            ],
            [
              -105.16259,
              18.2889366
            ],
            [
              -105.16275,
              18.2932892
            ],
            [
              -105.162842,
              18.2976437
            ],
            [
              -105.250465,
              18.3025837
            ],
            [
              -105.250374,
              18.3083897
            ],
            [
              -105.250168,
              18.3141937
            ],
            [
              -105.249855,
              18.319994
            ],
            [
              -105.249443,
              18.3257885
            ],
            [
              -105.248924,
              18.3315754
            ],
            [
              -105.248291,
              18.3373508
            ],
            [
              -105.247566,
              18.3431168
            ],
            [
              -105.246719,
              18.3488693
            ],
            [
              -105.245773,
              18.3546047
            ],
            [
              -105.24472,
              18.3603268
            ],
            [
              -105.243568,
              18.3660297
            ],
            [
              -105.242302,
              18.3717117
            ],
            [
              -105.240936,
              18.3773727
            ],
            [
              -105.239471,
              18.383009
            ],
            [
              -105.2379,
              18.3886223
            ],
            [
              -105.236221,
              18.394207
            ],
            [
              -105.234444,
              18.399765
            ],
            [
              -105.232567,
              18.4052906
            ],
            [
              -105.230583,
              18.4107838
            ],
            [
              -105.2285,
              18.4162445
            ],
            [
              -105.226311,
              18.4216728
            ],
            [
              -105.22403,
              18.4270592
            ],
            [
              -105.221649,
              18.4324093
            ],
            [
              -105.21917,
              18.4377174
            ],
            [
              -105.216599,
              18.4429855
            ],
            [
              -105.213921,
              18.4482098
            ],
            [
              -105.211151,
              18.4533882
            ],
            [
              -105.208282,
              18.4585209
            ],
            [
              -105.205322,
              18.463604
            ],
            [
              -105.202271,
              18.4686375
            ],
            [
              -105.199127,
              18.4736214
            ],
            [
              -105.195892,
              18.4785519
            ],
            [
              -105.192566,
              18.483427
            ],
            [
              -105.189148,
              18.4882469
            ],
            [
              -105.185646,
              18.4930077
            ],
            [
              -105.182053,
              18.4977131
            ],
            [
              -105.178383,
              18.5023556
            ],
            [
              -105.174614,
              18.506937
            ],
            [
              -105.170761,
              18.5114555
            ],
            [
              -105.16684,
              18.5159092
            ],
            [
              -105.162827,
              18.520298
            ],
            [
              -105.158737,
              18.5246181
            ],
            [
              -105.154564,
              18.5288734
            ],
            [
              -105.150314,
              18.5330563
            ],
            [
              -105.145988,
              18.5371666
            ],
            [
              -105.141594,
              18.5412064
            ],
            [
              -105.137115,
              18.5451736
            ],
            [
              -105.132568,
              18.5490646
            ],
            [
              -105.127953,
              18.5528793
            ],
            [
              -105.12326,
              18.5566177
            ],
            [
              -105.118507,
              18.5602779
            ],
            [
              -105.113686,
              18.5638599
            ],
            [
              -105.108795,
              18.5673599
            ],
            [
              -105.103844,
              18.5707798
            ],
            [
              -105.098831,
              18.5741158
            ],
            [
              -105.093758,
              18.5773678
            ],
            [
              -105.088615,
              18.5805359
            ],
            [
              -105.083427,
              18.5836182
            ],
            [
              -105.078178,
              18.5866146
            ],
            [
              -105.072876,
              18.5895233
            ],
            [
              -105.06752,
              18.5923424
            ],
            [
              -105.062119,
              18.5950737
            ],
            [
              -105.056656,
              18.5977154
            ],
            [
              -105.051155,
              18.6002655
            ],
            [
              -105.045601,
              18.6027241
            ],
            [
              -105.040009,
              18.6050892
            ],
            [
              -105.034363,
              18.6073627
            ],
            [
              -105.028687,
              18.6095409
            ],
            [
              -105.022964,
              18.6116276
            ],
            [
              -105.017204,
              18.6136169
            ],
            [
              -105.011414,
              18.6155109
            ],
            [
              -105.005592,
              18.6173096
            ],
            [
              -104.999733,
              18.6190109
            ],
            [
              -104.993843,
              18.6206131
            ],
            [
              -104.987923,
              18.6221199
            ],
            [
              -104.981979,
              18.6235275
            ],
            [
              -104.976006,
              18.624836
            ],
            [
              -104.970009,
              18.6260471
            ],
            [
              -104.964005,
              18.6271572
            ],
            [
              -104.957962,
              18.6281681
            ],
            [
              -104.951912,
              18.6290779
            ],
            [
              -104.945839,
              18.6298866
            ],
            [
              -104.939758,
              18.6305962
            ],
            [
              -104.93367,
              18.6312027
            ],
            [
              -104.927559,
              18.631712
            ],
            [
              -104.921448,
              18.6321163
            ],
            [
              -104.915329,
              18.6324215
            ],
            [
              -104.909203,
              18.6326256
            ],
            [
              -104.903076,
              18.6327267
            ],
            [
              -104.896179,
              18.7159061
            ]
          ]
        ]
      },
      "properties": {
        "RADII": 64,
        "STORMID": "ep202026",
        "BASIN": "ep",
        "STORMNUM": 20,
        "ADVNUM": "14A",
        "VALIDTIME": "2026101109",
        "SYNOPTIME": "2026101018",
        "TIMEZONE": "UTC",
        "TAU": 12,
        "NE": 25,
        "SE": 20,
        "SW": 15,
        "NW": 20,
        "nhc_product": "wind_radii",
        "atcf": "ep202026",
        "storm_name": "Simon",
        "storm_id": "20E"
      }
    },
    {
      "type": "Feature",
      "geometry": {
        "type": "Polygon",
        "coordinates": [
          [
            [
              -105.090706,
              20.3981762
            ],
            [
              -105.072128,
              20.397871
            ],
            [
              -105.053551,
              20.3972588
            ],
            [
              -105.034996,
              20.3963432
            ],
            [
              -105.016449,
              20.3951187
            ],
            [
              -104.997932,
              20.3935928
            ],
            [
              -104.979454,
              20.391758
            ],
            [
              -104.961006,
              20.3896217
            ],
            [
              -104.942612,
              20.3871822
            ],
            [
              -104.924255,
              20.3844395
            ],
            [
              -104.905952,
              20.3813953
            ],
            [
              -104.887711,
              20.3780518
            ],
            [
              -104.869545,
              20.3744068
            ],
            [
              -104.85144,
              20.3704643
            ],
            [
              -104.833412,
              20.3662243
            ],
            [
              -104.815475,
              20.3616867
            ],
            [
              -104.797623,
              20.3568535
            ],
            [
              -104.779869,
              20.3517323
            ],
            [
              -104.762199,
              20.3463154
            ],
            [
              -104.744652,
              20.3406105
            ],
            [
              -104.727203,
              20.3346157
            ],
            [
              -104.709877,
              20.3283367
            ],
            [
              -104.692665,
              20.3217716
            ],
            [
              -104.675583,
              20.3149242
            ],
            [
              -104.658638,
              20.3077984
            ],
            [
              -104.641823,
              20.300396
            ],
            [
              -104.625145,
              20.2927151
            ],
            [
              -104.608627,
              20.2847614
            ],
            [
              -104.592247,
              20.2765369
            ],
            [
              -104.576035,
              20.2680435
            ],
            [
              -104.559982,
              20.2592888
            ],
            [
              -104.54409,
              20.2502651
            ],
            [
              -104.528381,
              20.240984
            ],
            [
              -104.512848,
              20.2314472
            ],
            [
              -104.49749,
              20.2216549
            ],
            [
              -104.482323,
              20.2116108
            ],
            [
              -104.467346,
              20.2013187
            ],
            [
              -104.45256,
              20.1907806
            ],
            [
              -104.437981,
              20.1800041
            ],
            [
              -104.423599,
              20.1689873
            ],
            [
              -104.409439,
              20.1577358
            ],
            [
              -104.395477,
              20.1462517
            ],
            [
              -104.381737,
              20.1345406
            ],
            [
              -104.368225,
              20.1226063
            ],
            [
              -104.354942,
              20.1104488
            ],
            [
              -104.341881,
              20.0980759
            ],
            [
              -104.329056,
              20.0854893
            ],
            [
              -104.316467,
              20.0726948
            ],
            [
              -104.304115,
              20.0596943
            ],
            [
              -104.292015,
              20.0464916
            ],
            [
              -104.280167,
              20.0330944
            ],
            [
              -104.268562,
              20.0195026
            ],
            [
              -104.257225,
              20.0057201
            ],
            [
              -104.24614,
              19.9917564
            ],
            [
              -104.235321,
              19.9776115
            ],
            [
              -104.22477,
              19.9632893
            ],
            [
              -104.214485,
              19.9487953
            ],
            [
              -104.204468,
              19.9341373
            ],
            [
              -104.194733,
              19.9193134
            ],
            [
              -104.18528,
              19.9043331
            ],
            [
              -104.176094,
              19.8891983
            ],
            [
              -104.167206,
              19.8739166
            ],
            [
              -104.1586,
              19.85849
            ],
            [
              -104.150284,
              19.8429241
            ],
            [
              -104.142258,
              19.8272228
            ],
            [
              -104.134529,
              19.8113937
            ],
            [
              -104.12709,
              19.7954388
            ],
            [
              -104.119949,
              19.7793655
            ],
            [
              -104.113121,
              19.763176
            ],
            [
              -104.106583,
              19.7468758
            ],
            [
              -104.100357,
              19.7304707
            ],
            [
              -104.094437,
              19.7139645
            ],
            [
              -104.088821,
              19.6973667
            ],
            [
              -104.083511,
              19.6806774
            ],
            [
              -104.078522,
              19.6639023
            ],
            [
              -104.073845,
              19.647049
            ],
            [
              -104.069473,
              19.6301174
            ],
            [
              -104.065422,
              19.613121
            ],
            [
              -104.061684,
              19.5960598
            ],
            [
              -104.058266,
              19.5789394
            ],
            [
              -104.055168,
              19.5617657
            ],
            [
              -104.052391,
              19.5445404
            ],
            [
              -104.049919,
              19.5272751
            ],
            [
              -104.047783,
              19.5099716
            ],
            [
              -104.045967,
              19.4926338
            ],
            [
              -104.044464,
              19.4752731
            ],
            [
              -104.043289,
              19.4578857
            ],
            [
              -104.042435,
              19.4404831
            ],
            [
              -104.041908,
              19.4230709
            ],
            [
              -104.041702,
              19.4056492
            ],
            [
              -104.041817,
              19.3882275
            ],
            [
              -104.042244,
              19.3708115
            ],
            [
              -104.043007,
              19.3534069
            ],
            [
              -104.044083,
              19.3360157
            ],
            [
              -104.045486,
              19.3186455
            ],
            [
              -104.047203,
              19.3012981
            ],
            [
              -104.049248,
              19.2839851
            ],
            [
              -104.051605,
              19.2667065
            ],
            [
              -104.054291,
              19.2494717
            ],
            [
              -104.057281,
              19.2322788
            ],
            [
              -104.060593,
              19.2151451
            ],
            [
              -104.064224,
              19.1980629
            ],
            [
              -104.068169,
              19.1810436
            ],
            [
              -104.072418,
              19.164093
            ],
            [
              -104.076988,
              19.1472149
            ],
            [
              -104.081871,
              19.130415
            ],
            [
              -104.087051,
              19.1136951
            ],
            [
              -104.092545,
              19.0970669
            ],
            [
              -104.098343,
              19.0805283
            ],
            [
              -104.104439,
              19.0640907
            ],
            [
              -104.110847,
              19.0477543
            ],
            [
              -104.117546,
              19.0315266
            ],
            [
              -104.124542,
              19.0154114
            ],
            [
              -104.131836,
              18.9994106
            ],
            [
              -104.139427,
              18.9835358
            ],
            [
              -104.147301,
              18.9677887
            ],
            [
              -104.155472,
              18.9521732
            ],
            [
              -104.163918,
              18.9366932
            ],
            [
              -104.172653,
              18.9213562
            ],
            [
              -104.181664,
              18.9061642
            ],
            [
              -104.190956,
              18.8911209
            ],
            [
              -104.200523,
              18.876236
            ],
            [
              -104.210358,
              18.8615093
            ],
            [
              -104.220459,
              18.8469467
            ],
            [
              -104.230827,
              18.832552
            ],
            [
              -104.241463,
              18.8183327
            ],
            [
              -104.25235,
              18.804287
            ],
            [
              -104.263496,
              18.7904263
            ],
            [
              -104.274887,
              18.7767506
            ],
            [
              -104.286545,
              18.7632618
            ],
            [
              -104.298424,
              18.7499695
            ],
            [
              -104.310562,
              18.7368717
            ],
            [
              -104.322929,
              18.7239761
            ],
            [
              -104.335533,
              18.7112885
            ],
            [
              -104.348366,
              18.6988087
            ],
            [
              -104.361427,
              18.6865444
            ],
            [
              -104.374702,
              18.6744957
            ],
            [
              -104.388206,
              18.6626644
            ],
            [
              -104.401924,
              18.6510601
            ],
            [
              -104.41584,
              18.6396828
            ],
            [
              -104.429977,
              18.6285362
            ],
            [
              -104.444305,
              18.6176243
            ],
            [
              -104.458832,
              18.6069489
            ],
            [
              -104.473549,
              18.5965157
            ],
            [
              -104.488464,
              18.5863266
            ],
            [
              -104.503548,
              18.5763817
            ],
            [
              -104.518822,
              18.5666885
            ],
            [
              -104.534264,
              18.5572472
            ],
            [
              -104.549881,
              18.5480633
            ],
            [
              -104.565659,
              18.5391369
            ],
            [
              -104.581596,
              18.5304718
            ],
            [
              -104.597694,
              18.5220699
            ],
            [
              -104.613937,
              18.5139332
            ],
            [
              -104.630333,
              18.5060673
            ],
            [
              -104.646858,
              18.4984703
            ],
            [
              -104.663536,
              18.491148
            ],
            [
              -104.680328,
              18.4841022
            ],
            [
              -104.697258,
              18.4773312
            ],
            [
              -104.714302,
              18.4708405
            ],
            [
              -104.731461,
              18.464632
            ],
            [
              -104.748734,
              18.4587097
            ],
            [
              -104.766113,
              18.4530697
            ],
            [
              -104.783585,
              18.4477158
            ],
            [
              -104.801155,
              18.4426517
            ],
            [
              -104.818817,
              18.4378757
            ],
            [
              -104.836563,
              18.4333935
            ],
            [
              -104.854393,
              18.4292049
            ],
            [
              -104.872284,
              18.4253082
            ],
            [
              -104.890251,
              18.4217052
            ],
            [
              -104.908279,
              18.4184017
            ],
            [
              -104.926369,
              18.4153957
            ],
            [
              -104.944504,
              18.4126835
            ],
            [
              -104.962692,
              18.4102745
            ],
            [
              -104.980911,
              18.4081631
            ],
            [
              -104.999176,
              18.406353
            ],
            [
              -105.017464,
              18.4048443
            ],
            [
              -105.035782,
              18.403635
            ],
            [
              -105.054115,
              18.4027309
            ],
            [
              -105.072464,
              18.4021263
            ],
            [
              -105.09082,
              18.401823
            ],
            [
              -105.107658,
              18.5681839
            ],
            [
              -105.122971,
              18.5684357
            ],
            [
              -105.138283,
              18.5689411
            ],
            [
              -105.153572,
              18.5696983
            ],
            [
              -105.168854,
              18.5707035
            ],
            [
              -105.184113,
              18.5719643
            ],
            [
              -105.199341,
              18.573473
            ],
            [
              -105.214539,
              18.5752335
            ],
            [
              -105.229706,
              18.5772457
            ],
            [
              -105.244835,
              18.579504
            ],
            [
              -105.259926,
              18.5820122
            ],
            [
              -105.274963,
              18.5847683
            ],
            [
              -105.289948,
              18.5877724
            ],
            [
              -105.304878,
              18.5910225
            ],
            [
              -105.319748,
              18.5945168
            ],
            [
              -105.334549,
              18.598259
            ],
            [
              -105.349274,
              18.6022396
            ],
            [
              -105.36393,
              18.6064644
            ],
            [
              -105.378502,
              18.6109276
            ],
            [
              -105.392998,
              18.6156349
            ],
            [
              -105.407402,
              18.620575
            ],
            [
              -105.421715,
              18.6257534
            ],
            [
              -105.435936,
              18.6311684
            ],
            [
              -105.450043,
              18.6368122
            ],
            [
              -105.46405,
              18.6426926
            ],
            [
              -105.477951,
              18.6487999
            ],
            [
              -105.491745,
              18.6551323
            ],
            [
              -105.505409,
              18.6616955
            ],
            [
              -105.518951,
              18.6684818
            ],
            [
              -105.532379,
              18.6754894
            ],
            [
              -105.54567,
              18.6827145
            ],
            [
              -105.558823,
              18.6901608
            ],
            [
              -105.571838,
              18.6978226
            ],
            [
              -105.584724,
              18.7056961
            ],
            [
              -105.59745,
              18.7137814
            ],
            [
              -105.610031,
              18.7220726
            ],
            [
              -105.622459,
              18.7305717
            ],
            [
              -105.634735,
              18.739275
            ],
            [
              -105.646843,
              18.7481766
            ],
            [
              -105.658791,
              18.7572765
            ],
            [
              -105.670563,
              18.766573
            ],
            [
              -105.682167,
              18.7760601
            ],
            [
              -105.693604,
              18.785738
            ],
            [
              -105.704849,
              18.7956047
            ],
            [
              -105.715919,
              18.8056526
            ],
            [
              -105.726807,
              18.8158817
            ],
            [
              -105.737503,
              18.8262882
            ],
            [
              -105.748001,
              18.8368683
            ],
            [
              -105.758301,
              18.8476219
            ],
            [
              -105.76841,
              18.8585415
            ],
            [
              -105.77832,
              18.869627
            ],
            [
              -105.788025,
              18.8808746
            ],
            [
              -105.797516,
              18.8922768
            ],
            [
              -105.806801,
              18.9038353
            ],
            [
              -105.81588,
              18.9155464
            ],
            [
              -105.82473,
              18.9274044
            ],
            [
              -105.833359,
              18.9394073
            ],
            [
              -105.841774,
              18.9515476
            ],
            [
              -105.849968,
              18.9638271
            ],
            [
              -105.857933,
              18.9762402
            ],
            [
              -105.865669,
              18.9887791
            ],
            [
              -105.873169,
              19.0014458
            ],
            [
              -105.880432,
              19.0142365
            ],
            [
              -105.887474,
              19.0271397
            ],
            [
              -105.894264,
              19.0401592
            ],
            [
              -105.900818,
              19.0532894
            ],
            [
              -105.907135,
              19.0665245
            ],
            [
              -105.9132,
              19.0798607
            ],
            [
              -105.919022,
              19.0932961
            ],
            [
              -105.924591,
              19.1068249
            ],
            [
              -105.929916,
              19.1204414
            ],
            [
              -105.93499,
              19.1341476
            ],
            [
              -105.939812,
              19.147934
            ],
            [
              -105.944374,
              19.1617947
            ],
            [
              -105.948685,
              19.1757298
            ],
            [
              -105.952736,
              19.1897335
            ],
            [
              -105.956528,
              19.203804
            ],
            [
              -105.96006,
              19.2179337
            ],
            [
              -105.963333,
              19.2321167
            ],
            [
              -105.966339,
              19.246357
            ],
            [
              -105.969086,
              19.2606411
            ],
            [
              -105.971573,
              19.2749691
            ],
            [
              -105.973793,
              19.2893333
            ],
            [
              -105.975739,
              19.3037319
            ],
            [
              -105.977425,
              19.3181648
            ],
            [
              -105.978844,
              19.3326206
            ],
            [
              -105.979996,
              19.3470974
            ],
            [
              -105.980881,
              19.3615913
            ],
            [
              -105.981491,
              19.3760967
            ],
            [
              -105.981842,
              19.3906116
            ],
            [
              -106.15831,
              19.4056454
            ],
            [
              -106.158104,
              19.4230633
            ],
            [
              -106.15757,
              19.4404774
            ],
            [
              -106.156715,
              19.45788
            ],
            [
              -106.15554,
              19.4752674
            ],
            [
              -106.154037,
              19.4926319
            ],
            [
              -106.152222,
              19.5099678
            ],
            [
              -106.150085,
              19.5272713
            ],
            [
              -106.147621,
              19.5445366
            ],
            [
              -106.144836,
              19.5617599
            ],
            [
              -106.141739,
              19.5789337
            ],
            [
              -106.138321,
              19.596056
            ],
            [
              -106.13459,
              19.6131153
            ],
            [
              -106.130539,
              19.6301136
            ],
            [
              -106.126167,
              19.6470432
            ],
            [
              -106.121483,
              19.6638966
            ],
            [
              -106.116493,
              19.6806698
            ],
            [
              -106.111183,
              19.697361
            ],
            [
              -106.105576,
              19.7139606
            ],
            [
              -106.099648,
              19.7304649
            ],
            [
              -106.093422,
              19.7468719
            ],
            [
              -106.086891,
              19.7631702
            ],
            [
              -106.080055,
              19.7793598
            ],
            [
              -106.072914,
              19.795435
            ],
            [
              -106.065475,
              19.8113899
            ],
            [
              -106.057755,
              19.8272209
            ],
            [
              -106.049728,
              19.8429203
            ],
            [
              -106.041412,
              19.8584862
            ],
            [
              -106.032806,
              19.8739128
            ],
            [
              -106.023911,
              19.8891964
            ],
            [
              -106.014732,
              19.9043293
            ],
            [
              -106.00528,
              19.9193096
            ],
            [
              -105.995537,
              19.9341316
            ],
            [
              -105.985527,
              19.9487934
            ],
            [
              -105.975243,
              19.9632854
            ],
            [
              -105.964684,
              19.9776058
            ],
            [
              -105.953865,
              19.9917526
            ],
            [
              -105.942787,
              20.0057163
            ],
            [
              -105.931442,
              20.0194969
            ],
            [
              -105.919846,
              20.0330906
            ],
            [
              -105.907997,
              20.0464878
            ],
            [
              -105.895889,
              20.0596905
            ],
            [
              -105.883553,
              20.072691
            ],
            [
              -105.870964,
              20.0854855
            ],
            [
              -105.858131,
              20.098074
            ],
            [
              -105.845078,
              20.110445
            ],
            [
              -105.831787,
              20.1226025
            ],
            [
              -105.818268,
              20.1345367
            ],
            [
              -105.804535,
              20.1462479
            ],
            [
              -105.790581,
              20.157732
            ],
            [
              -105.776413,
              20.1689835
            ],
            [
              -105.762032,
              20.1800003
            ],
            [
              -105.747452,
              20.1907787
            ],
            [
              -105.732674,
              20.2013149
            ],
            [
              -105.71769,
              20.211607
            ],
            [
              -105.702522,
              20.221653
            ],
            [
              -105.687164,
              20.2314434
            ],
            [
              -105.671631,
              20.2409821
            ],
            [
              -105.655914,
              20.2502632
            ],
            [
              -105.64003,
              20.259285
            ],
            [
              -105.623978,
              20.2680435
            ],
            [
              -105.607758,
              20.276535
            ],
            [
              -105.591385,
              20.2847595
            ],
            [
              -105.574867,
              20.2927132
            ],
            [
              -105.558197,
              20.3003922
            ],
            [
              -105.541374,
              20.3077965
            ],
            [
              -105.524422,
              20.3149242
            ],
            [
              -105.507339,
              20.3217716
            ],
            [
              -105.490135,
              20.3283348
            ],
            [
              -105.472809,
              20.3346157
            ],
            [
              -105.455368,
              20.3406086
            ],
            [
              -105.437813,
              20.3463135
            ],
            [
              -105.420151,
              20.3517303
            ],
            [
              -105.40239,
              20.3568535
            ],
            [
              -105.384537,
              20.3616848
            ],
            [
              -105.366592,
              20.3662224
            ],
            [
              -105.348572,
              20.3704624
            ],
            [
              -105.330467,
              20.3744068
            ],
            [
              -105.312302,
              20.3780518
            ],
            [
              -105.29406,
              20.3813953
            ],
            [
              -105.275757,
              20.3844395
            ],
            [
              -105.257408,
              20.3871803
            ],
            [
              -105.239006,
              20.3896217
            ],
            [
              -105.220558,
              20.3917561
            ],
            [
              -105.202072,
              20.393589
            ],
            [
              -105.183563,
              20.3951187
            ],
            [
              -105.165024,
              20.3963394
            ],
            [
              -105.146461,
              20.3972588
            ],
            [
              -105.127884,
              20.397871
            ],
            [
              -105.109299,
              20.3981762
            ],
            [
              -105.090706,
              20.3981762
            ]
          ]
        ]
      },
      "properties": {
        "RADII": 34,
        "STORMID": "ep202026",
        "BASIN": "ep",
        "STORMNUM": 20,
        "ADVNUM": "14A",
        "VALIDTIME": "2026101121",
        "SYNOPTIME": "2026101018",
        "TIMEZONE": "UTC",
        "TAU": 24,
        "NE": 60,
        "SE": 60,
        "SW": 50,
        "NW": 60,
        "nhc_product": "wind_radii",
        "atcf": "ep202026",
        "storm_name": "Simon",
        "storm_id": "20E"
      }
    },
    {
      "type": "Feature",
      "geometry": {
        "type": "Polygon",
        "coordinates": [
          [
            [
              -105.094597,
              19.9822712
            ],
            [
              -105.083778,
              19.9820919
            ],
            [
              -105.072975,
              19.9817371
            ],
            [
              -105.06218,
              19.9812012
            ],
            [
              -105.051392,
              19.9804916
            ],
            [
              -105.040619,
              19.9796009
            ],
            [
              -105.029861,
              19.9785366
            ],
            [
              -105.019135,
              19.977293
            ],
            [
              -105.008423,
              19.975872
            ],
            [
              -104.997749,
              19.9742775
            ],
            [
              -104.987099,
              19.9725056
            ],
            [
              -104.976486,
              19.9705601
            ],
            [
              -104.965912,
              19.9684391
            ],
            [
              -104.955383,
              19.9661465
            ],
            [
              -104.944893,
              19.9636784
            ],
            [
              -104.934448,
              19.9610386
            ],
            [
              -104.924057,
              19.9582291
            ],
            [
              -104.913727,
              19.9552479
            ],
            [
              -104.903442,
              19.952095
            ],
            [
              -104.893227,
              19.9487762
            ],
            [
              -104.883072,
              19.9452877
            ],
            [
              -104.872978,
              19.9416351
            ],
            [
              -104.862968,
              19.9378147
            ],
            [
              -104.853027,
              19.9338303
            ],
            [
              -104.843155,
              19.9296818
            ],
            [
              -104.833359,
              19.9253712
            ],
            [
              -104.823654,
              19.9209042
            ],
            [
              -104.814034,
              19.9162731
            ],
            [
              -104.804497,
              19.9114895
            ],
            [
              -104.795052,
              19.9065456
            ],
            [
              -104.785698,
              19.9014473
            ],
            [
              -104.776451,
              19.8961983
            ],
            [
              -104.767288,
              19.8907948
            ],
            [
              -104.75824,
              19.8852444
            ],
            [
              -104.74929,
              19.8795452
            ],
            [
              -104.740456,
              19.8736973
            ],
            [
              -104.731728,
              19.8677063
            ],
            [
              -104.723114,
              19.8615742
            ],
            [
              -104.714607,
              19.855299
            ],
            [
              -104.70623,
              19.8488865
            ],
            [
              -104.697975,
              19.8423347
            ],
            [
              -104.689835,
              19.8356495
            ],
            [
              -104.681824,
              19.8288307
            ],
            [
              -104.673943,
              19.8218822
            ],
            [
              -104.666191,
              19.8148022
            ],
            [
              -104.658569,
              19.8075981
            ],
            [
              -104.651093,
              19.800272
            ],
            [
              -104.643738,
              19.79282
            ],
            [
              -104.636536,
              19.7852478
            ],
            [
              -104.629471,
              19.7775612
            ],
            [
              -104.622551,
              19.7697582
            ],
            [
              -104.615784,
              19.7618427
            ],
            [
              -104.609161,
              19.7538166
            ],
            [
              -104.602684,
              19.7456837
            ],
            [
              -104.596367,
              19.737442
            ],
            [
              -104.590195,
              19.7291012
            ],
            [
              -104.58419,
              19.7206593
            ],
            [
              -104.578331,
              19.7121201
            ],
            [
              -104.572647,
              19.7034836
            ],
            [
              -104.567108,
              19.6947575
            ],
            [
              -104.561745,
              19.6859417
            ],
            [
              -104.556541,
              19.6770363
            ],
            [
              -104.551506,
              19.6680489
            ],
            [
              -104.546638,
              19.6589794
            ],
            [
              -104.541939,
              19.6498299
            ],
            [
              -104.537407,
              19.6406078
            ],
            [
              -104.533058,
              19.6313076
            ],
            [
              -104.52887,
              19.6219406
            ],
            [
              -104.524857,
              19.612505
            ],
            [
              -104.521027,
              19.6030064
            ],
            [
              -104.517372,
              19.5934429
            ],
            [
              -104.513901,
              19.5838223
            ],
            [
              -104.510597,
              19.5741482
            ],
            [
              -104.507484,
              19.5644207
            ],
            [
              -104.504547,
              19.5546417
            ],
            [
              -104.501785,
              19.5448132
            ],
            [
              -104.499222,
              19.5349464
            ],
            [
              -104.496826,
              19.5250378
            ],
            [
              -104.494621,
              19.515089
            ],
            [
              -104.492599,
              19.5051041
            ],
            [
              -104.490768,
              19.4950924
            ],
            [
              -104.48912,
              19.4850483
            ],
            [
              -104.487656,
              19.4749794
            ],
            [
              -104.486389,
              19.4648876
            ],
            [
              -104.485291,
              19.4547768
            ],
            [
              -104.48439,
              19.4446507
            ],
            [
              -104.483681,
              19.4345093
            ],
            [
              -104.483154,
              19.4243603
            ],
            [
              -104.482819,
              19.4142017
            ],
            [
              -104.482674,
              19.4040394
            ],
            [
              -104.570892,
              19.3948784
            ],
            [
              -104.571083,
              19.3861694
            ],
            [
              -104.571426,
              19.3774662
            ],
            [
              -104.571938,
              19.3687687
            ],
            [
              -104.572609,
              19.3600807
            ],
            [
              -104.573441,
              19.3514042
            ],
            [
              -104.57444,
              19.3427448
            ],
            [
              -104.575584,
              19.3341026
            ],
            [
              -104.576904,
              19.3254795
            ],
            [
              -104.578377,
              19.3168793
            ],
            [
              -104.580009,
              19.3083057
            ],
            [
              -104.581787,
              19.2997627
            ],
            [
              -104.58374,
              19.2912445
            ],
            [
              -104.585838,
              19.2827644
            ],
            [
              -104.588104,
              19.2743168
            ],
            [
              -104.590515,
              19.2659092
            ],
            [
              -104.593086,
              19.2575436
            ],
            [
              -104.595802,
              19.2492218
            ],
            [
              -104.598686,
              19.2409458
            ],
            [
              -104.601715,
              19.2327175
            ],
            [
              -104.604897,
              19.2245388
            ],
            [
              -104.608223,
              19.2164173
            ],
            [
              -104.61171,
              19.2083473
            ],
            [
              -104.615334,
              19.2003403
            ],
            [
              -104.61911,
              19.1923904
            ],
            [
              -104.623032,
              19.1845074
            ],
            [
              -104.627098,
              19.1766911
            ],
            [
              -104.631302,
              19.1689377
            ],
            [
              -104.635651,
              19.1612587
            ],
            [
              -104.640144,
              19.1536503
            ],
            [
              -104.644775,
              19.1461182
            ],
            [
              -104.649544,
              19.1386623
            ],
            [
              -104.654457,
              19.1312885
            ],
            [
              -104.6595,
              19.1239948
            ],
            [
              -104.664665,
              19.116787
            ],
            [
              -104.669975,
              19.109663
            ],
            [
              -104.675415,
              19.1026268
            ],
            [
              -104.680977,
              19.0956841
            ],
            [
              -104.686676,
              19.0888329
            ],
            [
              -104.69249,
              19.0820751
            ],
            [
              -104.698425,
              19.0754147
            ],
            [
              -104.704491,
              19.0688553
            ],
            [
              -104.710678,
              19.0623932
            ],
            [
              -104.716972,
              19.056036
            ],
            [
              -104.723396,
              19.0497856
            ],
            [
              -104.729919,
              19.0436382
            ],
            [
              -104.736565,
              19.0375996
            ],
            [
              -104.743317,
              19.0316715
            ],
            [
              -104.750175,
              19.0258579
            ],
            [
              -104.757141,
              19.020155
            ],
            [
              -104.764214,
              19.0145683
            ],
            [
              -104.771385,
              19.0091019
            ],
            [
              -104.778656,
              19.0037498
            ],
            [
              -104.786018,
              18.9985218
            ],
            [
              -104.793488,
              18.993412
            ],
            [
              -104.801041,
              18.9884281
            ],
            [
              -104.808685,
              18.9835701
            ],
            [
              -104.816422,
              18.978838
            ],
            [
              -104.824242,
              18.9742336
            ],
            [
              -104.832146,
              18.969759
            ],
            [
              -104.840126,
              18.965416
            ],
            [
              -104.84819,
              18.9612026
            ],
            [
              -104.856331,
              18.9571228
            ],
            [
              -104.86454,
              18.9531803
            ],
            [
              -104.872826,
              18.9493732
            ],
            [
              -104.881172,
              18.9456997
            ],
            [
              -104.889595,
              18.9421673
            ],
            [
              -104.898079,
              18.9387741
            ],
            [
              -104.906616,
              18.9355202
            ],
            [
              -104.915222,
              18.9324074
            ],
            [
              -104.923874,
              18.9294357
            ],
            [
              -104.932579,
              18.9266071
            ],
            [
              -104.941345,
              18.9239235
            ],
            [
              -104.950157,
              18.9213848
            ],
            [
              -104.959007,
              18.9189911
            ],
            [
              -104.967903,
              18.9167423
            ],
            [
              -104.976845,
              18.9146404
            ],
            [
              -104.985809,
              18.9126873
            ],
            [
              -104.99482,
              18.910881
            ],
            [
              -105.00386,
              18.9092236
            ],
            [
              -105.012924,
              18.9077168
            ],
            [
              -105.022026,
              18.9063587
            ],
            [
              -105.031143,
              18.9051495
            ],
            [
              -105.040283,
              18.9040909
            ],
            [
              -105.049438,
              18.903183
            ],
            [
              -105.058609,
              18.9024258
            ],
            [
              -105.067802,
              18.9018211
            ],
            [
              -105.076996,
              18.9013653
            ],
            [
              -105.086189,
              18.901062
            ],
            [
              -105.095398,
              18.9009113
            ],
            [
              -105.103844,
              18.9840927
            ],
            [
              -105.111519,
              18.9842186
            ],
            [
              -105.119186,
              18.9844723
            ],
            [
              -105.126854,
              18.984848
            ],
            [
              -105.134506,
              18.9853535
            ],
            [
              -105.142159,
              18.9859867
            ],
            [
              -105.149796,
              18.986742
            ],
            [
              -105.15741,
              18.9876232
            ],
            [
              -105.165024,
              18.9886322
            ],
            [
              -105.1726,
              18.9897671
            ],
            [
              -105.180161,
              18.991024
            ],
            [
              -105.187698,
              18.9924049
            ],
            [
              -105.195213,
              18.9939117
            ],
            [
              -105.20269,
              18.9955406
            ],
            [
              -105.210144,
              18.9972916
            ],
            [
              -105.21756,
              18.9991646
            ],
            [
              -105.224937,
              19.0011616
            ],
            [
              -105.232285,
              19.0032787
            ],
            [
              -105.239586,
              19.0055161
            ],
            [
              -105.246849,
              19.0078735
            ],
            [
              -105.254066,
              19.0103493
            ],
            [
              -105.26123,
              19.0129452
            ],
            [
              -105.268356,
              19.0156574
            ],
            [
              -105.275421,
              19.0184898
            ],
            [
              -105.282448,
              19.0214348
            ],
            [
              -105.289406,
              19.0244942
            ],
            [
              -105.29631,
              19.0276699
            ],
            [
              -105.303154,
              19.0309582
            ],
            [
              -105.309944,
              19.0343571
            ],
            [
              -105.316666,
              19.0378704
            ],
            [
              -105.323318,
              19.0414925
            ],
            [
              -105.32991,
              19.0452213
            ],
            [
              -105.336426,
              19.0490589
            ],
            [
              -105.342873,
              19.0530052
            ],
            [
              -105.349243,
              19.0570564
            ],
            [
              -105.355545,
              19.0612106
            ],
            [
              -105.361755,
              19.0654697
            ],
            [
              -105.367905,
              19.069828
            ],
            [
              -105.373962,
              19.0742912
            ],
            [
              -105.379936,
              19.0788479
            ],
            [
              -105.385826,
              19.0835056
            ],
            [
              -105.391632,
              19.0882587
            ],
            [
              -105.397346,
              19.0931053
            ],
            [
              -105.402977,
              19.0980473
            ],
            [
              -105.408516,
              19.1030807
            ],
            [
              -105.413956,
              19.1082058
            ],
            [
              -105.419304,
              19.1134167
            ],
            [
              -105.424553,
              19.1187172
            ],
            [
              -105.429703,
              19.1241016
            ],
            [
              -105.434761,
              19.1295719
            ],
            [
              -105.439713,
              19.1351242
            ],
            [
              -105.44455,
              19.1407566
            ],
            [
              -105.449303,
              19.1464672
            ],
            [
              -105.453934,
              19.1522579
            ],
            [
              -105.458466,
              19.1581211
            ],
            [
              -105.462883,
              19.1640568
            ],
            [
              -105.467194,
              19.1700649
            ],
            [
              -105.471397,
              19.1761456
            ],
            [
              -105.475479,
              19.1822948
            ],
            [
              -105.479454,
              19.188509
            ],
            [
              -105.483315,
              19.1947861
            ],
            [
              -105.487061,
              19.2011261
            ],
            [
              -105.490677,
              19.2075291
            ],
            [
              -105.494179,
              19.2139893
            ],
            [
              -105.497566,
              19.2205086
            ],
            [
              -105.500832,
              19.2270775
            ],
            [
              -105.503975,
              19.2337036
            ],
            [
              -105.507004,
              19.2403793
            ],
            [
              -105.509895,
              19.2471027
            ],
            [
              -105.512672,
              19.2538738
            ],
            [
              -105.515312,
              19.2606888
            ],
            [
              -105.517838,
              19.2675457
            ],
            [
              -105.520233,
              19.2744446
            ],
            [
              -105.522499,
              19.2813816
            ],
            [
              -105.524635,
              19.288353
            ],
            [
              -105.526642,
              19.2953606
            ],
            [
              -105.528526,
              19.3024006
            ],
            [
              -105.530273,
              19.3094692
            ],
            [
              -105.531891,
              19.3165665
            ],
            [
              -105.533371,
              19.3236885
            ],
            [
              -105.534729,
              19.3308334
            ],
            [
              -105.535957,
              19.3379993
            ],
            [
              -105.537041,
              19.3451862
            ],
            [
              -105.538002,
              19.3523884
            ],
            [
              -105.538826,
              19.3596058
            ],
            [
              -105.539513,
              19.3668365
            ],
            [
              -105.54007,
              19.3740768
            ],
            [
              -105.540489,
              19.3813248
            ],
            [
              -105.540787,
              19.3885784
            ],
            [
              -105.540932,
              19.3958359
            ],
            [
              -105.629143,
              19.4035873
            ],
            [
              -105.629013,
              19.4122982
            ],
            [
              -105.628723,
              19.4210052
            ],
            [
              -105.628265,
              19.4297047
            ],
            [
              -105.627647,
              19.4383965
            ],
            [
              -105.626869,
              19.4470749
            ],
            [
              -105.625938,
              19.4557419
            ],
            [
              -105.624832,
              19.4643898
            ],
            [
              -105.623581,
              19.4730206
            ],
            [
              -105.622162,
              19.4816284
            ],
            [
              -105.62059,
              19.4902096
            ],
            [
              -105.618843,
              19.4987659
            ],
            [
              -105.616951,
              19.5072918
            ],
            [
              -105.614906,
              19.5157852
            ],
            [
              -105.612694,
              19.5242443
            ],
            [
              -105.610329,
              19.5326653
            ],
            [
              -105.607811,
              19.5410461
            ],
            [
              -105.605133,
              19.5493832
            ],
            [
              -105.602295,
              19.5576744
            ],
            [
              -105.599319,
              19.5659199
            ],
            [
              -105.596176,
              19.5741158
            ],
            [
              -105.592888,
              19.5822544
            ],
            [
              -105.589447,
              19.5903397
            ],
            [
              -105.585861,
              19.5983677
            ],
            [
              -105.582123,
              19.6063366
            ],
            [
              -105.578239,
              19.6142406
            ],
            [
              -105.574211,
              19.6220818
            ],
            [
              -105.570038,
              19.6298523
            ],
            [
              -105.565712,
              19.637558
            ],
            [
              -105.561256,
              19.6451874
            ],
            [
              -105.556648,
              19.6527405
            ],
            [
              -105.55191,
              19.6602211
            ],
            [
              -105.547028,
              19.6676197
            ],
            [
              -105.542007,
              19.6749382
            ],
            [
              -105.536858,
              19.6821728
            ],
            [
              -105.53157,
              19.6893177
            ],
            [
              -105.526146,
              19.6963787
            ],
            [
              -105.520599,
              19.7033501
            ],
            [
              -105.514915,
              19.710228
            ],
            [
              -105.509109,
              19.7170105
            ],
            [
              -105.503181,
              19.7236958
            ],
            [
              -105.497124,
              19.7302818
            ],
            [
              -105.490952,
              19.7367706
            ],
            [
              -105.48465,
              19.7431545
            ],
            [
              -105.478241,
              19.7494354
            ],
            [
              -105.47171,
              19.7556076
            ],
            [
              -105.465065,
              19.761673
            ],
            [
              -105.458305,
              19.7676258
            ],
            [
              -105.451447,
              19.773468
            ],
            [
              -105.444473,
              19.7791977
            ],
            [
              -105.437386,
              19.7848091
            ],
            [
              -105.430206,
              19.7903042
            ],
            [
              -105.42292,
              19.795681
            ],
            [
              -105.415535,
              19.8009357
            ],
            [
              -105.408058,
              19.8060665
            ],
            [
              -105.400482,
              19.8110771
            ],
            [
              -105.392815,
              19.8159599
            ],
            [
              -105.385063,
              19.8207188
            ],
            [
              -105.377213,
              19.825346
            ],
            [
              -105.369286,
              19.8298454
            ],
            [
              -105.361275,
              19.8342113
            ],
            [
              -105.353188,
              19.8384457
            ],
            [
              -105.345009,
              19.8425446
            ],
            [
              -105.336769,
              19.8465118
            ],
            [
              -105.328445,
              19.8503418
            ],
            [
              -105.320061,
              19.8540344
            ],
            [
              -105.3116,
              19.8575878
            ],
            [
              -105.303085,
              19.8610001
            ],
            [
              -105.294502,
              19.8642731
            ],
            [
              -105.285851,
              19.8674049
            ],
            [
              -105.277161,
              19.8703918
            ],
            [
              -105.268402,
              19.8732357
            ],
            [
              -105.259598,
              19.8759346
            ],
            [
              -105.25074,
              19.8784885
            ],
            [
              -105.241837,
              19.8808975
            ],
            [
              -105.232895,
              19.8831596
            ],
            [
              -105.2239,
              19.885273
            ],
            [
              -105.214882,
              19.8872395
            ],
            [
              -105.205826,
              19.8890553
            ],
            [
              -105.196732,
              19.8907242
            ],
            [
              -105.187607,
              19.8922405
            ],
            [
              -105.178459,
              19.8936062
            ],
            [
              -105.169289,
              19.8948231
            ],
            [
              -105.160088,
              19.8958874
            ],
            [
              -105.150879,
              19.896801
            ],
            [
              -105.141655,
              19.8975639
            ],
            [
              -105.132416,
              19.8981724
            ],
            [
              -105.123161,
              19.8986301
            ],
            [
              -105.113899,
              19.8989353
            ],
            [
              -105.104645,
              19.8990879
            ],
            [
              -105.094597,
              19.9822712
            ]
          ]
        ]
      },
      "properties": {
        "RADII": 50,
        "STORMID": "ep202026",
        "BASIN": "ep",
        "STORMNUM": 20,
        "ADVNUM": "14A",
        "VALIDTIME": "2026101121",
        "SYNOPTIME": "2026101018",
        "TIMEZONE": "UTC",
        "TAU": 24,
        "NE": 35,
        "SE": 30,
        "SW": 25,
        "NW": 30,
        "nhc_product": "wind_radii",
        "atcf": "ep202026",
        "storm_name": "Simon",
        "storm_id": "20E"
      }
    },
    {
      "type": "Feature",
      "geometry": {
        "type": "Polygon",
        "coordinates": [
          [
            [
              -105.097687,
              19.6495438
            ],
            [
              -105.093063,
              19.6494675
            ],
            [
              -105.088448,
              19.6493149
            ],
            [
              -105.083832,
              19.6490879
            ],
            [
              -105.079216,
              19.6487808
            ],
            [
              -105.074608,
              19.6484013
            ],
            [
              -105.070007,
              19.6479473
            ],
            [
              -105.065414,
              19.6474152
            ],
            [
              -105.060837,
              19.6468067
            ],
            [
              -105.056267,
              19.6461258
            ],
            [
              -105.051712,
              19.6453686
            ],
            [
              -105.04718,
              19.6445351
            ],
            [
              -105.042648,
              19.6436272
            ],
            [
              -105.038147,
              19.6426468
            ],
            [
              -105.033661,
              19.6415901
            ],
            [
              -105.029198,
              19.6404648
            ],
            [
              -105.02475,
              19.6392593
            ],
            [
              -105.020332,
              19.6379852
            ],
            [
              -105.01593,
              19.6366367
            ],
            [
              -105.011559,
              19.6352158
            ],
            [
              -105.007217,
              19.6337242
            ],
            [
              -105.002899,
              19.6321621
            ],
            [
              -104.998611,
              19.6305275
            ],
            [
              -104.994354,
              19.6288242
            ],
            [
              -104.990135,
              19.6270485
            ],
            [
              -104.985939,
              19.6252079
            ],
            [
              -104.981789,
              19.6232948
            ],
            [
              -104.977669,
              19.621315
            ],
            [
              -104.973587,
              19.6192665
            ],
            [
              -104.969543,
              19.6171532
            ],
            [
              -104.965546,
              19.6149712
            ],
            [
              -104.961586,
              19.6127262
            ],
            [
              -104.957664,
              19.6104145
            ],
            [
              -104.953789,
              19.6080399
            ],
            [
              -104.949959,
              19.6056004
            ],
            [
              -104.946175,
              19.6030998
            ],
            [
              -104.942429,
              19.6005363
            ],
            [
              -104.938744,
              19.5979118
            ],
            [
              -104.935104,
              19.5952282
            ],
            [
              -104.931519,
              19.5924835
            ],
            [
              -104.927971,
              19.5896797
            ],
            [
              -104.924484,
              19.5868187
            ],
            [
              -104.921059,
              19.5839005
            ],
            [
              -104.917679,
              19.5809269
            ],
            [
              -104.91436,
              19.5778999
            ],
            [
              -104.911095,
              19.5748158
            ],
            [
              -104.907883,
              19.5716782
            ],
            [
              -104.904732,
              19.568491
            ],
            [
              -104.901649,
              19.5652523
            ],
            [
              -104.898613,
              19.5619602
            ],
            [
              -104.895653,
              19.5586205
            ],
            [
              -104.892746,
              19.5552311
            ],
            [
              -104.889908,
              19.551796
            ],
            [
              -104.887123,
              19.548317
            ],
            [
              -104.884415,
              19.5447884
            ],
            [
              -104.881775,
              19.5412178
            ],
            [
              -104.879189,
              19.5376034
            ],
            [
              -104.876678,
              19.533947
            ],
            [
              -104.874229,
              19.5302505
            ],
            [
              -104.871864,
              19.526516
            ],
            [
              -104.869553,
              19.5227394
            ],
            [
              -104.867317,
              19.5189266
            ],
            [
              -104.86515,
              19.5150795
            ],
            [
              -104.863068,
              19.5111961
            ],
            [
              -104.861046,
              19.5072784
            ],
            [
              -104.859093,
              19.5033264
            ],
            [
              -104.857224,
              19.4993477
            ],
            [
              -104.855423,
              19.4953365
            ],
            [
              -104.853699,
              19.4912949
            ],
            [
              -104.852051,
              19.4872265
            ],
            [
              -104.850479,
              19.4831295
            ],
            [
              -104.848984,
              19.4790096
            ],
            [
              -104.847557,
              19.474865
            ],
            [
              -104.846214,
              19.4706993
            ],
            [
              -104.84494,
              19.4665127
            ],
            [
              -104.843758,
              19.4623032
            ],
            [
              -104.842651,
              19.4580746
            ],
            [
              -104.841614,
              19.4538288
            ],
            [
              -104.84066,
              19.4495678
            ],
            [
              -104.83979,
              19.4452915
            ],
            [
              -104.838989,
              19.4410019
            ],
            [
              -104.83828,
              19.4366989
            ],
            [
              -104.837639,
              19.4323845
            ],
            [
              -104.837082,
              19.4280605
            ],
            [
              -104.836609,
              19.423727
            ],
            [
              -104.836212,
              19.4193897
            ],
            [
              -104.835899,
              19.4150429
            ],
            [
              -104.835663,
              19.4106922
            ],
            [
              -104.83551,
              19.4063396
            ],
            [
              -104.835434,
              19.4019852
            ],
            [
              -104.835442,
              19.3976307
            ],
            [
              -104.835533,
              19.3932762
            ],
            [
              -104.835693,
              19.3889217
            ],
            [
              -104.835945,
              19.3845749
            ],
            [
              -104.836273,
              19.3802299
            ],
            [
              -104.836685,
              19.3758907
            ],
            [
              -104.837181,
              19.3715591
            ],
            [
              -104.837746,
              19.3672371
            ],
            [
              -104.838394,
              19.3629265
            ],
            [
              -104.839127,
              19.3586254
            ],
            [
              -104.839928,
              19.3543377
            ],
            [
              -104.84082,
              19.3500633
            ],
            [
              -104.841789,
              19.3458023
            ],
            [
              -104.842834,
              19.3415604
            ],
            [
              -104.843956,
              19.3373375
            ],
            [
              -104.845154,
              19.3331318
            ],
            [
              -104.846436,
              19.3289471
            ],
            [
              -104.847794,
              19.3247833
            ],
            [
              -104.84922,
              19.3206444
            ],
            [
              -104.850731,
              19.3165264
            ],
            [
              -104.85231,
              19.3124352
            ],
            [
              -104.853973,
              19.3083706
            ],
            [
              -104.855705,
              19.3043365
            ],
            [
              -104.857521,
              19.3003292
            ],
            [
              -104.859406,
              19.2963524
            ],
            [
              -104.861359,
              19.2924099
            ],
            [
              -104.863388,
              19.288496
            ],
            [
              -104.865486,
              19.2846184
            ],
            [
              -104.867661,
              19.2807732
            ],
            [
              -104.869904,
              19.276968
            ],
            [
              -104.872215,
              19.273201
            ],
            [
              -104.874596,
              19.2694683
            ],
            [
              -104.877045,
              19.2657776
            ],
            [
              -104.879562,
              19.2621269
            ],
            [
              -104.882149,
              19.258522
            ],
            [
              -104.884796,
              19.2549553
            ],
            [
              -104.88752,
              19.2514343
            ],
            [
              -104.890297,
              19.2479591
            ],
            [
              -104.893143,
              19.2445316
            ],
            [
              -104.896049,
              19.241148
            ],
            [
              -104.899017,
              19.2378159
            ],
            [
              -104.902054,
              19.2345333
            ],
            [
              -104.905136,
              19.2313004
            ],
            [
              -104.908287,
              19.228117
            ],
            [
              -104.911499,
              19.2249889
            ],
            [
              -104.914764,
              19.2219105
            ],
            [
              -104.918083,
              19.2188892
            ],
            [
              -104.921463,
              19.2159214
            ],
            [
              -104.924889,
              19.2130108
            ],
            [
              -104.928375,
              19.2101574
            ],
            [
              -104.931915,
              19.2073593
            ],
            [
              -104.935501,
              19.2046223
            ],
            [
              -104.939133,
              19.2019424
            ],
            [
              -104.942818,
              19.1993256
            ],
            [
              -104.946556,
              19.1967697
            ],
            [
              -104.950333,
              19.1942749
            ],
            [
              -104.954155,
              19.1918411
            ],
            [
              -104.958031,
              19.1894722
            ],
            [
              -104.961945,
              19.1871681
            ],
            [
              -104.965897,
              19.1849251
            ],
            [
              -104.969894,
              19.1827526
            ],
            [
              -104.973923,
              19.1806431
            ],
            [
              -104.978004,
              19.1786022
            ],
            [
              -104.982117,
              19.1766262
            ],
            [
              -104.986259,
              19.1747208
            ],
            [
              -104.99044,
              19.1728821
            ],
            [
              -104.994652,
              19.1711121
            ],
            [
              -104.998894,
              19.1694126
            ],
            [
              -105.003174,
              19.1677837
            ],
            [
              -105.007484,
              19.1662273
            ],
            [
              -105.01181,
              19.1647396
            ],
            [
              -105.016174,
              19.1633244
            ],
            [
              -105.020561,
              19.1619778
            ],
            [
              -105.024963,
              19.1607075
            ],
            [
              -105.029396,
              19.1595097
            ],
            [
              -105.033852,
              19.1583824
            ],
            [
              -105.03833,
              19.1573296
            ],
            [
              -105.042824,
              19.1563511
            ],
            [
              -105.047333,
              19.155447
            ],
            [
              -105.051857,
              19.1546173
            ],
            [
              -105.056396,
              19.1538639
            ],
            [
              -105.060959,
              19.153183
            ],
            [
              -105.065521,
              19.1525764
            ],
            [
              -105.070091,
              19.1520462
            ],
            [
              -105.074684,
              19.1515923
            ],
            [
              -105.079277,
              19.1512146
            ],
            [
              -105.083878,
              19.1509094
            ],
            [
              -105.088478,
              19.1506824
            ],
            [
              -105.093086,
              19.1505299
            ],
            [
              -105.097694,
              19.1504536
            ],
            [
              -105.102303,
              19.1504536
            ],
            [
              -105.106918,
              19.1505299
            ],
            [
              -105.111526,
              19.1506824
            ],
            [
              -105.116127,
              19.1509094
            ],
            [
              -105.120728,
              19.1512146
            ],
            [
              -105.12532,
              19.1515923
            ],
            [
              -105.129906,
              19.1520462
            ],
            [
              -105.134483,
              19.1525764
            ],
            [
              -105.139053,
              19.153183
            ],
            [
              -105.143608,
              19.153862
            ],
            [
              -105.14814,
              19.1546173
            ],
            [
              -105.152672,
              19.155447
            ],
            [
              -105.157181,
              19.1563492
            ],
            [
              -105.161674,
              19.1573296
            ],
            [
              -105.166145,
              19.1583824
            ],
            [
              -105.170601,
              19.1595078
            ],
            [
              -105.175034,
              19.1607075
            ],
            [
              -105.179443,
              19.1619778
            ],
            [
              -105.18383,
              19.1633224
            ],
            [
              -105.188194,
              19.1647396
            ],
            [
              -105.192528,
              19.1662273
            ],
            [
              -105.196838,
              19.1677837
            ],
            [
              -105.201111,
              19.1694126
            ],
            [
              -105.205353,
              19.1711121
            ],
            [
              -105.209564,
              19.1728821
            ],
            [
              -105.213745,
              19.1747189
            ],
            [
              -105.217896,
              19.1766262
            ],
            [
              -105.222008,
              19.1786003
            ],
            [
              -105.226074,
              19.1806431
            ],
            [
              -105.23011,
              19.1827526
            ],
            [
              -105.234108,
              19.1849251
            ],
            [
              -105.23806,
              19.1871662
            ],
            [
              -105.241974,
              19.1894722
            ],
            [
              -105.24585,
              19.1918392
            ],
            [
              -105.249672,
              19.1942749
            ],
            [
              -105.253448,
              19.1967697
            ],
            [
              -105.257187,
              19.1993256
            ],
            [
              -105.260872,
              19.2019424
            ],
            [
              -105.264511,
              19.2046223
            ],
            [
              -105.268097,
              19.2073593
            ],
            [
              -105.271629,
              19.2101574
            ],
            [
              -105.275116,
              19.2130108
            ],
            [
              -105.278542,
              19.2159214
            ],
            [
              -105.281929,
              19.2188892
            ],
            [
              -105.285248,
              19.2219105
            ],
            [
              -105.288513,
              19.224987
            ],
            [
              -105.291718,
              19.228117
            ],
            [
              -105.294868,
              19.2312984
            ],
            [
              -105.297958,
              19.2345314
            ],
            [
              -105.300987,
              19.2378159
            ],
            [
              -105.303963,
              19.241148
            ],
            [
              -105.306862,
              19.2445316
            ],
            [
              -105.309708,
              19.2479591
            ],
            [
              -105.312492,
              19.2514343
            ],
            [
              -105.315208,
              19.2549534
            ],
            [
              -105.317856,
              19.2585201
            ],
            [
              -105.320442,
              19.2621269
            ],
            [
              -105.32296,
              19.2657757
            ],
            [
              -105.325417,
              19.2694683
            ],
            [
              -105.327789,
              19.2731991
            ],
            [
              -105.330109,
              19.2769661
            ],
            [
              -105.332344,
              19.2807732
            ],
            [
              -105.334518,
              19.2846184
            ],
            [
              -105.336624,
              19.288496
            ],
            [
              -105.338654,
              19.292408
            ],
            [
              -105.340607,
              19.2963524
            ],
            [
              -105.342491,
              19.3003273
            ],
            [
              -105.344299,
              19.3043346
            ],
            [
              -105.346031,
              19.3083706
            ],
            [
              -105.347694,
              19.3124352
            ],
            [
              -105.349281,
              19.3165264
            ],
            [
              -105.350784,
              19.3206406
            ],
            [
              -105.352219,
              19.3247833
            ],
            [
              -105.353577,
              19.3289433
            ],
            [
              -105.354851,
              19.3331299
            ],
            [
              -105.356056,
              19.3373356
            ],
            [
              -105.357178,
              19.3415585
            ],
            [
              -105.358215,
              19.3458023
            ],
            [
              -105.359192,
              19.3500614
            ],
            [
              -105.360077,
              19.3543377
            ],
            [
              -105.360886,
              19.3586254
            ],
            [
              -105.36161,
              19.3629246
            ],
            [
              -105.362259,
              19.3672371
            ],
            [
              -105.362831,
              19.3715591
            ],
            [
              -105.363319,
              19.3758888
            ],
            [
              -105.363731,
              19.380228
            ],
            [
              -105.364059,
              19.384573
            ],
            [
              -105.364311,
              19.3889217
            ],
            [
              -105.364479,
              19.3932743
            ],
            [
              -105.364563,
              19.3976307
            ],
            [
              -105.364571,
              19.4019852
            ],
            [
              -105.364494,
              19.4063377
            ],
            [
              -105.364349,
              19.4106903
            ],
            [
              -105.364113,
              19.415041
            ],
            [
              -105.363792,
              19.4193878
            ],
            [
              -105.363396,
              19.423727
            ],
            [
              -105.362923,
              19.4280586
            ],
            [
              -105.362366,
              19.4323826
            ],
            [
              -105.361732,
              19.436697
            ],
            [
              -105.361023,
              19.441
            ],
            [
              -105.360222,
              19.4452896
            ],
            [
              -105.359344,
              19.4495659
            ],
            [
              -105.358398,
              19.4538288
            ],
            [
              -105.357361,
              19.4580746
            ],
            [
              -105.356255,
              19.4623013
            ],
            [
              -105.355064,
              19.4665108
            ],
            [
              -105.35379,
              19.4706993
            ],
            [
              -105.352448,
              19.474865
            ],
            [
              -105.351028,
              19.4790096
            ],
            [
              -105.349533,
              19.4831295
            ],
            [
              -105.347961,
              19.4872246
            ],
            [
              -105.346306,
              19.491293
            ],
            [
              -105.344589,
              19.4953346
            ],
            [
              -105.342781,
              19.4993477
            ],
            [
              -105.340912,
              19.5033264
            ],
            [
              -105.338966,
              19.5072765
            ],
            [
              -105.336945,
              19.5111942
            ],
            [
              -105.334854,
              19.5150795
            ],
            [
              -105.332687,
              19.5189266
            ],
            [
              -105.330452,
              19.5227394
            ],
            [
              -105.328148,
              19.5265121
            ],
            [
              -105.325775,
              19.5302486
            ],
            [
              -105.323334,
              19.533947
            ],
            [
              -105.320816,
              19.5376034
            ],
            [
              -105.318237,
              19.5412159
            ],
            [
              -105.31559,
              19.5447884
            ],
            [
              -105.312881,
              19.548315
            ],
            [
              -105.310097,
              19.551796
            ],
            [
              -105.307259,
              19.5552311
            ],
            [
              -105.304359,
              19.5586185
            ],
            [
              -105.301392,
              19.5619583
            ],
            [
              -105.298363,
              19.5652504
            ],
            [
              -105.295273,
              19.5684891
            ],
            [
              -105.292122,
              19.5716782
            ],
            [
              -105.28891,
              19.5748138
            ],
            [
              -105.285645,
              19.5778999
            ],
            [
              -105.282326,
              19.5809269
            ],
            [
              -105.278954,
              19.5839005
            ],
            [
              -105.27552,
              19.5868187
            ],
            [
              -105.272034,
              19.5896797
            ],
            [
              -105.268501,
              19.5924816
            ],
            [
              -105.264908,
              19.5952263
            ],
            [
              -105.261261,
              19.5979118
            ],
            [
              -105.257576,
              19.6005363
            ],
            [
              -105.253838,
              19.6030998
            ],
            [
              -105.250046,
              19.6056004
            ],
            [
              -105.246223,
              19.6080399
            ],
            [
              -105.242348,
              19.6104126
            ],
            [
              -105.238426,
              19.6127243
            ],
            [
              -105.234467,
              19.6149712
            ],
            [
              -105.230461,
              19.6171513
            ],
            [
              -105.226418,
              19.6192665
            ],
            [
              -105.222336,
              19.6213131
            ],
            [
              -105.218224,
              19.6232948
            ],
            [
              -105.214066,
              19.625206
            ],
            [
              -105.209877,
              19.6270485
            ],
            [
              -105.20565,
              19.6288242
            ],
            [
              -105.201401,
              19.6305275
            ],
            [
              -105.197105,
              19.6321621
            ],
            [
              -105.192795,
              19.6337242
            ],
            [
              -105.188446,
              19.6352158
            ],
            [
              -105.184074,
              19.6366348
            ],
            [
              -105.17968,
              19.6379852
            ],
            [
              -105.175255,
              19.6392593
            ],
            [
              -105.170815,
              19.6404629
            ],
            [
              -105.166344,
              19.6415901
            ],
            [
              -105.161865,
              19.6426468
            ],
            [
              -105.157356,
              19.6436272
            ],
            [
              -105.152832,
              19.6445351
            ],
            [
              -105.148293,
              19.6453686
            ],
            [
              -105.143738,
              19.6461239
            ],
            [
              -105.139168,
              19.6468067
            ],
            [
              -105.13459,
              19.6474152
            ],
            [
              -105.130005,
              19.6479473
            ],
            [
              -105.125404,
              19.6484013
            ],
            [
              -105.120796,
              19.6487808
            ],
            [
              -105.116188,
              19.6490879
            ],
            [
              -105.111557,
              19.6493149
            ],
            [
              -105.106941,
              19.6494675
            ],
            [
              -105.102318,
              19.6495438
            ],
            [
              -105.097687,
              19.6495438
            ]
          ]
        ]
      },
      "properties": {
        "RADII": 64,
        "STORMID": "ep202026",
        "BASIN": "ep",
        "STORMNUM": 20,
        "ADVNUM": "14A",
        "VALIDTIME": "2026101121",
        "SYNOPTIME": "2026101018",
        "TIMEZONE": "UTC",
        "TAU": 24,
        "NE": 15,
        "SE": 15,
        "SW": 15,
        "NW": 15,
        "nhc_product": "wind_radii",
        "atcf": "ep202026",
        "storm_name": "Simon",
        "storm_id": "20E"
      }
    },
    {
      "type": "Feature",
      "geometry": {
        "type": "Polygon",
        "coordinates": [
          [
            [
              -105.1922,
              21.631813
            ],
            [
              -105.176582,
              21.6315575
            ],
            [
              -105.160973,
              21.6310482
            ],
            [
              -105.145378,
              21.6302834
            ],
            [
              -105.129799,
              21.6292667
            ],
            [
              -105.114235,
              21.6279945
            ],
            [
              -105.098709,
              21.6264668
            ],
            [
              -105.083206,
              21.6246891
            ],
            [
              -105.067741,
              21.6226559
            ],
            [
              -105.052322,
              21.6203709
            ],
            [
              -105.036949,
              21.6178379
            ],
            [
              -105.021622,
              21.6150513
            ],
            [
              -105.006355,
              21.6120167
            ],
            [
              -104.991142,
              21.6087322
            ],
            [
              -104.975998,
              21.6052017
            ],
            [
              -104.960922,
              21.6014233
            ],
            [
              -104.945915,
              21.5974007
            ],
            [
              -104.930992,
              21.5931339
            ],
            [
              -104.916153,
              21.588623
            ],
            [
              -104.901405,
              21.5838718
            ],
            [
              -104.886734,
              21.5788803
            ],
            [
              -104.872177,
              21.5736485
            ],
            [
              -104.857719,
              21.568182
            ],
            [
              -104.843361,
              21.5624809
            ],
            [
              -104.829109,
              21.5565453
            ],
            [
              -104.81498,
              21.5503788
            ],
            [
              -104.800972,
              21.5439835
            ],
            [
              -104.787079,
              21.5373573
            ],
            [
              -104.773323,
              21.530508
            ],
            [
              -104.759689,
              21.5234356
            ],
            [
              -104.746201,
              21.5161419
            ],
            [
              -104.732849,
              21.5086288
            ],
            [
              -104.719635,
              21.5008984
            ],
            [
              -104.706581,
              21.4929543
            ],
            [
              -104.693672,
              21.4847984
            ],
            [
              -104.680916,
              21.4764328
            ],
            [
              -104.668327,
              21.4678612
            ],
            [
              -104.655907,
              21.4590855
            ],
            [
              -104.643646,
              21.4501076
            ],
            [
              -104.631554,
              21.4409313
            ],
            [
              -104.619644,
              21.4315586
            ],
            [
              -104.607918,
              21.4219933
            ],
            [
              -104.596367,
              21.4122391
            ],
            [
              -104.584999,
              21.4022999
            ],
            [
              -104.573822,
              21.3921719
            ],
            [
              -104.562843,
              21.3818645
            ],
            [
              -104.552055,
              21.3713818
            ],
            [
              -104.541481,
              21.3607235
            ],
            [
              -104.531097,
              21.3498955
            ],
            [
              -104.52092,
              21.3388977
            ],
            [
              -104.510948,
              21.3277378
            ],
            [
              -104.50119,
              21.3164139
            ],
            [
              -104.491661,
              21.3049355
            ],
            [
              -104.482338,
              21.2933025
            ],
            [
              -104.473228,
              21.281517
            ],
            [
              -104.464355,
              21.2695885
            ],
            [
              -104.455704,
              21.2575169
            ],
            [
              -104.447281,
              21.2453022
            ],
            [
              -104.439087,
              21.232954
            ],
            [
              -104.431129,
              21.2204742
            ],
            [
              -104.423409,
              21.2078667
            ],
            [
              -104.415924,
              21.1951332
            ],
            [
              -104.408684,
              21.1822834
            ],
            [
              -104.401688,
              21.1693153
            ],
            [
              -104.394936,
              21.1562347
            ],
            [
              -104.388428,
              21.1430473
            ],
            [
              -104.382172,
              21.1297531
            ],
            [
              -104.37616,
              21.1163616
            ],
            [
              -104.370399,
              21.1028728
            ],
            [
              -104.364906,
              21.0892925
            ],
            [
              -104.359657,
              21.0756245
            ],
            [
              -104.354675,
              21.0618744
            ],
            [
              -104.349937,
              21.0480423
            ],
            [
              -104.345474,
              21.0341377
            ],
            [
              -104.341263,
              21.0201607
            ],
            [
              -104.337326,
              21.0061169
            ],
            [
              -104.333641,
              20.9920101
            ],
            [
              -104.330231,
              20.9778481
            ],
            [
              -104.327072,
              20.9636326
            ],
            [
              -104.324188,
              20.9493675
            ],
            [
              -104.321571,
              20.9350567
            ],
            [
              -104.319229,
              20.9207058
            ],
            [
              -104.317146,
              20.9063168
            ],
            [
              -104.315338,
              20.8918991
            ],
            [
              -104.313797,
              20.8774529
            ],
            [
              -104.312531,
              20.8629837
            ],
            [
              -104.311531,
              20.8484974
            ],
            [
              -104.310806,
              20.833992
            ],
            [
              -104.310349,
              20.8194828
            ],
            [
              -104.310165,
              20.804966
            ],
            [
              -104.48819,
              20.7927246
            ],
            [
              -104.488464,
              20.7811127
            ],
            [
              -104.488953,
              20.7695065
            ],
            [
              -104.489655,
              20.7579117
            ],
            [
              -104.490578,
              20.7463284
            ],
            [
              -104.491714,
              20.7347641
            ],
            [
              -104.493065,
              20.7232208
            ],
            [
              -104.494629,
              20.7116966
            ],
            [
              -104.496414,
              20.7002048
            ],
            [
              -104.498405,
              20.6887398
            ],
            [
              -104.500618,
              20.6773109
            ],
            [
              -104.503036,
              20.6659203
            ],
            [
              -104.505676,
              20.6545696
            ],
            [
              -104.508514,
              20.6432648
            ],
            [
              -104.511566,
              20.6320076
            ],
            [
              -104.514832,
              20.6208019
            ],
            [
              -104.518303,
              20.6096516
            ],
            [
              -104.52198,
              20.5985584
            ],
            [
              -104.525864,
              20.5875282
            ],
            [
              -104.529945,
              20.5765629
            ],
            [
              -104.534248,
              20.5656643
            ],
            [
              -104.538734,
              20.5548401
            ],
            [
              -104.543427,
              20.5440865
            ],
            [
              -104.548325,
              20.5334148
            ],
            [
              -104.553413,
              20.5228233
            ],
            [
              -104.558701,
              20.5123177
            ],
            [
              -104.564178,
              20.5018978
            ],
            [
              -104.569847,
              20.4915695
            ],
            [
              -104.575714,
              20.4813366
            ],
            [
              -104.581764,
              20.4712009
            ],
            [
              -104.587997,
              20.4611626
            ],
            [
              -104.594429,
              20.451231
            ],
            [
              -104.601028,
              20.4414043
            ],
            [
              -104.607819,
              20.4316864
            ],
            [
              -104.614784,
              20.4220829
            ],
            [
              -104.621933,
              20.4125919
            ],
            [
              -104.62925,
              20.4032192
            ],
            [
              -104.636749,
              20.3939667
            ],
            [
              -104.644402,
              20.3848381
            ],
            [
              -104.652237,
              20.3758392
            ],
            [
              -104.660225,
              20.3669682
            ],
            [
              -104.668388,
              20.3582268
            ],
            [
              -104.676712,
              20.3496208
            ],
            [
              -104.685188,
              20.3411522
            ],
            [
              -104.693817,
              20.3328228
            ],
            [
              -104.702599,
              20.3246365
            ],
            [
              -104.711533,
              20.3165932
            ],
            [
              -104.720619,
              20.3086967
            ],
            [
              -104.729851,
              20.3009491
            ],
            [
              -104.739212,
              20.2933559
            ],
            [
              -104.748718,
              20.2859154
            ],
            [
              -104.758362,
              20.2786293
            ],
            [
              -104.768143,
              20.2715054
            ],
            [
              -104.778046,
              20.2645397
            ],
            [
              -104.788086,
              20.2577381
            ],
            [
              -104.798248,
              20.2510986
            ],
            [
              -104.808525,
              20.244627
            ],
            [
              -104.818924,
              20.2383251
            ],
            [
              -104.82943,
              20.2321911
            ],
            [
              -104.840057,
              20.2262325
            ],
            [
              -104.850792,
              20.2204456
            ],
            [
              -104.861633,
              20.214838
            ],
            [
              -104.872566,
              20.2094059
            ],
            [
              -104.883606,
              20.204155
            ],
            [
              -104.894745,
              20.1990814
            ],
            [
              -104.905968,
              20.1941929
            ],
            [
              -104.917274,
              20.1894875
            ],
            [
              -104.928673,
              20.184967
            ],
            [
              -104.940155,
              20.1806355
            ],
            [
              -104.951714,
              20.1764889
            ],
            [
              -104.963348,
              20.172533
            ],
            [
              -104.975052,
              20.1687679
            ],
            [
              -104.986824,
              20.1651917
            ],
            [
              -104.998665,
              20.1618118
            ],
            [
              -105.010559,
              20.1586227
            ],
            [
              -105.022514,
              20.1556301
            ],
            [
              -105.034523,
              20.1528301
            ],
            [
              -105.046577,
              20.1502304
            ],
            [
              -105.058678,
              20.1478252
            ],
            [
              -105.070831,
              20.1456184
            ],
            [
              -105.083015,
              20.14361
            ],
            [
              -105.095238,
              20.1418018
            ],
            [
              -105.107483,
              20.140192
            ],
            [
              -105.119766,
              20.1387806
            ],
            [
              -105.132072,
              20.1375732
            ],
            [
              -105.144394,
              20.1365643
            ],
            [
              -105.156738,
              20.1357594
            ],
            [
              -105.169083,
              20.1351547
            ],
            [
              -105.18145,
              20.1347504
            ],
            [
              -105.193817,
              20.1345482
            ],
            [
              -105.206184,
              20.1345482
            ],
            [
              -105.218552,
              20.1347504
            ],
            [
              -105.230919,
              20.1351547
            ],
            [
              -105.243271,
              20.1357594
            ],
            [
              -105.255615,
              20.1365643
            ],
            [
              -105.267937,
              20.1375732
            ],
            [
              -105.280235,
              20.1387806
            ],
            [
              -105.292519,
              20.140192
            ],
            [
              -105.304771,
              20.1418018
            ],
            [
              -105.316994,
              20.1436081
            ],
            [
              -105.329178,
              20.1456184
            ],
            [
              -105.341324,
              20.1478252
            ],
            [
              -105.353424,
              20.1502304
            ],
            [
              -105.365486,
              20.1528301
            ],
            [
              -105.377495,
              20.1556282
            ],
            [
              -105.38945,
              20.1586227
            ],
            [
              -105.401344,
              20.1618118
            ],
            [
              -105.413185,
              20.1651917
            ],
            [
              -105.42495,
              20.168766
            ],
            [
              -105.436661,
              20.172533
            ],
            [
              -105.448288,
              20.176487
            ],
            [
              -105.459846,
              20.1806335
            ],
            [
              -105.471329,
              20.184967
            ],
            [
              -105.482727,
              20.1894855
            ],
            [
              -105.494041,
              20.194191
            ],
            [
              -105.505264,
              20.1990814
            ],
            [
              -105.516403,
              20.2041531
            ],
            [
              -105.527435,
              20.2094059
            ],
            [
              -105.538376,
              20.214838
            ],
            [
              -105.549217,
              20.2204456
            ],
            [
              -105.559952,
              20.2262325
            ],
            [
              -105.570572,
              20.2321892
            ],
            [
              -105.581085,
              20.2383232
            ],
            [
              -105.591484,
              20.2446251
            ],
            [
              -105.601761,
              20.2510948
            ],
            [
              -105.611923,
              20.2577343
            ],
            [
              -105.621956,
              20.2645378
            ],
            [
              -105.631866,
              20.2715034
            ],
            [
              -105.64164,
              20.2786274
            ],
            [
              -105.651283,
              20.2859135
            ],
            [
              -105.660789,
              20.293354
            ],
            [
              -105.670158,
              20.3009472
            ],
            [
              -105.67939,
              20.3086948
            ],
            [
              -105.688469,
              20.3165894
            ],
            [
              -105.697403,
              20.3246326
            ],
            [
              -105.706192,
              20.332819
            ],
            [
              -105.714821,
              20.3411484
            ],
            [
              -105.723297,
              20.3496189
            ],
            [
              -105.731621,
              20.3582249
            ],
            [
              -105.739777,
              20.3669643
            ],
            [
              -105.747772,
              20.3758354
            ],
            [
              -105.7556,
              20.3848381
            ],
            [
              -105.76326,
              20.3939648
            ],
            [
              -105.77076,
              20.4032173
            ],
            [
              -105.778076,
              20.41259
            ],
            [
              -105.785225,
              20.4220791
            ],
            [
              -105.792191,
              20.4316826
            ],
            [
              -105.798981,
              20.4414024
            ],
            [
              -105.80558,
              20.4512272
            ],
            [
              -105.812004,
              20.4611607
            ],
            [
              -105.818245,
              20.4711971
            ],
            [
              -105.824295,
              20.4813328
            ],
            [
              -105.830154,
              20.4915676
            ],
            [
              -105.835831,
              20.501894
            ],
            [
              -105.841309,
              20.5123138
            ],
            [
              -105.846596,
              20.5228214
            ],
            [
              -105.851685,
              20.533411
            ],
            [
              -105.856575,
              20.5440826
            ],
            [
              -105.861267,
              20.5548363
            ],
            [
              -105.865761,
              20.5656624
            ],
            [
              -105.870056,
              20.5765591
            ],
            [
              -105.874146,
              20.5875225
            ],
            [
              -105.878021,
              20.5985546
            ],
            [
              -105.881706,
              20.6096478
            ],
            [
              -105.885178,
              20.6207981
            ],
            [
              -105.888443,
              20.6320057
            ],
            [
              -105.891495,
              20.643261
            ],
            [
              -105.894333,
              20.6545677
            ],
            [
              -105.896973,
              20.6659145
            ],
            [
              -105.899391,
              20.6773071
            ],
            [
              -105.901604,
              20.688736
            ],
            [
              -105.903595,
              20.7001991
            ],
            [
              -105.90538,
              20.7116947
            ],
            [
              -105.906944,
              20.723217
            ],
            [
              -105.908295,
              20.7347603
            ],
            [
              -105.909431,
              20.7463264
            ],
            [
              -105.910355,
              20.7579098
            ],
            [
              -105.911057,
              20.7695045
            ],
            [
              -105.911545,
              20.7811108
            ],
            [
              -105.911819,
              20.7927208
            ],
            [
              -105.911873,
              20.8043365
            ],
            [
              -105.911713,
              20.8159485
            ],
            [
              -105.911331,
              20.8275585
            ],
            [
              -105.910736,
              20.839159
            ],
            [
              -105.90992,
              20.8507481
            ],
            [
              -105.908897,
              20.8623219
            ],
            [
              -105.907646,
              20.8738785
            ],
            [
              -105.906189,
              20.8854141
            ],
            [
              -105.90451,
              20.8969212
            ],
            [
              -105.902618,
              20.9083996
            ],
            [
              -105.900513,
              20.9198456
            ],
            [
              -105.898193,
              20.9312572
            ],
            [
              -105.895668,
              20.9426308
            ],
            [
              -105.892921,
              20.9539566
            ],
            [
              -105.889961,
              20.9652386
            ],
            [
              -105.886795,
              20.976469
            ],
            [
              -105.883423,
              20.9876461
            ],
            [
              -105.879829,
              20.9987679
            ],
            [
              -105.876038,
              21.0098286
            ],
            [
              -105.872032,
              21.0208282
            ],
            [
              -105.867828,
              21.0317554
            ],
            [
              -105.863411,
              21.0426178
            ],
            [
              -105.858803,
              21.0534039
            ],
            [
              -105.853989,
              21.0641117
            ],
            [
              -105.848969,
              21.0747433
            ],
            [
              -105.843758,
              21.085289
            ],
            [
              -105.838341,
              21.095747
            ],
            [
              -105.832733,
              21.1061153
            ],
            [
              -105.826935,
              21.1163921
            ],
            [
              -105.820938,
              21.1265717
            ],
            [
              -105.814758,
              21.1366539
            ],
            [
              -105.80838,
              21.1466312
            ],
            [
              -105.801826,
              21.1565056
            ],
            [
              -105.795082,
              21.1662674
            ],
            [
              -105.788155,
              21.1759224
            ],
            [
              -105.781052,
              21.1854591
            ],
            [
              -105.773758,
              21.1948795
            ],
            [
              -105.766304,
              21.2041798
            ],
            [
              -105.758667,
              21.2133579
            ],
            [
              -105.750862,
              21.2224102
            ],
            [
              -105.742882,
              21.2313328
            ],
            [
              -105.734741,
              21.2401237
            ],
            [
              -105.726433,
              21.2487793
            ],
            [
              -105.717964,
              21.2573013
            ],
            [
              -105.709335,
              21.2656822
            ],
            [
              -105.700546,
              21.2739201
            ],
            [
              -105.691605,
              21.2820148
            ],
            [
              -105.682526,
              21.289959
            ],
            [
              -105.673279,
              21.2977581
            ],
            [
              -105.663895,
              21.3054028
            ],
            [
              -105.654373,
              21.3128948
            ],
            [
              -105.644707,
              21.3202286
            ],
            [
              -105.634903,
              21.3274059
            ],
            [
              -105.624962,
              21.3344212
            ],
            [
              -105.614899,
              21.3412704
            ],
            [
              -105.604698,
              21.3479576
            ],
            [
              -105.594383,
              21.3544769
            ],
            [
              -105.583939,
              21.3608265
            ],
            [
              -105.57338,
              21.3670044
            ],
            [
              -105.562698,
              21.3730068
            ],
            [
              -105.55191,
              21.3788376
            ],
            [
              -105.541016,
              21.384491
            ],
            [
              -105.530022,
              21.3899651
            ],
            [
              -105.518913,
              21.3952599
            ],
            [
              -105.507713,
              21.4003716
            ],
            [
              -105.496414,
              21.4052982
            ],
            [
              -105.485031,
              21.4100437
            ],
            [
              -105.473557,
              21.4146004
            ],
            [
              -105.461998,
              21.4189682
            ],
            [
              -105.450348,
              21.4231491
            ],
            [
              -105.438637,
              21.4271393
            ],
            [
              -105.426849,
              21.4309368
            ],
            [
              -105.414986,
              21.4345417
            ],
            [
              -105.403061,
              21.4379501
            ],
            [
              -105.391068,
              21.441164
            ],
            [
              -105.379021,
              21.4441853
            ],
            [
              -105.366913,
              21.4470062
            ],
            [
              -105.354759,
              21.4496307
            ],
            [
              -105.34256,
              21.4520569
            ],
            [
              -105.330307,
              21.4542828
            ],
            [
              -105.318016,
              21.4563065
            ],
            [
              -105.305695,
              21.4581318
            ],
            [
              -105.293343,
              21.4597569
            ],
            [
              -105.280952,
              21.4611778
            ],
            [
              -105.268539,
              21.4623985
            ],
            [
              -105.256111,
              21.4634151
            ],
            [
              -105.24366,
              21.4642277
            ],
            [
              -105.231201,
              21.4648399
            ],
            [
              -105.218727,
              21.4652462
            ],
            [
              -105.206245,
              21.4654484
            ],
            [
              -105.1922,
              21.631813
            ]
          ]
        ]
      },
      "properties": {
        "RADII": 34,
        "STORMID": "ep202026",
        "BASIN": "ep",
        "STORMNUM": 20,
        "ADVNUM": "14A",
        "VALIDTIME": "2026101209",
        "SYNOPTIME": "2026101018",
        "TIMEZONE": "UTC",
        "TAU": 36,
        "NE": 50,
        "SE": 40,
        "SW": 40,
        "NW": 40,
        "nhc_product": "wind_radii",
        "atcf": "ep202026",
        "storm_name": "Simon",
        "storm_id": "20E"
      }
    },
    {
      "type": "Feature",
      "geometry": {
        "type": "Polygon",
        "coordinates": [
          [
            [
              -105.196892,
              21.1327248
            ],
            [
              -105.190666,
              21.1326237
            ],
            [
              -105.184448,
              21.1324215
            ],
            [
              -105.17823,
              21.1321144
            ],
            [
              -105.172012,
              21.1317081
            ],
            [
              -105.16581,
              21.1312008
            ],
            [
              -105.159622,
              21.1305943
            ],
            [
              -105.153442,
              21.1298847
            ],
            [
              -105.147278,
              21.1290741
            ],
            [
              -105.141129,
              21.1281643
            ],
            [
              -105.135002,
              21.1271553
            ],
            [
              -105.128891,
              21.1260433
            ],
            [
              -105.122795,
              21.1248322
            ],
            [
              -105.11673,
              21.1235237
            ],
            [
              -105.110695,
              21.1221161
            ],
            [
              -105.104683,
              21.1206093
            ],
            [
              -105.098701,
              21.1190071
            ],
            [
              -105.092743,
              21.1173038
            ],
            [
              -105.08683,
              21.1155052
            ],
            [
              -105.08094,
              21.1136112
            ],
            [
              -105.075096,
              21.1116219
            ],
            [
              -105.069283,
              21.1095371
            ],
            [
              -105.063515,
              21.1073551
            ],
            [
              -105.057785,
              21.1050835
            ],
            [
              -105.052101,
              21.1027145
            ],
            [
              -105.046463,
              21.100256
            ],
            [
              -105.040871,
              21.0977039
            ],
            [
              -105.035332,
              21.0950623
            ],
            [
              -105.029839,
              21.0923309
            ],
            [
              -105.024391,
              21.08951
            ],
            [
              -105.019012,
              21.0866013
            ],
            [
              -105.01368,
              21.0836048
            ],
            [
              -105.008408,
              21.0805225
            ],
            [
              -105.003189,
              21.0773525
            ],
            [
              -104.998032,
              21.0741005
            ],
            [
              -104.992943,
              21.0707626
            ],
            [
              -104.987907,
              21.0673428
            ],
            [
              -104.982941,
              21.0638428
            ],
            [
              -104.978043,
              21.0602608
            ],
            [
              -104.973213,
              21.0565987
            ],
            [
              -104.968452,
              21.0528603
            ],
            [
              -104.96376,
              21.0490437
            ],
            [
              -104.959145,
              21.0451508
            ],
            [
              -104.954605,
              21.0411854
            ],
            [
              -104.950127,
              21.0371437
            ],
            [
              -104.94574,
              21.0330315
            ],
            [
              -104.941429,
              21.0288486
            ],
            [
              -104.937187,
              21.0245953
            ],
            [
              -104.933029,
              21.0202713
            ],
            [
              -104.928963,
              21.0158825
            ],
            [
              -104.924965,
              21.0114269
            ],
            [
              -104.921059,
              21.0069084
            ],
            [
              -104.917244,
              21.002327
            ],
            [
              -104.913506,
              20.9976826
            ],
            [
              -104.909859,
              20.9929771
            ],
            [
              -104.906296,
              20.9882145
            ],
            [
              -104.902832,
              20.9833946
            ],
            [
              -104.899452,
              20.9785175
            ],
            [
              -104.896172,
              20.9735889
            ],
            [
              -104.892975,
              20.9686031
            ],
            [
              -104.889877,
              20.9635677
            ],
            [
              -104.886871,
              20.9584827
            ],
            [
              -104.883965,
              20.9533501
            ],
            [
              -104.881149,
              20.9481716
            ],
            [
              -104.878441,
              20.9429474
            ],
            [
              -104.875824,
              20.9376793
            ],
            [
              -104.873306,
              20.9323692
            ],
            [
              -104.870888,
              20.9270191
            ],
            [
              -104.868568,
              20.9216309
            ],
            [
              -104.866348,
              20.9162045
            ],
            [
              -104.864243,
              20.9107437
            ],
            [
              -104.862221,
              20.9052486
            ],
            [
              -104.860321,
              20.8997211
            ],
            [
              -104.858513,
              20.894165
            ],
            [
              -104.856812,
              20.8885803
            ],
            [
              -104.855217,
              20.882967
            ],
            [
              -104.853729,
              20.8773289
            ],
            [
              -104.852341,
              20.871666
            ],
            [
              -104.851067,
              20.865984
            ],
            [
              -104.849892,
              20.8602829
            ],
            [
              -104.848824,
              20.8545609
            ],
            [
              -104.84787,
              20.8488216
            ],
            [
              -104.847015,
              20.8430691
            ],
            [
              -104.846268,
              20.8373051
            ],
            [
              -104.845634,
              20.8315277
            ],
            [
              -104.845108,
              20.8257408
            ],
            [
              -104.844681,
              20.8199482
            ],
            [
              -104.844376,
              20.8141479
            ],
            [
              -104.84417,
              20.8083439
            ],
            [
              -104.844078,
              20.802536
            ],
            [
              -104.844093,
              20.79673
            ],
            [
              -104.844215,
              20.7909241
            ],
            [
              -104.844444,
              20.78512
            ],
            [
              -104.84478,
              20.7793217
            ],
            [
              -104.84523,
              20.7735291
            ],
            [
              -104.845787,
              20.7677441
            ],
            [
              -104.846443,
              20.7619724
            ],
            [
              -104.847221,
              20.7562084
            ],
            [
              -104.848091,
              20.7504597
            ],
            [
              -104.849075,
              20.7447262
            ],
            [
              -104.850166,
              20.7390079
            ],
            [
              -104.851372,
              20.7333107
            ],
            [
              -104.852669,
              20.7276325
            ],
            [
              -104.85408,
              20.7219772
            ],
            [
              -104.855598,
              20.7163467
            ],
            [
              -104.857216,
              20.7107391
            ],
            [
              -104.85894,
              20.7051601
            ],
            [
              -104.860771,
              20.6996098
            ],
            [
              -104.862694,
              20.6940918
            ],
            [
              -104.864731,
              20.6886044
            ],
            [
              -104.866867,
              20.6831512
            ],
            [
              -104.869102,
              20.6777344
            ],
            [
              -104.871437,
              20.6723537
            ],
            [
              -104.873878,
              20.6670132
            ],
            [
              -104.876411,
              20.6617126
            ],
            [
              -104.879044,
              20.6564541
            ],
            [
              -104.881783,
              20.6512413
            ],
            [
              -104.884605,
              20.6460705
            ],
            [
              -104.887527,
              20.6409492
            ],
            [
              -104.890549,
              20.6358738
            ],
            [
              -104.893661,
              20.6308498
            ],
            [
              -104.896866,
              20.6258793
            ],
            [
              -104.900169,
              20.6209602
            ],
            [
              -104.903557,
              20.6160946
            ],
            [
              -104.907028,
              20.6112881
            ],
            [
              -104.910599,
              20.606535
            ],
            [
              -104.914253,
              20.6018429
            ],
            [
              -104.917999,
              20.5972118
            ],
            [
              -104.921822,
              20.5926418
            ],
            [
              -104.925735,
              20.5881348
            ],
            [
              -104.929733,
              20.5836926
            ],
            [
              -104.933815,
              20.5793171
            ],
            [
              -104.937973,
              20.5750046
            ],
            [
              -104.942207,
              20.5707645
            ],
            [
              -104.946526,
              20.5665932
            ],
            [
              -104.950912,
              20.5624943
            ],
            [
              -104.955383,
              20.5584679
            ],
            [
              -104.959923,
              20.5545139
            ],
            [
              -104.964539,
              20.5506344
            ],
            [
              -104.969223,
              20.5468292
            ],
            [
              -104.973984,
              20.5431042
            ],
            [
              -104.978806,
              20.5394554
            ],
            [
              -104.983696,
              20.5358849
            ],
            [
              -104.988655,
              20.5323963
            ],
            [
              -104.993675,
              20.5289879
            ],
            [
              -104.998764,
              20.5256653
            ],
            [
              -105.003906,
              20.5224228
            ],
            [
              -105.009117,
              20.5192661
            ],
            [
              -105.014374,
              20.5161953
            ],
            [
              -105.019691,
              20.5132084
            ],
            [
              -105.02507,
              20.5103092
            ],
            [
              -105.030495,
              20.5075016
            ],
            [
              -105.035973,
              20.5047798
            ],
            [
              -105.041496,
              20.5021477
            ],
            [
              -105.047066,
              20.4996071
            ],
            [
              -105.052689,
              20.4971581
            ],
            [
              -105.058357,
              20.4948025
            ],
            [
              -105.064072,
              20.4925365
            ],
            [
              -105.069824,
              20.490366
            ],
            [
              -105.075607,
              20.4882889
            ],
            [
              -105.081429,
              20.4863071
            ],
            [
              -105.087303,
              20.4844208
            ],
            [
              -105.093193,
              20.4826279
            ],
            [
              -105.099121,
              20.4809341
            ],
            [
              -105.105087,
              20.4793358
            ],
            [
              -105.111076,
              20.4778366
            ],
            [
              -105.117088,
              20.4764347
            ],
            [
              -105.123131,
              20.4751301
            ],
            [
              -105.129196,
              20.4739265
            ],
            [
              -105.135284,
              20.4728203
            ],
            [
              -105.14138,
              20.4718151
            ],
            [
              -105.147507,
              20.4709072
            ],
            [
              -105.153648,
              20.4701004
            ],
            [
              -105.159798,
              20.4693947
            ],
            [
              -105.165962,
              20.4687901
            ],
            [
              -105.172134,
              20.4682846
            ],
            [
              -105.178322,
              20.4678802
            ],
            [
              -105.184517,
              20.467577
            ],
            [
              -105.190712,
              20.4673748
            ],
            [
              -105.196907,
              20.4672737
            ],
            [
              -105.203102,
              20.4672737
            ],
            [
              -105.209297,
              20.4673748
            ],
            [
              -105.215492,
              20.467577
            ],
            [
              -105.22168,
              20.4678802
            ],
            [
              -105.227875,
              20.4682846
            ],
            [
              -105.234047,
              20.4687901
            ],
            [
              -105.240204,
              20.4693947
            ],
            [
              -105.246361,
              20.4701004
            ],
            [
              -105.252502,
              20.4709072
            ],
            [
              -105.258621,
              20.4718151
            ],
            [
              -105.264725,
              20.4728203
            ],
            [
              -105.270813,
              20.4739265
            ],
            [
              -105.276878,
              20.4751301
            ],
            [
              -105.282913,
              20.4764347
            ],
            [
              -105.288933,
              20.4778366
            ],
            [
              -105.294922,
              20.4793358
            ],
            [
              -105.30088,
              20.4809322
            ],
            [
              -105.306816,
              20.4826279
            ],
            [
              -105.312706,
              20.4844189
            ],
            [
              -105.318573,
              20.4863052
            ],
            [
              -105.324394,
              20.4882889
            ],
            [
              -105.330185,
              20.490366
            ],
            [
              -105.335938,
              20.4925365
            ],
            [
              -105.341652,
              20.4948006
            ],
            [
              -105.347313,
              20.4971561
            ],
            [
              -105.352936,
              20.4996071
            ],
            [
              -105.358513,
              20.5021477
            ],
            [
              -105.364037,
              20.5047798
            ],
            [
              -105.369514,
              20.5075016
            ],
            [
              -105.374939,
              20.5103092
            ],
            [
              -105.380318,
              20.5132084
            ],
            [
              -105.385628,
              20.5161934
            ],
            [
              -105.390892,
              20.5192661
            ],
            [
              -105.396103,
              20.5224209
            ],
            [
              -105.401245,
              20.5256634
            ],
            [
              -105.406334,
              20.5289879
            ],
            [
              -105.411354,
              20.5323963
            ],
            [
              -105.416313,
              20.5358849
            ],
            [
              -105.421204,
              20.5394535
            ],
            [
              -105.426025,
              20.5431023
            ],
            [
              -105.430786,
              20.5468292
            ],
            [
              -105.435471,
              20.5506325
            ],
            [
              -105.440079,
              20.5545139
            ],
            [
              -105.444618,
              20.558466
            ],
            [
              -105.449097,
              20.5624924
            ],
            [
              -105.453484,
              20.5665932
            ],
            [
              -105.457802,
              20.5707645
            ],
            [
              -105.462036,
              20.5750046
            ],
            [
              -105.466194,
              20.5793133
            ],
            [
              -105.470276,
              20.5836926
            ],
            [
              -105.474274,
              20.5881329
            ],
            [
              -105.47818,
              20.5926418
            ],
            [
              -105.48201,
              20.5972099
            ],
            [
              -105.485756,
              20.601841
            ],
            [
              -105.48941,
              20.606535
            ],
            [
              -105.492973,
              20.6112862
            ],
            [
              -105.496452,
              20.6160946
            ],
            [
              -105.49984,
              20.6209583
            ],
            [
              -105.503143,
              20.6258774
            ],
            [
              -105.506348,
              20.6308498
            ],
            [
              -105.50946,
              20.6358738
            ],
            [
              -105.512482,
              20.6409473
            ],
            [
              -105.515404,
              20.6460686
            ],
            [
              -105.518227,
              20.6512394
            ],
            [
              -105.520966,
              20.6564541
            ],
            [
              -105.523598,
              20.6617107
            ],
            [
              -105.526131,
              20.6670132
            ],
            [
              -105.528572,
              20.6723518
            ],
            [
              -105.530907,
              20.6777325
            ],
            [
              -105.533142,
              20.6831493
            ],
            [
              -105.535278,
              20.6886044
            ],
            [
              -105.537315,
              20.6940918
            ],
            [
              -105.539238,
              20.6996078
            ],
            [
              -105.541069,
              20.7051601
            ],
            [
              -105.542793,
              20.7107391
            ],
            [
              -105.544411,
              20.7163448
            ],
            [
              -105.545929,
              20.7219772
            ],
            [
              -105.54734,
              20.7276306
            ],
            [
              -105.548637,
              20.7333088
            ],
            [
              -105.549843,
              20.739006
            ],
            [
              -105.550934,
              20.7447243
            ],
            [
              -105.551918,
              20.7504578
            ],
            [
              -105.552788,
              20.7562065
            ],
            [
              -105.553566,
              20.7619705
            ],
            [
              -105.554222,
              20.7677441
            ],
            [
              -105.554779,
              20.7735271
            ],
            [
              -105.555229,
              20.7793198
            ],
            [
              -105.555565,
              20.78512
            ],
            [
              -105.555794,
              20.7909222
            ],
            [
              -105.555916,
              20.7967281
            ],
            [
              -105.555931,
              20.8025341
            ],
            [
              -105.55584,
              20.808342
            ],
            [
              -105.555634,
              20.814146
            ],
            [
              -105.555328,
              20.8199463
            ],
            [
              -105.554901,
              20.8257408
            ],
            [
              -105.554375,
              20.8315277
            ],
            [
              -105.553741,
              20.8373032
            ],
            [
              -105.552994,
              20.8430691
            ],
            [
              -105.552147,
              20.8488216
            ],
            [
              -105.551186,
              20.8545589
            ],
            [
              -105.550117,
              20.860281
            ],
            [
              -105.548943,
              20.865984
            ],
            [
              -105.547668,
              20.871664
            ],
            [
              -105.54628,
              20.877327
            ],
            [
              -105.544792,
              20.8829651
            ],
            [
              -105.543198,
              20.8885784
            ],
            [
              -105.541496,
              20.8941631
            ],
            [
              -105.539688,
              20.8997211
            ],
            [
              -105.537788,
              20.9052467
            ],
            [
              -105.535767,
              20.9107418
            ],
            [
              -105.533661,
              20.9162025
            ],
            [
              -105.531441,
              20.921629
            ],
            [
              -105.529121,
              20.9270191
            ],
            [
              -105.526703,
              20.9323673
            ],
            [
              -105.524193,
              20.9376793
            ],
            [
              -105.521568,
              20.9429455
            ],
            [
              -105.51886,
              20.9481716
            ],
            [
              -105.516045,
              20.9533482
            ],
            [
              -105.513138,
              20.9584827
            ],
            [
              -105.510139,
              20.9635658
            ],
            [
              -105.507034,
              20.9686031
            ],
            [
              -105.503838,
              20.973587
            ],
            [
              -105.500557,
              20.9785156
            ],
            [
              -105.497177,
              20.9833927
            ],
            [
              -105.493713,
              20.9882126
            ],
            [
              -105.49015,
              20.9929752
            ],
            [
              -105.486504,
              20.9976826
            ],
            [
              -105.482765,
              21.002327
            ],
            [
              -105.478951,
              21.0069084
            ],
            [
              -105.475044,
              21.0114269
            ],
            [
              -105.471054,
              21.0158806
            ],
            [
              -105.46698,
              21.0202713
            ],
            [
              -105.462822,
              21.0245934
            ],
            [
              -105.458588,
              21.0288467
            ],
            [
              -105.454269,
              21.0330315
            ],
            [
              -105.449883,
              21.0371437
            ],
            [
              -105.445404,
              21.0411835
            ],
            [
              -105.440865,
              21.0451508
            ],
            [
              -105.436249,
              21.0490437
            ],
            [
              -105.431557,
              21.0528603
            ],
            [
              -105.426796,
              21.0565968
            ],
            [
              -105.421967,
              21.0602608
            ],
            [
              -105.417068,
              21.0638409
            ],
            [
              -105.412102,
              21.0673428
            ],
            [
              -105.407074,
              21.0707607
            ],
            [
              -105.401978,
              21.0740986
            ],
            [
              -105.39682,
              21.0773525
            ],
            [
              -105.391602,
              21.0805206
            ],
            [
              -105.38633,
              21.0836029
            ],
            [
              -105.381004,
              21.0866013
            ],
            [
              -105.375618,
              21.0895081
            ],
            [
              -105.370171,
              21.0923309
            ],
            [
              -105.364677,
              21.0950623
            ],
            [
              -105.359138,
              21.0977039
            ],
            [
              -105.353546,
              21.1002541
            ],
            [
              -105.347908,
              21.1027145
            ],
            [
              -105.342224,
              21.1050816
            ],
            [
              -105.336502,
              21.1073532
            ],
            [
              -105.330727,
              21.1095352
            ],
            [
              -105.324913,
              21.1116219
            ],
            [
              -105.319069,
              21.1136112
            ],
            [
              -105.313179,
              21.1155033
            ],
            [
              -105.307266,
              21.1173038
            ],
            [
              -105.301308,
              21.1190052
            ],
            [
              -105.295326,
              21.1206093
            ],
            [
              -105.289314,
              21.1221161
            ],
            [
              -105.283279,
              21.1235237
            ],
            [
              -105.277214,
              21.1248322
            ],
            [
              -105.271118,
              21.1260433
            ],
            [
              -105.265015,
              21.1271553
            ],
            [
              -105.258881,
              21.1281643
            ],
            [
              -105.252731,
              21.1290741
            ],
            [
              -105.246567,
              21.1298828
            ],
            [
              -105.240395,
              21.1305943
            ],
            [
              -105.2342,
              21.1312008
            ],
            [
              -105.227997,
              21.1317081
            ],
            [
              -105.221786,
              21.1321144
            ],
            [
              -105.215561,
              21.1324215
            ],
            [
              -105.209343,
              21.1326237
            ],
            [
              -105.203117,
              21.1327248
            ],
            [
              -105.196892,
              21.1327248
            ]
          ]
        ]
      },
      "properties": {
        "RADII": 50,
        "STORMID": "ep202026",
        "BASIN": "ep",
        "STORMNUM": 20,
        "ADVNUM": "14A",
        "VALIDTIME": "2026101209",
        "SYNOPTIME": "2026101018",
        "TIMEZONE": "UTC",
        "TAU": 36,
        "NE": 20,
        "SE": 20,
        "SW": 20,
        "NW": 20,
        "nhc_product": "wind_radii",
        "atcf": "ep202026",
        "storm_name": "Simon",
        "storm_id": "20E"
      }
    },
    {
      "type": "Feature",
      "geometry": {
        "type": "Polygon",
        "coordinates": [
          [
            [
              -105.198448,
              20.9663639
            ],
            [
              -105.195343,
              20.9663124
            ],
            [
              -105.19223,
              20.9662113
            ],
            [
              -105.189133,
              20.9660587
            ],
            [
              -105.18602,
              20.9658566
            ],
            [
              -105.18293,
              20.9656029
            ],
            [
              -105.179832,
              20.9652977
            ],
            [
              -105.17675,
              20.9649448
            ],
            [
              -105.173668,
              20.9645405
            ],
            [
              -105.170601,
              20.9640846
            ],
            [
              -105.167534,
              20.9635811
            ],
            [
              -105.16449,
              20.963026
            ],
            [
              -105.161438,
              20.9624214
            ],
            [
              -105.158417,
              20.9617691
            ],
            [
              -105.155396,
              20.9610634
            ],
            [
              -105.15239,
              20.9603119
            ],
            [
              -105.149406,
              20.9595108
            ],
            [
              -105.146439,
              20.9586601
            ],
            [
              -105.143478,
              20.9577618
            ],
            [
              -105.140533,
              20.9568157
            ],
            [
              -105.137619,
              20.955822
            ],
            [
              -105.134712,
              20.9547806
            ],
            [
              -105.131836,
              20.9536915
            ],
            [
              -105.128967,
              20.9525566
            ],
            [
              -105.126129,
              20.9513741
            ],
            [
              -105.123306,
              20.9501457
            ],
            [
              -105.120514,
              20.9488716
            ],
            [
              -105.117752,
              20.9475517
            ],
            [
              -105.115005,
              20.946188
            ],
            [
              -105.112282,
              20.9447784
            ],
            [
              -105.109596,
              20.9433231
            ],
            [
              -105.106926,
              20.9418297
            ],
            [
              -105.104294,
              20.9402866
            ],
            [
              -105.101685,
              20.9387054
            ],
            [
              -105.099106,
              20.9370804
            ],
            [
              -105.096565,
              20.9354134
            ],
            [
              -105.094048,
              20.9337025
            ],
            [
              -105.091568,
              20.9319572
            ],
            [
              -105.089127,
              20.9301662
            ],
            [
              -105.086708,
              20.928339
            ],
            [
              -105.084328,
              20.9264698
            ],
            [
              -105.081978,
              20.9245625
            ],
            [
              -105.079674,
              20.922617
            ],
            [
              -105.0774,
              20.9206371
            ],
            [
              -105.075172,
              20.9186192
            ],
            [
              -105.072968,
              20.916563
            ],
            [
              -105.070808,
              20.9144726
            ],
            [
              -105.068695,
              20.9123478
            ],
            [
              -105.06662,
              20.9101868
            ],
            [
              -105.064583,
              20.9079952
            ],
            [
              -105.062584,
              20.9057693
            ],
            [
              -105.060631,
              20.903513
            ],
            [
              -105.058716,
              20.9012222
            ],
            [
              -105.056847,
              20.8988991
            ],
            [
              -105.055023,
              20.8965511
            ],
            [
              -105.053246,
              20.8941708
            ],
            [
              -105.051506,
              20.8917599
            ],
            [
              -105.04982,
              20.8893242
            ],
            [
              -105.04818,
              20.8868618
            ],
            [
              -105.046577,
              20.8843708
            ],
            [
              -105.045029,
              20.881855
            ],
            [
              -105.043518,
              20.8793125
            ],
            [
              -105.042061,
              20.876749
            ],
            [
              -105.040657,
              20.8741589
            ],
            [
              -105.039299,
              20.8715496
            ],
            [
              -105.037987,
              20.8689175
            ],
            [
              -105.036728,
              20.8662643
            ],
            [
              -105.035515,
              20.8635883
            ],
            [
              -105.034355,
              20.8608971
            ],
            [
              -105.033249,
              20.858181
            ],
            [
              -105.032181,
              20.8554554
            ],
            [
              -105.031174,
              20.8527069
            ],
            [
              -105.03022,
              20.8499451
            ],
            [
              -105.029312,
              20.847168
            ],
            [
              -105.028458,
              20.8443756
            ],
            [
              -105.027657,
              20.8415699
            ],
            [
              -105.026909,
              20.8387508
            ],
            [
              -105.026215,
              20.8359222
            ],
            [
              -105.025566,
              20.8330803
            ],
            [
              -105.024979,
              20.8302288
            ],
            [
              -105.024445,
              20.8273716
            ],
            [
              -105.023964,
              20.8245029
            ],
            [
              -105.023529,
              20.8216267
            ],
            [
              -105.023155,
              20.8187447
            ],
            [
              -105.022835,
              20.815855
            ],
            [
              -105.022568,
              20.8129616
            ],
            [
              -105.022354,
              20.8100643
            ],
            [
              -105.022194,
              20.8071651
            ],
            [
              -105.022095,
              20.8042622
            ],
            [
              -105.022041,
              20.8013611
            ],
            [
              -105.022041,
              20.7984562
            ],
            [
              -105.022102,
              20.7955532
            ],
            [
              -105.022217,
              20.7926521
            ],
            [
              -105.022377,
              20.789753
            ],
            [
              -105.022606,
              20.7868557
            ],
            [
              -105.022881,
              20.7839622
            ],
            [
              -105.023209,
              20.7810764
            ],
            [
              -105.02359,
              20.7781944
            ],
            [
              -105.024017,
              20.7753201
            ],
            [
              -105.024506,
              20.7724533
            ],
            [
              -105.025047,
              20.7695942
            ],
            [
              -105.02565,
              20.7667427
            ],
            [
              -105.026299,
              20.7639027
            ],
            [
              -105.026993,
              20.761076
            ],
            [
              -105.027756,
              20.7582588
            ],
            [
              -105.028557,
              20.755455
            ],
            [
              -105.029419,
              20.7526665
            ],
            [
              -105.030327,
              20.7498875
            ],
            [
              -105.031288,
              20.7471294
            ],
            [
              -105.032303,
              20.7443848
            ],
            [
              -105.033371,
              20.7416573
            ],
            [
              -105.034485,
              20.7389469
            ],
            [
              -105.035652,
              20.7362556
            ],
            [
              -105.036873,
              20.7335854
            ],
            [
              -105.038139,
              20.7309322
            ],
            [
              -105.039444,
              20.728302
            ],
            [
              -105.04081,
              20.7256927
            ],
            [
              -105.042229,
              20.7231064
            ],
            [
              -105.043686,
              20.7205448
            ],
            [
              -105.045189,
              20.718008
            ],
            [
              -105.046745,
              20.7154942
            ],
            [
              -105.048347,
              20.7130051
            ],
            [
              -105.050003,
              20.7105446
            ],
            [
              -105.051689,
              20.7081127
            ],
            [
              -105.053429,
              20.7057056
            ],
            [
              -105.055214,
              20.7033291
            ],
            [
              -105.057037,
              20.7009811
            ],
            [
              -105.058907,
              20.6986618
            ],
            [
              -105.060822,
              20.6963787
            ],
            [
              -105.062782,
              20.6941223
            ],
            [
              -105.064774,
              20.6918983
            ],
            [
              -105.066811,
              20.6897106
            ],
            [
              -105.068893,
              20.6875534
            ],
            [
              -105.071007,
              20.6854305
            ],
            [
              -105.073166,
              20.6833439
            ],
            [
              -105.075363,
              20.6812916
            ],
            [
              -105.077591,
              20.6792774
            ],
            [
              -105.079865,
              20.6772995
            ],
            [
              -105.082176,
              20.6753559
            ],
            [
              -105.084518,
              20.6734524
            ],
            [
              -105.086899,
              20.671587
            ],
            [
              -105.089317,
              20.6697617
            ],
            [
              -105.091759,
              20.6679764
            ],
            [
              -105.094238,
              20.6662312
            ],
            [
              -105.096756,
              20.664526
            ],
            [
              -105.099297,
              20.6628628
            ],
            [
              -105.101868,
              20.6612396
            ],
            [
              -105.104469,
              20.6596603
            ],
            [
              -105.107101,
              20.6581211
            ],
            [
              -105.109764,
              20.6566296
            ],
            [
              -105.112457,
              20.6551781
            ],
            [
              -105.115166,
              20.6537704
            ],
            [
              -105.117905,
              20.6524105
            ],
            [
              -105.120674,
              20.6510925
            ],
            [
              -105.123466,
              20.6498203
            ],
            [
              -105.126274,
              20.6485958
            ],
            [
              -105.129112,
              20.6474152
            ],
            [
              -105.131966,
              20.6462822
            ],
            [
              -105.134842,
              20.645195
            ],
            [
              -105.137741,
              20.6441555
            ],
            [
              -105.140656,
              20.6431637
            ],
            [
              -105.143593,
              20.6422176
            ],
            [
              -105.146545,
              20.6413231
            ],
            [
              -105.149506,
              20.6404743
            ],
            [
              -105.152496,
              20.6396751
            ],
            [
              -105.155495,
              20.6389256
            ],
            [
              -105.158501,
              20.6382217
            ],
            [
              -105.161522,
              20.6375713
            ],
            [
              -105.164566,
              20.6369667
            ],
            [
              -105.16761,
              20.6364136
            ],
            [
              -105.170662,
              20.63591
            ],
            [
              -105.173729,
              20.6354561
            ],
            [
              -105.176804,
              20.6350536
            ],
            [
              -105.179886,
              20.6346989
            ],
            [
              -105.182961,
              20.6343956
            ],
            [
              -105.186058,
              20.6341419
            ],
            [
              -105.189148,
              20.6339417
            ],
            [
              -105.192253,
              20.6337891
            ],
            [
              -105.195351,
              20.633688
            ],
            [
              -105.198456,
              20.6336365
            ],
            [
              -105.201553,
              20.6336365
            ],
            [
              -105.204659,
              20.633688
            ],
            [
              -105.207756,
              20.6337891
            ],
            [
              -105.210861,
              20.6339397
            ],
            [
              -105.213951,
              20.6341419
            ],
            [
              -105.217049,
              20.6343956
            ],
            [
              -105.220123,
              20.6346989
            ],
            [
              -105.223206,
              20.6350536
            ],
            [
              -105.22628,
              20.6354561
            ],
            [
              -105.229347,
              20.63591
            ],
            [
              -105.232399,
              20.6364136
            ],
            [
              -105.235443,
              20.6369667
            ],
            [
              -105.23848,
              20.6375713
            ],
            [
              -105.241508,
              20.6382217
            ],
            [
              -105.244514,
              20.6389256
            ],
            [
              -105.247513,
              20.6396751
            ],
            [
              -105.250496,
              20.6404743
            ],
            [
              -105.253464,
              20.6413231
            ],
            [
              -105.256416,
              20.6422176
            ],
            [
              -105.259354,
              20.6431637
            ],
            [
              -105.262268,
              20.6441555
            ],
            [
              -105.265167,
              20.645195
            ],
            [
              -105.268044,
              20.6462822
            ],
            [
              -105.270897,
              20.6474152
            ],
            [
              -105.273727,
              20.6485939
            ],
            [
              -105.276543,
              20.6498203
            ],
            [
              -105.279335,
              20.6510925
            ],
            [
              -105.282104,
              20.6524105
            ],
            [
              -105.284843,
              20.6537704
            ],
            [
              -105.287552,
              20.6551781
            ],
            [
              -105.290245,
              20.6566277
            ],
            [
              -105.2929,
              20.6581211
            ],
            [
              -105.29554,
              20.6596603
            ],
            [
              -105.298141,
              20.6612377
            ],
            [
              -105.300713,
              20.6628609
            ],
            [
              -105.303253,
              20.664526
            ],
            [
              -105.305771,
              20.6662292
            ],
            [
              -105.30825,
              20.6679764
            ],
            [
              -105.310692,
              20.6697617
            ],
            [
              -105.31311,
              20.671587
            ],
            [
              -105.315491,
              20.6734524
            ],
            [
              -105.317833,
              20.6753559
            ],
            [
              -105.320137,
              20.6772995
            ],
            [
              -105.322411,
              20.6792774
            ],
            [
              -105.324646,
              20.6812916
            ],
            [
              -105.326843,
              20.6833439
            ],
            [
              -105.329002,
              20.6854305
            ],
            [
              -105.331116,
              20.6875534
            ],
            [
              -105.333199,
              20.6897087
            ],
            [
              -105.335236,
              20.6918983
            ],
            [
              -105.337227,
              20.6941223
            ],
            [
              -105.339188,
              20.6963768
            ],
            [
              -105.341103,
              20.6986618
            ],
            [
              -105.342972,
              20.7009792
            ],
            [
              -105.344795,
              20.7033291
            ],
            [
              -105.346581,
              20.7057056
            ],
            [
              -105.34832,
              20.7081127
            ],
            [
              -105.350006,
              20.7105446
            ],
            [
              -105.351662,
              20.7130051
            ],
            [
              -105.353264,
              20.7154922
            ],
            [
              -105.35482,
              20.7180061
            ],
            [
              -105.356323,
              20.7205429
            ],
            [
              -105.35778,
              20.7231064
            ],
            [
              -105.3592,
              20.7256908
            ],
            [
              -105.360565,
              20.7283001
            ],
            [
              -105.36187,
              20.7309322
            ],
            [
              -105.363136,
              20.7335835
            ],
            [
              -105.364349,
              20.7362537
            ],
            [
              -105.365524,
              20.738945
            ],
            [
              -105.366638,
              20.7416553
            ],
            [
              -105.367699,
              20.7443829
            ],
            [
              -105.368713,
              20.7471275
            ],
            [
              -105.369682,
              20.7498875
            ],
            [
              -105.37059,
              20.7526646
            ],
            [
              -105.371452,
              20.7554531
            ],
            [
              -105.372253,
              20.7582588
            ],
            [
              -105.373016,
              20.761076
            ],
            [
              -105.373711,
              20.7639027
            ],
            [
              -105.374359,
              20.7667427
            ],
            [
              -105.374962,
              20.7695923
            ],
            [
              -105.375496,
              20.7724533
            ],
            [
              -105.375992,
              20.7753201
            ],
            [
              -105.376419,
              20.7781925
            ],
            [
              -105.376801,
              20.7810764
            ],
            [
              -105.377129,
              20.7839622
            ],
            [
              -105.377403,
              20.7868557
            ],
            [
              -105.377632,
              20.7897511
            ],
            [
              -105.377792,
              20.7926521
            ],
            [
              -105.377907,
              20.7955532
            ],
            [
              -105.377968,
              20.7984562
            ],
            [
              -105.377968,
              20.8013611
            ],
            [
              -105.377914,
              20.8042622
            ],
            [
              -105.377815,
              20.8071651
            ],
            [
              -105.377647,
              20.8100643
            ],
            [
              -105.377441,
              20.8129616
            ],
            [
              -105.377174,
              20.8158531
            ],
            [
              -105.376854,
              20.8187428
            ],
            [
              -105.376472,
              20.8216248
            ],
            [
              -105.376045,
              20.824501
            ],
            [
              -105.375565,
              20.8273697
            ],
            [
              -105.375031,
              20.8302288
            ],
            [
              -105.374443,
              20.8330784
            ],
            [
              -105.373802,
              20.8359203
            ],
            [
              -105.3731,
              20.8387489
            ],
            [
              -105.372353,
              20.8415699
            ],
            [
              -105.371552,
              20.8443737
            ],
            [
              -105.370697,
              20.8471661
            ],
            [
              -105.369789,
              20.8499432
            ],
            [
              -105.368835,
              20.852705
            ],
            [
              -105.367828,
              20.8554535
            ],
            [
              -105.36676,
              20.858181
            ],
            [
              -105.365654,
              20.8608952
            ],
            [
              -105.364494,
              20.8635883
            ],
            [
              -105.363289,
              20.8662624
            ],
            [
              -105.362022,
              20.8689175
            ],
            [
              -105.36071,
              20.8715477
            ],
            [
              -105.359352,
              20.8741589
            ],
            [
              -105.357948,
              20.8767471
            ],
            [
              -105.356491,
              20.8793125
            ],
            [
              -105.35498,
              20.8818531
            ],
            [
              -105.353432,
              20.8843708
            ],
            [
              -105.35183,
              20.8868618
            ],
            [
              -105.350197,
              20.8893242
            ],
            [
              -105.348503,
              20.8917599
            ],
            [
              -105.346764,
              20.8941708
            ],
            [
              -105.344978,
              20.8965511
            ],
            [
              -105.343155,
              20.8988991
            ],
            [
              -105.341293,
              20.9012222
            ],
            [
              -105.339378,
              20.903511
            ],
            [
              -105.337425,
              20.9057693
            ],
            [
              -105.335426,
              20.9079952
            ],
            [
              -105.333389,
              20.9101868
            ],
            [
              -105.331314,
              20.9123478
            ],
            [
              -105.329201,
              20.9144726
            ],
            [
              -105.327042,
              20.916563
            ],
            [
              -105.324837,
              20.9186192
            ],
            [
              -105.322609,
              20.9206371
            ],
            [
              -105.320335,
              20.922617
            ],
            [
              -105.318031,
              20.9245625
            ],
            [
              -105.315681,
              20.9264698
            ],
            [
              -105.313301,
              20.9283371
            ],
            [
              -105.310883,
              20.9301662
            ],
            [
              -105.308441,
              20.9319553
            ],
            [
              -105.305962,
              20.9337025
            ],
            [
              -105.303444,
              20.9354134
            ],
            [
              -105.300903,
              20.9370785
            ],
            [
              -105.298325,
              20.9387054
            ],
            [
              -105.295715,
              20.9402866
            ],
            [
              -105.293083,
              20.9418259
            ],
            [
              -105.290413,
              20.9433231
            ],
            [
              -105.287727,
              20.9447784
            ],
            [
              -105.285004,
              20.946188
            ],
            [
              -105.282257,
              20.9475517
            ],
            [
              -105.279495,
              20.9488716
            ],
            [
              -105.276703,
              20.9501457
            ],
            [
              -105.27388,
              20.9513721
            ],
            [
              -105.271042,
              20.9525566
            ],
            [
              -105.268181,
              20.9536915
            ],
            [
              -105.265305,
              20.9547806
            ],
            [
              -105.262398,
              20.955822
            ],
            [
              -105.259476,
              20.9568157
            ],
            [
              -105.256538,
              20.9577618
            ],
            [
              -105.253578,
              20.9586601
            ],
            [
              -105.250603,
              20.9595108
            ],
            [
              -105.24762,
              20.9603119
            ],
            [
              -105.244614,
              20.9610634
            ],
            [
              -105.241592,
              20.9617691
            ],
            [
              -105.238571,
              20.9624214
            ],
            [
              -105.235519,
              20.963026
            ],
            [
              -105.232475,
              20.9635811
            ],
            [
              -105.229408,
              20.9640846
            ],
            [
              -105.226341,
              20.9645405
            ],
            [
              -105.223259,
              20.9649448
            ],
            [
              -105.220177,
              20.9652977
            ],
            [
              -105.217079,
              20.9656029
            ],
            [
              -105.213989,
              20.9658566
            ],
            [
              -105.210884,
              20.9660587
            ],
            [
              -105.207779,
              20.9662113
            ],
            [
              -105.204666,
              20.9663124
            ],
            [
              -105.201561,
              20.9663639
            ],
            [
              -105.198448,
              20.9663639
            ]
          ]
        ]
      },
      "properties": {
        "RADII": 64,
        "STORMID": "ep202026",
        "BASIN": "ep",
        "STORMNUM": 20,
        "ADVNUM": "14A",
        "VALIDTIME": "2026101209",
        "SYNOPTIME": "2026101018",
        "TIMEZONE": "UTC",
        "TAU": 36,
        "NE": 10,
        "SE": 10,
        "SW": 10,
        "NW": 10,
        "nhc_product": "wind_radii",
        "atcf": "ep202026",
        "storm_name": "Simon",
        "storm_id": "20E"
      }
    },
    {
      "type": "Feature",
      "geometry": {
        "type": "Polygon",
        "coordinates": [
          [
            [
              -105.196869,
              22.2327251
            ],
            [
              -105.19059,
              22.232626
            ],
            [
              -105.184319,
              22.2324219
            ],
            [
              -105.178062,
              22.2321186
            ],
            [
              -105.171806,
              22.2317123
            ],
            [
              -105.16555,
              22.231205
            ],
            [
              -105.159309,
              22.2305946
            ],
            [
              -105.153091,
              22.2298851
            ],
            [
              -105.146873,
              22.2290745
            ],
            [
              -105.140678,
              22.2281647
            ],
            [
              -105.134506,
              22.2271557
            ],
            [
              -105.128342,
              22.2260418
            ],
            [
              -105.122208,
              22.2248344
            ],
            [
              -105.116096,
              22.223526
            ],
            [
              -105.110008,
              22.2221146
            ],
            [
              -105.103951,
              22.2206097
            ],
            [
              -105.097923,
              22.2190056
            ],
            [
              -105.091927,
              22.2173042
            ],
            [
              -105.08596,
              22.2155056
            ],
            [
              -105.080032,
              22.2136116
            ],
            [
              -105.074135,
              22.2116184
            ],
            [
              -105.068283,
              22.2095337
            ],
            [
              -105.062469,
              22.2073536
            ],
            [
              -105.056702,
              22.20508
            ],
            [
              -105.050972,
              22.202713
            ],
            [
              -105.045288,
              22.2002525
            ],
            [
              -105.03965,
              22.1977024
            ],
            [
              -105.034073,
              22.1950607
            ],
            [
              -105.028534,
              22.1923275
            ],
            [
              -105.023056,
              22.1895065
            ],
            [
              -105.017624,
              22.1865978
            ],
            [
              -105.012253,
              22.1835995
            ],
            [
              -105.006935,
              22.1805153
            ],
            [
              -105.001686,
              22.1773491
            ],
            [
              -104.996483,
              22.1740932
            ],
            [
              -104.991356,
              22.1707554
            ],
            [
              -104.98629,
              22.1673355
            ],
            [
              -104.981285,
              22.1638355
            ],
            [
              -104.976349,
              22.1602535
            ],
            [
              -104.971481,
              22.1565914
            ],
            [
              -104.966682,
              22.1528511
            ],
            [
              -104.96196,
              22.1490364
            ],
            [
              -104.957306,
              22.1451435
            ],
            [
              -104.952728,
              22.1411762
            ],
            [
              -104.948219,
              22.1371365
            ],
            [
              -104.943794,
              22.1330223
            ],
            [
              -104.939453,
              22.1288395
            ],
            [
              -104.935181,
              22.1245842
            ],
            [
              -104.931,
              22.1202621
            ],
            [
              -104.926895,
              22.1158714
            ],
            [
              -104.922874,
              22.1114159
            ],
            [
              -104.918938,
              22.1068974
            ],
            [
              -104.915092,
              22.102314
            ],
            [
              -104.911324,
              22.0976696
            ],
            [
              -104.907654,
              22.0929642
            ],
            [
              -104.904068,
              22.0882015
            ],
            [
              -104.900574,
              22.0833797
            ],
            [
              -104.897171,
              22.0785046
            ],
            [
              -104.89386,
              22.0735741
            ],
            [
              -104.890648,
              22.0685902
            ],
            [
              -104.88752,
              22.0635548
            ],
            [
              -104.884491,
              22.0584698
            ],
            [
              -104.881561,
              22.0533352
            ],
            [
              -104.878731,
              22.0481567
            ],
            [
              -104.875992,
              22.0429325
            ],
            [
              -104.87336,
              22.0376644
            ],
            [
              -104.870827,
              22.0323524
            ],
            [
              -104.868393,
              22.0270023
            ],
            [
              -104.866058,
              22.0216141
            ],
            [
              -104.863823,
              22.0161877
            ],
            [
              -104.861694,
              22.010725
            ],
            [
              -104.859673,
              22.0052319
            ],
            [
              -104.857742,
              21.9997044
            ],
            [
              -104.855927,
              21.9941463
            ],
            [
              -104.85421,
              21.9885597
            ],
            [
              -104.852608,
              21.9829483
            ],
            [
              -104.851105,
              21.9773083
            ],
            [
              -104.849709,
              21.9716473
            ],
            [
              -104.848419,
              21.9659653
            ],
            [
              -104.847244,
              21.9602604
            ],
            [
              -104.846169,
              21.9545403
            ],
            [
              -104.8452,
              21.9488029
            ],
            [
              -104.844353,
              21.9430485
            ],
            [
              -104.843597,
              21.9372845
            ],
            [
              -104.842957,
              21.9315071
            ],
            [
              -104.84243,
              21.9257221
            ],
            [
              -104.842003,
              21.9199276
            ],
            [
              -104.84169,
              21.9141273
            ],
            [
              -104.841484,
              21.9083233
            ],
            [
              -104.841393,
              21.9025173
            ],
            [
              -104.841408,
              21.8967075
            ],
            [
              -104.841537,
              21.8909016
            ],
            [
              -104.841766,
              21.8850994
            ],
            [
              -104.84211,
              21.879303
            ],
            [
              -104.84256,
              21.8735085
            ],
            [
              -104.843117,
              21.8677254
            ],
            [
              -104.843788,
              21.8619499
            ],
            [
              -104.844559,
              21.8561897
            ],
            [
              -104.845451,
              21.850441
            ],
            [
              -104.846443,
              21.8447075
            ],
            [
              -104.847549,
              21.8389893
            ],
            [
              -104.848747,
              21.833292
            ],
            [
              -104.850067,
              21.8276138
            ],
            [
              -104.851486,
              21.8219585
            ],
            [
              -104.853012,
              21.816328
            ],
            [
              -104.854645,
              21.8107224
            ],
            [
              -104.856384,
              21.8051414
            ],
            [
              -104.858231,
              21.799593
            ],
            [
              -104.860168,
              21.7940731
            ],
            [
              -104.862221,
              21.7885876
            ],
            [
              -104.864372,
              21.7831345
            ],
            [
              -104.866623,
              21.7777176
            ],
            [
              -104.86898,
              21.772337
            ],
            [
              -104.871437,
              21.7669964
            ],
            [
              -104.873993,
              21.7616978
            ],
            [
              -104.876648,
              21.7564392
            ],
            [
              -104.879402,
              21.7512245
            ],
            [
              -104.882248,
              21.7460556
            ],
            [
              -104.885193,
              21.7409325
            ],
            [
              -104.888237,
              21.7358608
            ],
            [
              -104.891373,
              21.7308369
            ],
            [
              -104.894608,
              21.7258644
            ],
            [
              -104.897926,
              21.7209454
            ],
            [
              -104.901344,
              21.7160816
            ],
            [
              -104.904846,
              21.7112732
            ],
            [
              -104.908447,
              21.706522
            ],
            [
              -104.912125,
              21.7018299
            ],
            [
              -104.915894,
              21.6971989
            ],
            [
              -104.919754,
              21.6926327
            ],
            [
              -104.923698,
              21.6881237
            ],
            [
              -104.927719,
              21.6836834
            ],
            [
              -104.931831,
              21.679306
            ],
            [
              -104.93602,
              21.6749954
            ],
            [
              -104.940285,
              21.6707573
            ],
            [
              -104.944633,
              21.6665859
            ],
            [
              -104.949066,
              21.662487
            ],
            [
              -104.953568,
              21.6584587
            ],
            [
              -104.958138,
              21.6545048
            ],
            [
              -104.962791,
              21.6506252
            ],
            [
              -104.967514,
              21.6468239
            ],
            [
              -104.972305,
              21.643095
            ],
            [
              -104.977165,
              21.6394482
            ],
            [
              -104.982094,
              21.6358795
            ],
            [
              -104.987083,
              21.632391
            ],
            [
              -104.992149,
              21.6289825
            ],
            [
              -104.997269,
              21.625658
            ],
            [
              -105.002457,
              21.6224194
            ],
            [
              -105.00769,
              21.6192627
            ],
            [
              -105.013,
              21.61619
            ],
            [
              -105.018356,
              21.613205
            ],
            [
              -105.023773,
              21.6103077
            ],
            [
              -105.029236,
              21.6074963
            ],
            [
              -105.034752,
              21.6047764
            ],
            [
              -105.040321,
              21.6021461
            ],
            [
              -105.045937,
              21.5996056
            ],
            [
              -105.051605,
              21.5971565
            ],
            [
              -105.057304,
              21.594799
            ],
            [
              -105.063057,
              21.592535
            ],
            [
              -105.068848,
              21.5903645
            ],
            [
              -105.074684,
              21.5882874
            ],
            [
              -105.080559,
              21.5863056
            ],
            [
              -105.086464,
              21.5844193
            ],
            [
              -105.0924,
              21.5826283
            ],
            [
              -105.098381,
              21.5809326
            ],
            [
              -105.104385,
              21.5793381
            ],
            [
              -105.110413,
              21.577837
            ],
            [
              -105.116478,
              21.576437
            ],
            [
              -105.122566,
              21.5751324
            ],
            [
              -105.12867,
              21.5739288
            ],
            [
              -105.134796,
              21.5728226
            ],
            [
              -105.140953,
              21.5718155
            ],
            [
              -105.147118,
              21.5709095
            ],
            [
              -105.153297,
              21.5701027
            ],
            [
              -105.1595,
              21.569397
            ],
            [
              -105.16571,
              21.5687904
            ],
            [
              -105.171936,
              21.5682869
            ],
            [
              -105.178162,
              21.5678825
            ],
            [
              -105.184395,
              21.5675793
            ],
            [
              -105.190643,
              21.5673771
            ],
            [
              -105.196884,
              21.567276
            ],
            [
              -105.204681,
              21.4009132
            ],
            [
              -105.214035,
              21.4010639
            ],
            [
              -105.223381,
              21.4013672
            ],
            [
              -105.232727,
              21.4018211
            ],
            [
              -105.242065,
              21.4024277
            ],
            [
              -105.251381,
              21.4031811
            ],
            [
              -105.260689,
              21.4040909
            ],
            [
              -105.269974,
              21.4051495
            ],
            [
              -105.279243,
              21.4063587
            ],
            [
              -105.288483,
              21.4077129
            ],
            [
              -105.297699,
              21.4092216
            ],
            [
              -105.306885,
              21.4108772
            ],
            [
              -105.316032,
              21.4126835
            ],
            [
              -105.325157,
              21.4146366
            ],
            [
              -105.334236,
              21.4167366
            ],
            [
              -105.343277,
              21.4189835
            ],
            [
              -105.35228,
              21.4213772
            ],
            [
              -105.361221,
              21.4239159
            ],
            [
              -105.370132,
              21.4265976
            ],
            [
              -105.378983,
              21.4294243
            ],
            [
              -105.387779,
              21.432394
            ],
            [
              -105.396515,
              21.4355049
            ],
            [
              -105.405197,
              21.4387589
            ],
            [
              -105.413818,
              21.442152
            ],
            [
              -105.422379,
              21.4456825
            ],
            [
              -105.430855,
              21.4493523
            ],
            [
              -105.439278,
              21.4531593
            ],
            [
              -105.447624,
              21.4571018
            ],
            [
              -105.455894,
              21.4611778
            ],
            [
              -105.464088,
              21.4653893
            ],
            [
              -105.472206,
              21.4697304
            ],
            [
              -105.480232,
              21.4742031
            ],
            [
              -105.488182,
              21.4788055
            ],
            [
              -105.496048,
              21.4835377
            ],
            [
              -105.503815,
              21.4883938
            ],
            [
              -105.511497,
              21.4933758
            ],
            [
              -105.519081,
              21.4984818
            ],
            [
              -105.526573,
              21.5037098
            ],
            [
              -105.533958,
              21.509058
            ],
            [
              -105.541245,
              21.5145245
            ],
            [
              -105.548431,
              21.5201092
            ],
            [
              -105.555519,
              21.5258102
            ],
            [
              -105.562492,
              21.5316238
            ],
            [
              -105.569351,
              21.5375481
            ],
            [
              -105.576103,
              21.5435848
            ],
            [
              -105.582741,
              21.5497284
            ],
            [
              -105.589264,
              21.5559807
            ],
            [
              -105.595673,
              21.5623379
            ],
            [
              -105.601952,
              21.5687943
            ],
            [
              -105.608124,
              21.5753517
            ],
            [
              -105.614159,
              21.5820122
            ],
            [
              -105.620071,
              21.5887661
            ],
            [
              -105.62587,
              21.5956154
            ],
            [
              -105.631523,
              21.6025562
            ],
            [
              -105.637047,
              21.6095924
            ],
            [
              -105.642441,
              21.6167126
            ],
            [
              -105.647713,
              21.6239204
            ],
            [
              -105.652832,
              21.6312103
            ],
            [
              -105.657829,
              21.638586
            ],
            [
              -105.662674,
              21.6460381
            ],
            [
              -105.667389,
              21.6535683
            ],
            [
              -105.671959,
              21.6611748
            ],
            [
              -105.676384,
              21.6688519
            ],
            [
              -105.680656,
              21.6766014
            ],
            [
              -105.684799,
              21.6844177
            ],
            [
              -105.688789,
              21.6923027
            ],
            [
              -105.692627,
              21.7002487
            ],
            [
              -105.69632,
              21.7082558
            ],
            [
              -105.69986,
              21.7163219
            ],
            [
              -105.703247,
              21.7244453
            ],
            [
              -105.706482,
              21.7326183
            ],
            [
              -105.709564,
              21.7408485
            ],
            [
              -105.712494,
              21.7491226
            ],
            [
              -105.715271,
              21.7574444
            ],
            [
              -105.71788,
              21.76581
            ],
            [
              -105.720337,
              21.7742176
            ],
            [
              -105.722641,
              21.7826614
            ],
            [
              -105.724785,
              21.7911415
            ],
            [
              -105.726761,
              21.7996559
            ],
            [
              -105.728584,
              21.8082008
            ],
            [
              -105.730247,
              21.8167763
            ],
            [
              -105.731743,
              21.8253708
            ],
            [
              -105.733078,
              21.8339939
            ],
            [
              -105.734253,
              21.842638
            ],
            [
              -105.735275,
              21.8512974
            ],
            [
              -105.736122,
              21.859972
            ],
            [
              -105.736809,
              21.86866
            ],
            [
              -105.737335,
              21.8773575
            ],
            [
              -105.737701,
              21.8860607
            ],
            [
              -105.737892,
              21.8947697
            ],
            [
              -105.917236,
              21.9042511
            ],
            [
              -105.917076,
              21.9158669
            ],
            [
              -105.916695,
              21.927475
            ],
            [
              -105.9161,
              21.9390755
            ],
            [
              -105.915283,
              21.9506664
            ],
            [
              -105.914253,
              21.9622402
            ],
            [
              -105.913002,
              21.9737968
            ],
            [
              -105.91153,
              21.9853306
            ],
            [
              -105.909843,
              21.9968395
            ],
            [
              -105.907944,
              22.0083199
            ],
            [
              -105.905823,
              22.0197659
            ],
            [
              -105.903496,
              22.0311775
            ],
            [
              -105.900948,
              22.0425491
            ],
            [
              -105.898178,
              22.0538769
            ],
            [
              -105.895203,
              22.0651608
            ],
            [
              -105.892014,
              22.0763912
            ],
            [
              -105.888618,
              22.0875702
            ],
            [
              -105.885002,
              22.0986919
            ],
            [
              -105.881187,
              22.1097527
            ],
            [
              -105.877159,
              22.1207523
            ],
            [
              -105.872925,
              22.1316853
            ],
            [
              -105.868477,
              22.1425438
            ],
            [
              -105.863831,
              22.1533337
            ],
            [
              -105.858978,
              22.1640434
            ],
            [
              -105.853928,
              22.1746731
            ],
            [
              -105.848679,
              22.1852207
            ],
            [
              -105.843224,
              22.1956806
            ],
            [
              -105.837578,
              22.2060509
            ],
            [
              -105.831734,
              22.2163296
            ],
            [
              -105.825699,
              22.2265091
            ],
            [
              -105.819466,
              22.2365913
            ],
            [
              -105.813049,
              22.2465706
            ],
            [
              -105.806442,
              22.2564449
            ],
            [
              -105.799644,
              22.2662106
            ],
            [
              -105.792671,
              22.2758656
            ],
            [
              -105.785507,
              22.2854061
            ],
            [
              -105.778175,
              22.2948265
            ],
            [
              -105.770653,
              22.3041286
            ],
            [
              -105.762962,
              22.3133068
            ],
            [
              -105.755104,
              22.322361
            ],
            [
              -105.747063,
              22.3312836
            ],
            [
              -105.738861,
              22.3400764
            ],
            [
              -105.730492,
              22.3487358
            ],
            [
              -105.721954,
              22.3572578
            ],
            [
              -105.713264,
              22.3656406
            ],
            [
              -105.704414,
              22.3738785
            ],
            [
              -105.695404,
              22.3819752
            ],
            [
              -105.686249,
              22.3899231
            ],
            [
              -105.676933,
              22.3977222
            ],
            [
              -105.66748,
              22.4053688
            ],
            [
              -105.65789,
              22.4128628
            ],
            [
              -105.648148,
              22.4201984
            ],
            [
              -105.638268,
              22.4273739
            ],
            [
              -105.62825,
              22.434391
            ],
            [
              -105.618111,
              22.4412441
            ],
            [
              -105.607834,
              22.4479313
            ],
            [
              -105.597435,
              22.4544506
            ],
            [
              -105.586914,
              22.4608021
            ],
            [
              -105.576271,
              22.4669838
            ],
            [
              -105.565514,
              22.4729881
            ],
            [
              -105.554642,
              22.4788189
            ],
            [
              -105.543663,
              22.4844742
            ],
            [
              -105.532578,
              22.4899502
            ],
            [
              -105.521393,
              22.495245
            ],
            [
              -105.510101,
              22.5003586
            ],
            [
              -105.498726,
              22.5052872
            ],
            [
              -105.487244,
              22.5100327
            ],
            [
              -105.475677,
              22.5145893
            ],
            [
              -105.464035,
              22.518961
            ],
            [
              -105.452301,
              22.52314
            ],
            [
              -105.440498,
              22.527132
            ],
            [
              -105.428612,
              22.5309296
            ],
            [
              -105.416656,
              22.5345345
            ],
            [
              -105.40464,
              22.5379448
            ],
            [
              -105.392555,
              22.5411625
            ],
            [
              -105.380409,
              22.5441818
            ],
            [
              -105.36821,
              22.5470047
            ],
            [
              -105.355965,
              22.5496292
            ],
            [
              -105.343666,
              22.5520573
            ],
            [
              -105.331322,
              22.5542812
            ],
            [
              -105.318939,
              22.5563087
            ],
            [
              -105.306519,
              22.5581341
            ],
            [
              -105.29406,
              22.5597572
            ],
            [
              -105.281586,
              22.5611782
            ],
            [
              -105.269081,
              22.5623989
            ],
            [
              -105.256546,
              22.5634155
            ],
            [
              -105.243996,
              22.56423
            ],
            [
              -105.231445,
              22.5648403
            ],
            [
              -105.218872,
              22.5652485
            ],
            [
              -105.206299,
              22.5654526
            ],
            [
              -105.196869,
              22.2327251
            ]
          ]
        ]
      },
      "properties": {
        "RADII": 34,
        "STORMID": "ep202026",
        "BASIN": "ep",
        "STORMNUM": 20,
        "ADVNUM": "14A",
        "VALIDTIME": "2026101221",
        "SYNOPTIME": "2026101018",
        "TIMEZONE": "UTC",
        "TAU": 48,
        "NE": 20,
        "SE": 20,
        "SW": 30,
        "NW": 40,
        "nhc_product": "wind_radii",
        "atcf": "ep202026",
        "storm_name": "Simon",
        "storm_id": "20E"
      }
    },
    {
      "type": "Feature",
      "geometry": {
        "type": "Polygon",
        "coordinates": [
          [
            [
              -104.787727,
              19.2295418
            ],
            [
              -104.763153,
              19.2291336
            ],
            [
              -104.738594,
              19.2283173
            ],
            [
              -104.71405,
              19.2270927
            ],
            [
              -104.689537,
              19.225462
            ],
            [
              -104.665054,
              19.223423
            ],
            [
              -104.64061,
              19.2209797
            ],
            [
              -104.616241,
              19.2181282
            ],
            [
              -104.591904,
              19.2148743
            ],
            [
              -104.567642,
              19.2112179
            ],
            [
              -104.543449,
              19.2071552
            ],
            [
              -104.519348,
              19.2026939
            ],
            [
              -104.495323,
              19.1978359
            ],
            [
              -104.471397,
              19.1925755
            ],
            [
              -104.447563,
              19.1869202
            ],
            [
              -104.423843,
              19.1808701
            ],
            [
              -104.400238,
              19.1744251
            ],
            [
              -104.376762,
              19.167593
            ],
            [
              -104.353416,
              19.1603661
            ],
            [
              -104.330208,
              19.1527596
            ],
            [
              -104.307159,
              19.1447639
            ],
            [
              -104.284248,
              19.1363907
            ],
            [
              -104.261505,
              19.1276321
            ],
            [
              -104.23893,
              19.1184998
            ],
            [
              -104.21653,
              19.1089973
            ],
            [
              -104.194305,
              19.099123
            ],
            [
              -104.172279,
              19.0888805
            ],
            [
              -104.150436,
              19.07827
            ],
            [
              -104.128815,
              19.0673027
            ],
            [
              -104.107384,
              19.0559769
            ],
            [
              -104.086166,
              19.0442982
            ],
            [
              -104.065178,
              19.0322685
            ],
            [
              -104.044411,
              19.0198898
            ],
            [
              -104.023895,
              19.0071716
            ],
            [
              -104.003601,
              18.9941158
            ],
            [
              -103.983559,
              18.9807205
            ],
            [
              -103.963776,
              18.9669971
            ],
            [
              -103.944252,
              18.9529476
            ],
            [
              -103.924995,
              18.9385757
            ],
            [
              -103.906013,
              18.9238834
            ],
            [
              -103.887299,
              18.9088821
            ],
            [
              -103.86895,
              18.8934994
            ],
            [
              -103.851044,
              18.8776722
            ],
            [
              -103.833603,
              18.861412
            ],
            [
              -103.81662,
              18.8447323
            ],
            [
              -103.800133,
              18.8276386
            ],
            [
              -103.784134,
              18.8101444
            ],
            [
              -103.768631,
              18.7922611
            ],
            [
              -103.753632,
              18.7739983
            ],
            [
              -103.739151,
              18.7553692
            ],
            [
              -103.725121,
              18.736454
            ],
            [
              -103.711449,
              18.7173347
            ],
            [
              -103.698166,
              18.6980171
            ],
            [
              -103.685272,
              18.6785069
            ],
            [
              -103.672752,
              18.6588173
            ],
            [
              -103.660614,
              18.6389446
            ],
            [
              -103.648888,
              18.6189022
            ],
            [
              -103.637543,
              18.5986938
            ],
            [
              -103.626579,
              18.5783291
            ],
            [
              -103.616028,
              18.5578098
            ],
            [
              -103.605873,
              18.5371494
            ],
            [
              -103.5961,
              18.5163517
            ],
            [
              -103.586761,
              18.4954262
            ],
            [
              -103.577805,
              18.4743748
            ],
            [
              -103.569252,
              18.4532089
            ],
            [
              -103.561119,
              18.4319305
            ],
            [
              -103.553391,
              18.4105511
            ],
            [
              -103.546066,
              18.3890762
            ],
            [
              -103.539154,
              18.3675156
            ],
            [
              -103.532661,
              18.345871
            ],
            [
              -103.526566,
              18.3241539
            ],
            [
              -103.520882,
              18.3023682
            ],
            [
              -103.515617,
              18.2805252
            ],
            [
              -103.510773,
              18.2586269
            ],
            [
              -103.506332,
              18.236681
            ],
            [
              -103.502304,
              18.2146988
            ],
            [
              -103.498695,
              18.1926823
            ],
            [
              -103.495499,
              18.1706429
            ],
            [
              -103.492714,
              18.1485825
            ],
            [
              -103.490341,
              18.1265144
            ],
            [
              -103.488388,
              18.1044407
            ],
            [
              -103.486847,
              18.0823689
            ],
            [
              -103.485703,
              18.0603085
            ],
            [
              -103.484978,
              18.0382614
            ],
            [
              -103.484657,
              18.0162411
            ],
            [
              -103.484741,
              17.9942474
            ],
            [
              -103.485229,
              17.9722939
            ],
            [
              -103.486122,
              17.9503803
            ],
            [
              -103.487411,
              17.9285202
            ],
            [
              -103.489113,
              17.9067154
            ],
            [
              -103.491219,
              17.8849735
            ],
            [
              -103.493713,
              17.8633041
            ],
            [
              -103.496613,
              17.841713
            ],
            [
              -103.499893,
              17.8202019
            ],
            [
              -103.503548,
              17.7987843
            ],
            [
              -103.507607,
              17.7774582
            ],
            [
              -103.512054,
              17.756237
            ],
            [
              -103.516876,
              17.7351284
            ],
            [
              -103.522079,
              17.7141323
            ],
            [
              -103.527672,
              17.6932564
            ],
            [
              -103.533623,
              17.6725082
            ],
            [
              -103.539955,
              17.6518936
            ],
            [
              -103.546654,
              17.6314182
            ],
            [
              -103.553711,
              17.6110916
            ],
            [
              -103.561142,
              17.5909119
            ],
            [
              -103.568916,
              17.5708923
            ],
            [
              -103.577057,
              17.5510349
            ],
            [
              -103.585541,
              17.5313473
            ],
            [
              -103.594376,
              17.5118332
            ],
            [
              -103.603546,
              17.4924984
            ],
            [
              -103.613068,
              17.4733505
            ],
            [
              -103.622902,
              17.4543915
            ],
            [
              -103.633087,
              17.4356308
            ],
            [
              -103.643585,
              17.4170704
            ],
            [
              -103.654404,
              17.398716
            ],
            [
              -103.66555,
              17.3805714
            ],
            [
              -103.677002,
              17.3626461
            ],
            [
              -103.688766,
              17.3449402
            ],
            [
              -103.700836,
              17.3274612
            ],
            [
              -103.713203,
              17.3102131
            ],
            [
              -103.725861,
              17.2932014
            ],
            [
              -103.7388,
              17.2764282
            ],
            [
              -103.752037,
              17.259901
            ],
            [
              -103.765541,
              17.2436237
            ],
            [
              -103.779327,
              17.2275982
            ],
            [
              -103.793381,
              17.211832
            ],
            [
              -103.807709,
              17.1963272
            ],
            [
              -103.822281,
              17.1810875
            ],
            [
              -103.837105,
              17.1661148
            ],
            [
              -103.85218,
              17.1514206
            ],
            [
              -103.8675,
              17.1369991
            ],
            [
              -103.883049,
              17.122858
            ],
            [
              -103.898842,
              17.1090012
            ],
            [
              -103.914848,
              17.0954361
            ],
            [
              -103.931084,
              17.0821571
            ],
            [
              -103.947533,
              17.0691757
            ],
            [
              -103.96418,
              17.056488
            ],
            [
              -103.981041,
              17.0441055
            ],
            [
              -103.998077,
              17.0320206
            ],
            [
              -104.015312,
              17.0202446
            ],
            [
              -104.032745,
              17.0087757
            ],
            [
              -104.050346,
              16.9976196
            ],
            [
              -104.06813,
              16.9867764
            ],
            [
              -104.08606,
              16.9762478
            ],
            [
              -104.104164,
              16.9660416
            ],
            [
              -104.122421,
              16.9561539
            ],
            [
              -104.140823,
              16.9465866
            ],
            [
              -104.159355,
              16.9373417
            ],
            [
              -104.178032,
              16.9284286
            ],
            [
              -104.196854,
              16.919838
            ],
            [
              -104.21579,
              16.911581
            ],
            [
              -104.234833,
              16.9036522
            ],
            [
              -104.253998,
              16.896059
            ],
            [
              -104.273247,
              16.8887978
            ],
            [
              -104.29261,
              16.8818741
            ],
            [
              -104.312057,
              16.8752823
            ],
            [
              -104.331589,
              16.86903
            ],
            [
              -104.351212,
              16.8631153
            ],
            [
              -104.370895,
              16.8575363
            ],
            [
              -104.390656,
              16.8523006
            ],
            [
              -104.410469,
              16.8474026
            ],
            [
              -104.430336,
              16.8428459
            ],
            [
              -104.450256,
              16.8386307
            ],
            [
              -104.470207,
              16.834753
            ],
            [
              -104.490204,
              16.8312168
            ],
            [
              -104.510223,
              16.8280239
            ],
            [
              -104.530251,
              16.8251667
            ],
            [
              -104.550316,
              16.8226547
            ],
            [
              -104.570381,
              16.8204803
            ],
            [
              -104.590446,
              16.8186455
            ],
            [
              -104.610504,
              16.8171501
            ],
            [
              -104.630562,
              16.8159924
            ],
            [
              -104.650604,
              16.815176
            ],
            [
              -104.670624,
              16.8146896
            ],
            [
              -104.690605,
              16.8145466
            ],
            [
              -104.710571,
              16.8147354
            ],
            [
              -104.730492,
              16.8152561
            ],
            [
              -104.750351,
              16.8161106
            ],
            [
              -104.770172,
              16.8172989
            ],
            [
              -104.789932,
              16.8188095
            ],
            [
              -104.809624,
              16.8206558
            ],
            [
              -104.829247,
              16.8228226
            ],
            [
              -104.848793,
              16.8253174
            ],
            [
              -104.868256,
              16.8281326
            ],
            [
              -104.88765,
              16.8312702
            ],
            [
              -104.906937,
              16.8347263
            ],
            [
              -104.926125,
              16.8384991
            ],
            [
              -104.945221,
              16.8425865
            ],
            [
              -104.964203,
              16.846983
            ],
            [
              -104.983055,
              16.8516903
            ],
            [
              -105.001801,
              16.8567047
            ],
            [
              -105.020409,
              16.8620262
            ],
            [
              -105.038887,
              16.8676491
            ],
            [
              -105.057228,
              16.8735676
            ],
            [
              -105.075439,
              16.8797836
            ],
            [
              -105.093498,
              16.8862934
            ],
            [
              -105.111397,
              16.8930912
            ],
            [
              -105.129135,
              16.900177
            ],
            [
              -105.146721,
              16.907547
            ],
            [
              -105.164139,
              16.9151974
            ],
            [
              -105.181374,
              16.9231262
            ],
            [
              -105.198448,
              16.9313259
            ],
            [
              -105.215324,
              16.9397984
            ],
            [
              -105.232025,
              16.9485359
            ],
            [
              -105.24852,
              16.9575367
            ],
            [
              -105.264839,
              16.9667969
            ],
            [
              -105.280945,
              16.9763126
            ],
            [
              -105.296844,
              16.9860783
            ],
            [
              -105.312538,
              16.9960957
            ],
            [
              -105.328033,
              17.0063553
            ],
            [
              -105.343292,
              17.0168533
            ],
            [
              -105.358345,
              17.027586
            ],
            [
              -105.373169,
              17.0385513
            ],
            [
              -105.387756,
              17.0497437
            ],
            [
              -105.402115,
              17.0611572
            ],
            [
              -105.416237,
              17.0727921
            ],
            [
              -105.430115,
              17.0846386
            ],
            [
              -105.443756,
              17.0966969
            ],
            [
              -105.457138,
              17.1089573
            ],
            [
              -105.470291,
              17.1214218
            ],
            [
              -105.48317,
              17.134079
            ],
            [
              -105.496033,
              17.1467113
            ],
            [
              -105.509109,
              17.1591091
            ],
            [
              -105.5224,
              17.1712799
            ],
            [
              -105.535934,
              17.183239
            ],
            [
              -105.549706,
              17.1949997
            ],
            [
              -105.563728,
              17.2065659
            ],
            [
              -105.578033,
              17.2179508
            ],
            [
              -105.592598,
              17.2291756
            ],
            [
              -105.60746,
              17.2402458
            ],
            [
              -105.622406,
              17.2513962
            ],
            [
              -105.637177,
              17.2628384
            ],
            [
              -105.651787,
              17.2745762
            ],
            [
              -105.666222,
              17.2866077
            ],
            [
              -105.680481,
              17.2989273
            ],
            [
              -105.694542,
              17.3115368
            ],
            [
              -105.70842,
              17.3244267
            ],
            [
              -105.722099,
              17.3376007
            ],
            [
              -105.735573,
              17.3510532
            ],
            [
              -105.748825,
              17.3647842
            ],
            [
              -105.761871,
              17.378788
            ],
            [
              -105.774689,
              17.3930607
            ],
            [
              -105.78727,
              17.4076023
            ],
            [
              -105.799637,
              17.4224091
            ],
            [
              -105.811752,
              17.4374752
            ],
            [
              -105.823616,
              17.4527969
            ],
            [
              -105.835236,
              17.4683723
            ],
            [
              -105.846596,
              17.4841976
            ],
            [
              -105.857697,
              17.5002689
            ],
            [
              -105.868515,
              17.5165806
            ],
            [
              -105.879066,
              17.5331326
            ],
            [
              -105.889343,
              17.5499153
            ],
            [
              -105.899323,
              17.566927
            ],
            [
              -105.909019,
              17.5841637
            ],
            [
              -105.918411,
              17.6016216
            ],
            [
              -105.927505,
              17.6192932
            ],
            [
              -105.936302,
              17.6371765
            ],
            [
              -105.944786,
              17.6552658
            ],
            [
              -105.95295,
              17.6735535
            ],
            [
              -105.960785,
              17.6920414
            ],
            [
              -105.9683,
              17.7107182
            ],
            [
              -105.975487,
              17.7295799
            ],
            [
              -105.982338,
              17.748621
            ],
            [
              -105.988846,
              17.7678394
            ],
            [
              -105.99501,
              17.7872238
            ],
            [
              -106.000824,
              17.8067722
            ],
            [
              -106.006279,
              17.8264809
            ],
            [
              -106.011383,
              17.8463364
            ],
            [
              -106.016136,
              17.8663425
            ],
            [
              -106.020523,
              17.886488
            ],
            [
              -106.024536,
              17.9067669
            ],
            [
              -106.028175,
              17.9271736
            ],
            [
              -106.031433,
              17.9477005
            ],
            [
              -106.034325,
              17.9683456
            ],
            [
              -106.036827,
              17.9890995
            ],
            [
              -106.03894,
              18.0099564
            ],
            [
              -106.040672,
              18.0309067
            ],
            [
              -106.042007,
              18.0519485
            ],
            [
              -106.042953,
              18.0730705
            ],
            [
              -106.043488,
              18.0942726
            ],
            [
              -106.043625,
              18.1155415
            ],
            [
              -106.043365,
              18.1368732
            ],
            [
              -106.042694,
              18.1582584
            ],
            [
              -106.041618,
              18.179697
            ],
            [
              -106.040131,
              18.2011738
            ],
            [
              -106.038239,
              18.2226849
            ],
            [
              -106.035934,
              18.2442245
            ],
            [
              -106.033211,
              18.2657833
            ],
            [
              -106.030067,
              18.2873554
            ],
            [
              -106.026512,
              18.3089333
            ],
            [
              -106.02253,
              18.330513
            ],
            [
              -106.018127,
              18.3520775
            ],
            [
              -106.013306,
              18.3736286
            ],
            [
              -106.008064,
              18.3951569
            ],
            [
              -106.002396,
              18.4166527
            ],
            [
              -105.996307,
              18.4381104
            ],
            [
              -105.989777,
              18.4595203
            ],
            [
              -105.982834,
              18.4808769
            ],
            [
              -105.975471,
              18.5021744
            ],
            [
              -105.967682,
              18.5233994
            ],
            [
              -105.95945,
              18.5445499
            ],
            [
              -105.950813,
              18.5656166
            ],
            [
              -105.941742,
              18.5865917
            ],
            [
              -105.932259,
              18.6074657
            ],
            [
              -105.922333,
              18.6282349
            ],
            [
              -105.91201,
              18.6488895
            ],
            [
              -105.901253,
              18.6694183
            ],
            [
              -105.890068,
              18.6898212
            ],
            [
              -105.878464,
              18.7100849
            ],
            [
              -105.866455,
              18.7302036
            ],
            [
              -105.854027,
              18.7501659
            ],
            [
              -105.841034,
              18.7698288
            ],
            [
              -105.827332,
              18.7890224
            ],
            [
              -105.812935,
              18.8077316
            ],
            [
              -105.797859,
              18.8259392
            ],
            [
              -105.782104,
              18.8436279
            ],
            [
              -105.765709,
              18.8607826
            ],
            [
              -105.748657,
              18.8773861
            ],
            [
              -105.730995,
              18.8934212
            ],
            [
              -105.712723,
              18.9088764
            ],
            [
              -105.694008,
              18.9238815
            ],
            [
              -105.675018,
              18.93857
            ],
            [
              -105.655762,
              18.9529419
            ],
            [
              -105.636246,
              18.9669914
            ],
            [
              -105.616447,
              18.9807167
            ],
            [
              -105.596405,
              18.9941101
            ],
            [
              -105.576126,
              19.0071697
            ],
            [
              -105.555595,
              19.0198898
            ],
            [
              -105.534843,
              19.0322647
            ],
            [
              -105.513855,
              19.0442944
            ],
            [
              -105.492645,
              19.055975
            ],
            [
              -105.471222,
              19.0673008
            ],
            [
              -105.449593,
              19.07827
            ],
            [
              -105.42775,
              19.0888767
            ],
            [
              -105.405708,
              19.0991192
            ],
            [
              -105.383499,
              19.1089954
            ],
            [
              -105.361084,
              19.1184978
            ],
            [
              -105.338516,
              19.1276302
            ],
            [
              -105.315773,
              19.136385
            ],
            [
              -105.29287,
              19.144762
            ],
            [
              -105.269806,
              19.1527557
            ],
            [
              -105.246597,
              19.1603642
            ],
            [
              -105.223259,
              19.1675892
            ],
            [
              -105.199783,
              19.1744232
            ],
            [
              -105.176178,
              19.1808662
            ],
            [
              -105.152466,
              19.1869164
            ],
            [
              -105.128632,
              19.1925735
            ],
            [
              -105.104706,
              19.197834
            ],
            [
              -105.080688,
              19.2026939
            ],
            [
              -105.056572,
              19.2071571
            ],
            [
              -105.032379,
              19.2112179
            ],
            [
              -105.008125,
              19.2148762
            ],
            [
              -104.983788,
              19.2181301
            ],
            [
              -104.959396,
              19.2209797
            ],
            [
              -104.934967,
              19.2234249
            ],
            [
              -104.910484,
              19.225462
            ],
            [
              -104.885971,
              19.2270908
            ],
            [
              -104.861435,
              19.2283154
            ],
            [
              -104.836876,
              19.2291336
            ],
            [
              -104.812294,
              19.2295399
            ],
            [
              -104.787727,
              19.2295418
            ]
          ]
        ]
      },
      "properties": {
        "RADII": 34,
        "STORMID": "ep202026",
        "BASIN": "ep",
        "STORMNUM": 20,
        "ADVNUM": "14A",
        "VALIDTIME": "2026101100",
        "SYNOPTIME": "2026101018",
        "TIMEZONE": "UTC",
        "TAU": 0,
        "NE": 80,
        "SE": 70,
        "SW": 60,
        "NW": 80,
        "nhc_product": "wind_radii",
        "atcf": "ep202026",
        "storm_name": "Simon",
        "storm_id": "20E"
      }
    },
    {
      "type": "Feature",
      "geometry": {
        "type": "Polygon",
        "coordinates": [
          [
            [
              -104.793892,
              18.5647736
            ],
            [
              -104.781647,
              18.5645695
            ],
            [
              -104.769417,
              18.5641651
            ],
            [
              -104.757195,
              18.5635529
            ],
            [
              -104.74498,
              18.5627403
            ],
            [
              -104.732788,
              18.5617256
            ],
            [
              -104.720619,
              18.5605087
            ],
            [
              -104.708466,
              18.5590897
            ],
            [
              -104.696358,
              18.5574665
            ],
            [
              -104.684265,
              18.5556431
            ],
            [
              -104.672218,
              18.5536251
            ],
            [
              -104.660202,
              18.5514011
            ],
            [
              -104.648239,
              18.5489807
            ],
            [
              -104.636314,
              18.54636
            ],
            [
              -104.624443,
              18.5435429
            ],
            [
              -104.612633,
              18.5405293
            ],
            [
              -104.600861,
              18.5373192
            ],
            [
              -104.589165,
              18.5339146
            ],
            [
              -104.57753,
              18.5303154
            ],
            [
              -104.565964,
              18.5265255
            ],
            [
              -104.554474,
              18.5225449
            ],
            [
              -104.54306,
              18.5183697
            ],
            [
              -104.531723,
              18.5140076
            ],
            [
              -104.520477,
              18.5094585
            ],
            [
              -104.5093,
              18.5047226
            ],
            [
              -104.498222,
              18.4998035
            ],
            [
              -104.487228,
              18.4946995
            ],
            [
              -104.476341,
              18.4894142
            ],
            [
              -104.465546,
              18.4839497
            ],
            [
              -104.454857,
              18.4783058
            ],
            [
              -104.444267,
              18.4724846
            ],
            [
              -104.4338,
              18.4664879
            ],
            [
              -104.423431,
              18.4603195
            ],
            [
              -104.413193,
              18.4539833
            ],
            [
              -104.403061,
              18.4474716
            ],
            [
              -104.393066,
              18.4407978
            ],
            [
              -104.383186,
              18.4339561
            ],
            [
              -104.373444,
              18.4269524
            ],
            [
              -104.363823,
              18.4197884
            ],
            [
              -104.354347,
              18.412466
            ],
            [
              -104.345001,
              18.4049854
            ],
            [
              -104.335823,
              18.3973179
            ],
            [
              -104.326874,
              18.3894272
            ],
            [
              -104.318153,
              18.3813171
            ],
            [
              -104.309662,
              18.3729992
            ],
            [
              -104.301414,
              18.3644714
            ],
            [
              -104.293404,
              18.3557453
            ],
            [
              -104.285645,
              18.3468246
            ],
            [
              -104.27813,
              18.3377151
            ],
            [
              -104.270882,
              18.3284206
            ],
            [
              -104.263847,
              18.3189812
            ],
            [
              -104.257004,
              18.3094406
            ],
            [
              -104.250343,
              18.299799
            ],
            [
              -104.243881,
              18.290062
            ],
            [
              -104.237617,
              18.2802353
            ],
            [
              -104.231529,
              18.2703171
            ],
            [
              -104.225639,
              18.2603111
            ],
            [
              -104.21994,
              18.2502232
            ],
            [
              -104.214432,
              18.2400589
            ],
            [
              -104.209137,
              18.2298145
            ],
            [
              -104.204018,
              18.2194996
            ],
            [
              -104.19912,
              18.2091141
            ],
            [
              -104.19442,
              18.1986656
            ],
            [
              -104.189911,
              18.1881561
            ],
            [
              -104.185608,
              18.1775837
            ],
            [
              -104.181503,
              18.1669559
            ],
            [
              -104.177612,
              18.1562786
            ],
            [
              -104.17392,
              18.1455536
            ],
            [
              -104.170425,
              18.1347847
            ],
            [
              -104.167145,
              18.12397
            ],
            [
              -104.164062,
              18.1131229
            ],
            [
              -104.161179,
              18.1022396
            ],
            [
              -104.158516,
              18.0913239
            ],
            [
              -104.156059,
              18.0803833
            ],
            [
              -104.153793,
              18.069418
            ],
            [
              -104.151741,
              18.0584316
            ],
            [
              -104.149902,
              18.0474319
            ],
            [
              -104.148247,
              18.0364151
            ],
            [
              -104.14682,
              18.0253887
            ],
            [
              -104.145599,
              18.0143566
            ],
            [
              -104.144577,
              18.0033226
            ],
            [
              -104.143761,
              17.9922886
            ],
            [
              -104.14315,
              17.9812584
            ],
            [
              -104.142738,
              17.9702377
            ],
            [
              -104.14254,
              17.9592247
            ],
            [
              -104.142548,
              17.9482307
            ],
            [
              -104.142754,
              17.9372501
            ],
            [
              -104.14315,
              17.9262943
            ],
            [
              -104.143768,
              17.9153595
            ],
            [
              -104.144569,
              17.9044571
            ],
            [
              -104.145584,
              17.8935814
            ],
            [
              -104.146797,
              17.8827419
            ],
            [
              -104.148201,
              17.8719406
            ],
            [
              -104.149811,
              17.8611794
            ],
            [
              -104.151604,
              17.850462
            ],
            [
              -104.153595,
              17.8397923
            ],
            [
              -104.155777,
              17.829174
            ],
            [
              -104.15815,
              17.8186111
            ],
            [
              -104.160713,
              17.8081036
            ],
            [
              -104.163475,
              17.7976551
            ],
            [
              -104.16642,
              17.7872696
            ],
            [
              -104.169548,
              17.7769547
            ],
            [
              -104.172867,
              17.7667046
            ],
            [
              -104.176361,
              17.7565308
            ],
            [
              -104.180046,
              17.7464314
            ],
            [
              -104.183907,
              17.7364063
            ],
            [
              -104.187943,
              17.7264633
            ],
            [
              -104.192154,
              17.7166061
            ],
            [
              -104.196533,
              17.7068367
            ],
            [
              -104.201088,
              17.6971531
            ],
            [
              -104.205833,
              17.6875648
            ],
            [
              -104.210724,
              17.6780701
            ],
            [
              -104.21579,
              17.6686745
            ],
            [
              -104.221031,
              17.65938
            ],
            [
              -104.22641,
              17.6501846
            ],
            [
              -104.231964,
              17.641098
            ],
            [
              -104.237679,
              17.6321182
            ],
            [
              -104.24353,
              17.6232491
            ],
            [
              -104.24955,
              17.6144924
            ],
            [
              -104.255707,
              17.6058502
            ],
            [
              -104.262024,
              17.5973282
            ],
            [
              -104.268494,
              17.5889244
            ],
            [
              -104.275093,
              17.5806427
            ],
            [
              -104.281837,
              17.572485
            ],
            [
              -104.288727,
              17.564455
            ],
            [
              -104.295746,
              17.5565529
            ],
            [
              -104.302895,
              17.5487843
            ],
            [
              -104.310173,
              17.5411453
            ],
            [
              -104.317589,
              17.5336399
            ],
            [
              -104.325119,
              17.5262737
            ],
            [
              -104.332779,
              17.5190449
            ],
            [
              -104.340546,
              17.5119572
            ],
            [
              -104.348442,
              17.5050125
            ],
            [
              -104.356453,
              17.498209
            ],
            [
              -104.364571,
              17.4915524
            ],
            [
              -104.372795,
              17.4850426
            ],
            [
              -104.381134,
              17.4786835
            ],
            [
              -104.389557,
              17.4724731
            ],
            [
              -104.398094,
              17.4664116
            ],
            [
              -104.406723,
              17.4605083
            ],
            [
              -104.415436,
              17.4547577
            ],
            [
              -104.424248,
              17.4491615
            ],
            [
              -104.433151,
              17.4437237
            ],
            [
              -104.442131,
              17.4384422
            ],
            [
              -104.451202,
              17.4333229
            ],
            [
              -104.460342,
              17.4283619
            ],
            [
              -104.469559,
              17.4235649
            ],
            [
              -104.478851,
              17.4189281
            ],
            [
              -104.488197,
              17.4144554
            ],
            [
              -104.497627,
              17.4101486
            ],
            [
              -104.507111,
              17.4060059
            ],
            [
              -104.516655,
              17.4020271
            ],
            [
              -104.526253,
              17.3982162
            ],
            [
              -104.535912,
              17.3945732
            ],
            [
              -104.545593,
              17.391098
            ],
            [
              -104.555351,
              17.3877907
            ],
            [
              -104.565155,
              17.3846531
            ],
            [
              -104.574982,
              17.3816833
            ],
            [
              -104.584854,
              17.3788834
            ],
            [
              -104.594757,
              17.3762589
            ],
            [
              -104.604683,
              17.3737984
            ],
            [
              -104.614647,
              17.3715115
            ],
            [
              -104.624626,
              17.3693924
            ],
            [
              -104.634628,
              17.367445
            ],
            [
              -104.644653,
              17.3656693
            ],
            [
              -104.654694,
              17.3640652
            ],
            [
              -104.664734,
              17.3626308
            ],
            [
              -104.674789,
              17.3613663
            ],
            [
              -104.684853,
              17.3602734
            ],
            [
              -104.694916,
              17.3593521
            ],
            [
              -104.704971,
              17.3585987
            ],
            [
              -104.715034,
              17.3580151
            ],
            [
              -104.725075,
              17.3576012
            ],
            [
              -104.735123,
              17.357357
            ],
            [
              -104.745148,
              17.3572807
            ],
            [
              -104.755157,
              17.3573723
            ],
            [
              -104.765137,
              17.3576336
            ],
            [
              -104.775108,
              17.3580589
            ],
            [
              -104.785042,
              17.3586502
            ],
            [
              -104.794952,
              17.3594093
            ],
            [
              -104.804825,
              17.3603306
            ],
            [
              -104.814674,
              17.361412
            ],
            [
              -104.824471,
              17.3626614
            ],
            [
              -104.834236,
              17.3640709
            ],
            [
              -104.843956,
              17.3656406
            ],
            [
              -104.853622,
              17.3673725
            ],
            [
              -104.863251,
              17.3692608
            ],
            [
              -104.872818,
              17.3713074
            ],
            [
              -104.882339,
              17.3735104
            ],
            [
              -104.891792,
              17.3758698
            ],
            [
              -104.901192,
              17.3783798
            ],
            [
              -104.910507,
              17.3810444
            ],
            [
              -104.919785,
              17.3838615
            ],
            [
              -104.928986,
              17.3868275
            ],
            [
              -104.93811,
              17.3899403
            ],
            [
              -104.947166,
              17.3932018
            ],
            [
              -104.956139,
              17.3966064
            ],
            [
              -104.965027,
              17.4001579
            ],
            [
              -104.973839,
              17.4038486
            ],
            [
              -104.982567,
              17.4076824
            ],
            [
              -104.991203,
              17.4116554
            ],
            [
              -104.999756,
              17.4157639
            ],
            [
              -105.008209,
              17.4200077
            ],
            [
              -105.016571,
              17.4243851
            ],
            [
              -105.024849,
              17.4288921
            ],
            [
              -105.033012,
              17.4335346
            ],
            [
              -105.041092,
              17.4383011
            ],
            [
              -105.049049,
              17.4431953
            ],
            [
              -105.056915,
              17.4482136
            ],
            [
              -105.064667,
              17.453352
            ],
            [
              -105.072311,
              17.4586105
            ],
            [
              -105.079849,
              17.4639893
            ],
            [
              -105.08728,
              17.4694824
            ],
            [
              -105.094574,
              17.4750881
            ],
            [
              -105.101753,
              17.4808064
            ],
            [
              -105.10881,
              17.4866352
            ],
            [
              -105.115761,
              17.492569
            ],
            [
              -105.122589,
              17.4986076
            ],
            [
              -105.129295,
              17.5047512
            ],
            [
              -105.135872,
              17.510994
            ],
            [
              -105.142311,
              17.5173321
            ],
            [
              -105.148743,
              17.5236588
            ],
            [
              -105.155281,
              17.529871
            ],
            [
              -105.161919,
              17.5359688
            ],
            [
              -105.168686,
              17.5419598
            ],
            [
              -105.175575,
              17.5478516
            ],
            [
              -105.182594,
              17.5536499
            ],
            [
              -105.189743,
              17.5593586
            ],
            [
              -105.197037,
              17.5649853
            ],
            [
              -105.204468,
              17.5705338
            ],
            [
              -105.211937,
              17.5761242
            ],
            [
              -105.21933,
              17.5818615
            ],
            [
              -105.226631,
              17.5877457
            ],
            [
              -105.233849,
              17.5937748
            ],
            [
              -105.240974,
              17.5999527
            ],
            [
              -105.248009,
              17.6062717
            ],
            [
              -105.254936,
              17.6127357
            ],
            [
              -105.261749,
              17.6193371
            ],
            [
              -105.268486,
              17.6260796
            ],
            [
              -105.275116,
              17.6329613
            ],
            [
              -105.281624,
              17.6399784
            ],
            [
              -105.28804,
              17.647131
            ],
            [
              -105.294319,
              17.654417
            ],
            [
              -105.300484,
              17.6618347
            ],
            [
              -105.306526,
              17.6693821
            ],
            [
              -105.312447,
              17.6770592
            ],
            [
              -105.318237,
              17.684864
            ],
            [
              -105.323906,
              17.692791
            ],
            [
              -105.329437,
              17.7008438
            ],
            [
              -105.334831,
              17.709013
            ],
            [
              -105.34008,
              17.7173042
            ],
            [
              -105.3452,
              17.7257099
            ],
            [
              -105.350174,
              17.73423
            ],
            [
              -105.354988,
              17.7428627
            ],
            [
              -105.359673,
              17.7516041
            ],
            [
              -105.364197,
              17.7604523
            ],
            [
              -105.368561,
              17.7694073
            ],
            [
              -105.37278,
              17.7784653
            ],
            [
              -105.376846,
              17.7876205
            ],
            [
              -105.38073,
              17.7968769
            ],
            [
              -105.38446,
              17.8062267
            ],
            [
              -105.388023,
              17.8156681
            ],
            [
              -105.391418,
              17.8251991
            ],
            [
              -105.394638,
              17.8348179
            ],
            [
              -105.397697,
              17.8445206
            ],
            [
              -105.400574,
              17.8543034
            ],
            [
              -105.403267,
              17.8641663
            ],
            [
              -105.405792,
              17.8741074
            ],
            [
              -105.408127,
              17.8841171
            ],
            [
              -105.410286,
              17.8941956
            ],
            [
              -105.412262,
              17.9043388
            ],
            [
              -105.414032,
              17.9145508
            ],
            [
              -105.415634,
              17.9248199
            ],
            [
              -105.417038,
              17.9351463
            ],
            [
              -105.418259,
              17.945528
            ],
            [
              -105.419281,
              17.9559593
            ],
            [
              -105.420105,
              17.9664402
            ],
            [
              -105.420738,
              17.976963
            ],
            [
              -105.421165,
              17.9875259
            ],
            [
              -105.42141,
              17.9981289
            ],
            [
              -105.42144,
              18.0087643
            ],
            [
              -105.421272,
              18.0194302
            ],
            [
              -105.420898,
              18.0301228
            ],
            [
              -105.420319,
              18.0408382
            ],
            [
              -105.419548,
              18.0515747
            ],
            [
              -105.418564,
              18.0623283
            ],
            [
              -105.417374,
              18.0730953
            ],
            [
              -105.41597,
              18.0838718
            ],
            [
              -105.41436,
              18.0946541
            ],
            [
              -105.412552,
              18.1054363
            ],
            [
              -105.410515,
              18.1162205
            ],
            [
              -105.408287,
              18.126997
            ],
            [
              -105.405838,
              18.1377659
            ],
            [
              -105.403183,
              18.1485214
            ],
            [
              -105.400307,
              18.1592636
            ],
            [
              -105.39724,
              18.169981
            ],
            [
              -105.393936,
              18.1806774
            ],
            [
              -105.390434,
              18.1913452
            ],
            [
              -105.386719,
              18.2019825
            ],
            [
              -105.38279,
              18.2125835
            ],
            [
              -105.378654,
              18.2231464
            ],
            [
              -105.374306,
              18.2336674
            ],
            [
              -105.369751,
              18.2441425
            ],
            [
              -105.364975,
              18.2545662
            ],
            [
              -105.359993,
              18.2649364
            ],
            [
              -105.354805,
              18.2752476
            ],
            [
              -105.349403,
              18.2854996
            ],
            [
              -105.343796,
              18.2956848
            ],
            [
              -105.337982,
              18.3057995
            ],
            [
              -105.331947,
              18.3158417
            ],
            [
              -105.325722,
              18.3258095
            ],
            [
              -105.319214,
              18.3356228
            ],
            [
              -105.312347,
              18.3451977
            ],
            [
              -105.305145,
              18.3545341
            ],
            [
              -105.297592,
              18.3636189
            ],
            [
              -105.289719,
              18.3724442
            ],
            [
              -105.281517,
              18.3810005
            ],
            [
              -105.272987,
              18.3892803
            ],
            [
              -105.26416,
              18.3972778
            ],
            [
              -105.255035,
              18.4049835
            ],
            [
              -105.245689,
              18.4124622
            ],
            [
              -105.236206,
              18.4197865
            ],
            [
              -105.226585,
              18.4269524
            ],
            [
              -105.216827,
              18.4339561
            ],
            [
              -105.20694,
              18.4407959
            ],
            [
              -105.196938,
              18.4474716
            ],
            [
              -105.186813,
              18.4539795
            ],
            [
              -105.176575,
              18.4603195
            ],
            [
              -105.166222,
              18.4664879
            ],
            [
              -105.155746,
              18.4724827
            ],
            [
              -105.145164,
              18.4783039
            ],
            [
              -105.134468,
              18.4839478
            ],
            [
              -105.12368,
              18.4894142
            ],
            [
              -105.112778,
              18.4946976
            ],
            [
              -105.101807,
              18.4998016
            ],
            [
              -105.090729,
              18.5047226
            ],
            [
              -105.079552,
              18.5094585
            ],
            [
              -105.068298,
              18.5140076
            ],
            [
              -105.056961,
              18.5183697
            ],
            [
              -105.04554,
              18.522543
            ],
            [
              -105.034042,
              18.5265255
            ],
            [
              -105.022484,
              18.5303173
            ],
            [
              -105.010849,
              18.5339146
            ],
            [
              -104.999161,
              18.5373173
            ],
            [
              -104.987396,
              18.5405293
            ],
            [
              -104.975563,
              18.543541
            ],
            [
              -104.963699,
              18.5463619
            ],
            [
              -104.951782,
              18.5489807
            ],
            [
              -104.939804,
              18.5514011
            ],
            [
              -104.927795,
              18.553627
            ],
            [
              -104.915749,
              18.555645
            ],
            [
              -104.903664,
              18.5574665
            ],
            [
              -104.891533,
              18.5590878
            ],
            [
              -104.879402,
              18.5605087
            ],
            [
              -104.867226,
              18.5617275
            ],
            [
              -104.855034,
              18.5627384
            ],
            [
              -104.842834,
              18.5635529
            ],
            [
              -104.830597,
              18.5641613
            ],
            [
              -104.818367,
              18.5645695
            ],
            [
              -104.806129,
              18.5647736
            ],
            [
              -104.793892,
              18.5647736
            ]
          ]
        ]
      },
      "properties": {
        "RADII": 50,
        "STORMID": "ep202026",
        "BASIN": "ep",
        "STORMNUM": 20,
        "ADVNUM": "14A",
        "VALIDTIME": "2026101100",
        "SYNOPTIME": "2026101018",
        "TIMEZONE": "UTC",
        "TAU": 0,
        "NE": 40,
        "SE": 35,
        "SW": 30,
        "NW": 40,
        "nhc_product": "wind_radii",
        "atcf": "ep202026",
        "storm_name": "Simon",
        "storm_id": "20E"
      }
    },
    {
      "type": "Feature",
      "geometry": {
        "type": "Polygon",
        "coordinates": [
          [
            [
              -104.796959,
              18.2323875
            ],
            [
              -104.790848,
              18.2322865
            ],
            [
              -104.784744,
              18.2320824
            ],
            [
              -104.778648,
              18.2317791
            ],
            [
              -104.772552,
              18.2313747
            ],
            [
              -104.766464,
              18.2308674
            ],
            [
              -104.760391,
              18.2302608
            ],
            [
              -104.754326,
              18.2295513
            ],
            [
              -104.748276,
              18.2287426
            ],
            [
              -104.742241,
              18.2278347
            ],
            [
              -104.736237,
              18.2268238
            ],
            [
              -104.73024,
              18.2257156
            ],
            [
              -104.724266,
              18.2245064
            ],
            [
              -104.7183,
              18.2231979
            ],
            [
              -104.712372,
              18.2217941
            ],
            [
              -104.70649,
              18.2202873
            ],
            [
              -104.70063,
              18.2186852
            ],
            [
              -104.694786,
              18.2169876
            ],
            [
              -104.688972,
              18.2151909
            ],
            [
              -104.683197,
              18.2132988
            ],
            [
              -104.67746,
              18.2113113
            ],
            [
              -104.671761,
              18.2092304
            ],
            [
              -104.666107,
              18.2070541
            ],
            [
              -104.660484,
              18.2047806
            ],
            [
              -104.654907,
              18.2024193
            ],
            [
              -104.649376,
              18.1999607
            ],
            [
              -104.64389,
              18.1974125
            ],
            [
              -104.638451,
              18.1947746
            ],
            [
              -104.633057,
              18.192049
            ],
            [
              -104.627716,
              18.1892319
            ],
            [
              -104.622429,
              18.1863251
            ],
            [
              -104.617203,
              18.1833324
            ],
            [
              -104.612022,
              18.1802521
            ],
            [
              -104.606911,
              18.1770878
            ],
            [
              -104.601852,
              18.1738396
            ],
            [
              -104.596863,
              18.1705093
            ],
            [
              -104.591919,
              18.1670933
            ],
            [
              -104.587044,
              18.1635952
            ],
            [
              -104.582245,
              18.160017
            ],
            [
              -104.577492,
              18.1563625
            ],
            [
              -104.572823,
              18.1526279
            ],
            [
              -104.568268,
              18.1487808
            ],
            [
              -104.563858,
              18.1447887
            ],
            [
              -104.559601,
              18.1406517
            ],
            [
              -104.555496,
              18.1363792
            ],
            [
              -104.551544,
              18.1319714
            ],
            [
              -104.547768,
              18.1274338
            ],
            [
              -104.544159,
              18.1227703
            ],
            [
              -104.540726,
              18.1179867
            ],
            [
              -104.537468,
              18.1130848
            ],
            [
              -104.534355,
              18.1081047
            ],
            [
              -104.531342,
              18.1030884
            ],
            [
              -104.528419,
              18.0980339
            ],
            [
              -104.525612,
              18.092947
            ],
            [
              -104.522911,
              18.0878239
            ],
            [
              -104.520302,
              18.0826721
            ],
            [
              -104.517807,
              18.0774918
            ],
            [
              -104.515411,
              18.0722809
            ],
            [
              -104.513138,
              18.0670471
            ],
            [
              -104.510956,
              18.0617905
            ],
            [
              -104.508881,
              18.0565128
            ],
            [
              -104.506905,
              18.0512142
            ],
            [
              -104.505043,
              18.0458984
            ],
            [
              -104.503281,
              18.0405674
            ],
            [
              -104.501625,
              18.0352211
            ],
            [
              -104.500076,
              18.0298634
            ],
            [
              -104.498634,
              18.0244961
            ],
            [
              -104.497299,
              18.0191212
            ],
            [
              -104.496063,
              18.0137386
            ],
            [
              -104.494942,
              18.0083523
            ],
            [
              -104.493927,
              18.0029602
            ],
            [
              -104.493004,
              17.99757
            ],
            [
              -104.492188,
              17.9921799
            ],
            [
              -104.491486,
              17.9867935
            ],
            [
              -104.490875,
              17.981411
            ],
            [
              -104.490379,
              17.9760361
            ],
            [
              -104.489975,
              17.9706688
            ],
            [
              -104.489677,
              17.9653091
            ],
            [
              -104.489487,
              17.9599648
            ],
            [
              -104.489395,
              17.9546299
            ],
            [
              -104.489403,
              17.9493122
            ],
            [
              -104.48951,
              17.9440117
            ],
            [
              -104.489716,
              17.9387283
            ],
            [
              -104.490021,
              17.9334679
            ],
            [
              -104.490417,
              17.9282265
            ],
            [
              -104.490921,
              17.9230118
            ],
            [
              -104.491524,
              17.9178181
            ],
            [
              -104.492218,
              17.912653
            ],
            [
              -104.493004,
              17.9075184
            ],
            [
              -104.493881,
              17.9024105
            ],
            [
              -104.49485,
              17.897337
            ],
            [
              -104.495934,
              17.8922958
            ],
            [
              -104.497101,
              17.887289
            ],
            [
              -104.498352,
              17.8823166
            ],
            [
              -104.499687,
              17.8773842
            ],
            [
              -104.501129,
              17.8724899
            ],
            [
              -104.502647,
              17.8676376
            ],
            [
              -104.504242,
              17.8628254
            ],
            [
              -104.505936,
              17.8580551
            ],
            [
              -104.507706,
              17.8533344
            ],
            [
              -104.50956,
              17.8486557
            ],
            [
              -104.511505,
              17.8440247
            ],
            [
              -104.513519,
              17.8394413
            ],
            [
              -104.515617,
              17.8349094
            ],
            [
              -104.517792,
              17.830431
            ],
            [
              -104.52005,
              17.8260002
            ],
            [
              -104.522385,
              17.8216305
            ],
            [
              -104.524796,
              17.8173103
            ],
            [
              -104.527275,
              17.8130474
            ],
            [
              -104.529823,
              17.8088379
            ],
            [
              -104.532448,
              17.8046913
            ],
            [
              -104.535149,
              17.8006001
            ],
            [
              -104.53791,
              17.7965698
            ],
            [
              -104.540733,
              17.7926044
            ],
            [
              -104.543617,
              17.7887001
            ],
            [
              -104.546577,
              17.7848568
            ],
            [
              -104.549606,
              17.7810783
            ],
            [
              -104.552689,
              17.7773666
            ],
            [
              -104.555824,
              17.7737179
            ],
            [
              -104.559021,
              17.7701378
            ],
            [
              -104.562286,
              17.7666245
            ],
            [
              -104.56559,
              17.7631798
            ],
            [
              -104.568947,
              17.7598038
            ],
            [
              -104.572357,
              17.7564983
            ],
            [
              -104.575836,
              17.7532635
            ],
            [
              -104.579338,
              17.7501011
            ],
            [
              -104.582901,
              17.7470074
            ],
            [
              -104.586517,
              17.743988
            ],
            [
              -104.590164,
              17.7410431
            ],
            [
              -104.593849,
              17.7381706
            ],
            [
              -104.597588,
              17.7353706
            ],
            [
              -104.601357,
              17.7326469
            ],
            [
              -104.605171,
              17.7299995
            ],
            [
              -104.609016,
              17.7274246
            ],
            [
              -104.6129,
              17.724926
            ],
            [
              -104.616814,
              17.7225056
            ],
            [
              -104.620766,
              17.7201614
            ],
            [
              -104.624748,
              17.7178917
            ],
            [
              -104.628754,
              17.7157021
            ],
            [
              -104.63279,
              17.7135887
            ],
            [
              -104.636856,
              17.7115555
            ],
            [
              -104.640938,
              17.7095966
            ],
            [
              -104.645035,
              17.7077141
            ],
            [
              -104.649155,
              17.7059135
            ],
            [
              -104.65329,
              17.7041893
            ],
            [
              -104.657448,
              17.7025433
            ],
            [
              -104.661629,
              17.7009773
            ],
            [
              -104.665817,
              17.6994896
            ],
            [
              -104.670013,
              17.6980782
            ],
            [
              -104.674225,
              17.6967468
            ],
            [
              -104.678444,
              17.6954918
            ],
            [
              -104.682671,
              17.694315
            ],
            [
              -104.686905,
              17.6932182
            ],
            [
              -104.691147,
              17.6921959
            ],
            [
              -104.695389,
              17.6912575
            ],
            [
              -104.699623,
              17.6903915
            ],
            [
              -104.703865,
              17.6896019
            ],
            [
              -104.708099,
              17.6888905
            ],
            [
              -104.712349,
              17.6882553
            ],
            [
              -104.716576,
              17.6876965
            ],
            [
              -104.720795,
              17.6872158
            ],
            [
              -104.725014,
              17.6868076
            ],
            [
              -104.729218,
              17.6864758
            ],
            [
              -104.733429,
              17.6862164
            ],
            [
              -104.73761,
              17.6860332
            ],
            [
              -104.741776,
              17.6859226
            ],
            [
              -104.745934,
              17.6858864
            ],
            [
              -104.750084,
              17.6859226
            ],
            [
              -104.754204,
              17.6860313
            ],
            [
              -104.758308,
              17.6862106
            ],
            [
              -104.76239,
              17.6864624
            ],
            [
              -104.766449,
              17.6867828
            ],
            [
              -104.770485,
              17.6871719
            ],
            [
              -104.774498,
              17.6876316
            ],
            [
              -104.778488,
              17.6881599
            ],
            [
              -104.782448,
              17.6887569
            ],
            [
              -104.786369,
              17.6894169
            ],
            [
              -104.790268,
              17.6901474
            ],
            [
              -104.794151,
              17.6909409
            ],
            [
              -104.797974,
              17.6917953
            ],
            [
              -104.801788,
              17.6927204
            ],
            [
              -104.805557,
              17.6937027
            ],
            [
              -104.809296,
              17.6947498
            ],
            [
              -104.813011,
              17.695858
            ],
            [
              -104.816658,
              17.6970253
            ],
            [
              -104.820282,
              17.6982498
            ],
            [
              -104.823875,
              17.6995354
            ],
            [
              -104.827415,
              17.7008781
            ],
            [
              -104.83091,
              17.7022762
            ],
            [
              -104.834373,
              17.7037315
            ],
            [
              -104.837776,
              17.7052383
            ],
            [
              -104.841148,
              17.7068005
            ],
            [
              -104.844467,
              17.7084141
            ],
            [
              -104.847748,
              17.7100811
            ],
            [
              -104.850983,
              17.7117977
            ],
            [
              -104.854164,
              17.7135601
            ],
            [
              -104.8573,
              17.715374
            ],
            [
              -104.860382,
              17.7172337
            ],
            [
              -104.863411,
              17.7191391
            ],
            [
              -104.866394,
              17.7210922
            ],
            [
              -104.869324,
              17.7230873
            ],
            [
              -104.8722,
              17.7251225
            ],
            [
              -104.875031,
              17.7272015
            ],
            [
              -104.877785,
              17.7293224
            ],
            [
              -104.880501,
              17.7314796
            ],
            [
              -104.883156,
              17.733675
            ],
            [
              -104.885773,
              17.7359085
            ],
            [
              -104.888321,
              17.7381763
            ],
            [
              -104.890808,
              17.7404785
            ],
            [
              -104.893242,
              17.742815
            ],
            [
              -104.895615,
              17.7451839
            ],
            [
              -104.897926,
              17.7475834
            ],
            [
              -104.900185,
              17.7500114
            ],
            [
              -104.902382,
              17.7524681
            ],
            [
              -104.90451,
              17.7549515
            ],
            [
              -104.906601,
              17.7574615
            ],
            [
              -104.90863,
              17.7599964
            ],
            [
              -104.910591,
              17.7625523
            ],
            [
              -104.912491,
              17.7651348
            ],
            [
              -104.91433,
              17.7677364
            ],
            [
              -104.9161,
              17.7703571
            ],
            [
              -104.917931,
              17.7728882
            ],
            [
              -104.919937,
              17.7752285
            ],
            [
              -104.922134,
              17.77738
            ],
            [
              -104.924515,
              17.7793522
            ],
            [
              -104.927086,
              17.7811527
            ],
            [
              -104.929871,
              17.7827892
            ],
            [
              -104.932877,
              17.7842655
            ],
            [
              -104.936073,
              17.785593
            ],
            [
              -104.939522,
              17.7867775
            ],
            [
              -104.943077,
              17.7879372
            ],
            [
              -104.946617,
              17.7891788
            ],
            [
              -104.950165,
              17.7905045
            ],
            [
              -104.953705,
              17.7919178
            ],
            [
              -104.957245,
              17.7934113
            ],
            [
              -104.960777,
              17.7949905
            ],
            [
              -104.964287,
              17.7966576
            ],
            [
              -104.967804,
              17.7984085
            ],
            [
              -104.971283,
              17.8002415
            ],
            [
              -104.974762,
              17.8021641
            ],
            [
              -104.978218,
              17.8041706
            ],
            [
              -104.981651,
              17.806263
            ],
            [
              -104.985054,
              17.8084393
            ],
            [
              -104.988441,
              17.8106995
            ],
            [
              -104.991806,
              17.8130455
            ],
            [
              -104.99514,
              17.8154755
            ],
            [
              -104.998436,
              17.8179913
            ],
            [
              -105.001701,
              17.8205929
            ],
            [
              -105.004936,
              17.8232746
            ],
            [
              -105.008125,
              17.8260422
            ],
            [
              -105.011284,
              17.8288898
            ],
            [
              -105.014389,
              17.8318253
            ],
            [
              -105.017456,
              17.8348351
            ],
            [
              -105.020477,
              17.8379288
            ],
            [
              -105.02346,
              17.8411045
            ],
            [
              -105.026382,
              17.8443604
            ],
            [
              -105.029259,
              17.8476944
            ],
            [
              -105.032074,
              17.8511105
            ],
            [
              -105.034843,
              17.8546009
            ],
            [
              -105.037544,
              17.8581715
            ],
            [
              -105.040199,
              17.8618126
            ],
            [
              -105.042793,
              17.8655319
            ],
            [
              -105.045303,
              17.8693256
            ],
            [
              -105.04776,
              17.8731918
            ],
            [
              -105.050148,
              17.8771324
            ],
            [
              -105.052467,
              17.8811436
            ],
            [
              -105.054718,
              17.8852234
            ],
            [
              -105.056892,
              17.88937
            ],
            [
              -105.05899,
              17.893589
            ],
            [
              -105.061005,
              17.8978748
            ],
            [
              -105.062958,
              17.9022198
            ],
            [
              -105.064819,
              17.9066334
            ],
            [
              -105.066605,
              17.911108
            ],
            [
              -105.068298,
              17.9156437
            ],
            [
              -105.069908,
              17.9202385
            ],
            [
              -105.071426,
              17.9248924
            ],
            [
              -105.072861,
              17.9296036
            ],
            [
              -105.074203,
              17.9343681
            ],
            [
              -105.075455,
              17.939188
            ],
            [
              -105.076614,
              17.9440594
            ],
            [
              -105.077675,
              17.9489803
            ],
            [
              -105.078644,
              17.953949
            ],
            [
              -105.079506,
              17.9589634
            ],
            [
              -105.080284,
              17.9640274
            ],
            [
              -105.08094,
              17.9691296
            ],
            [
              -105.081512,
              17.9742756
            ],
            [
              -105.081978,
              17.9794598
            ],
            [
              -105.082314,
              17.984684
            ],
            [
              -105.082573,
              17.9899445
            ],
            [
              -105.082718,
              17.9952354
            ],
            [
              -105.082756,
              18.0005608
            ],
            [
              -105.082672,
              18.0059147
            ],
            [
              -105.082489,
              18.0112991
            ],
            [
              -105.082184,
              18.0167046
            ],
            [
              -105.081757,
              18.0221367
            ],
            [
              -105.081245,
              18.0275917
            ],
            [
              -105.080597,
              18.0330639
            ],
            [
              -105.079849,
              18.0385551
            ],
            [
              -105.078972,
              18.0440578
            ],
            [
              -105.077972,
              18.0495777
            ],
            [
              -105.076874,
              18.0551071
            ],
            [
              -105.075645,
              18.0606422
            ],
            [
              -105.074303,
              18.066185
            ],
            [
              -105.07283,
              18.0717316
            ],
            [
              -105.071236,
              18.07728
            ],
            [
              -105.069534,
              18.0828285
            ],
            [
              -105.067703,
              18.0883713
            ],
            [
              -105.06575,
              18.0939102
            ],
            [
              -105.063675,
              18.0994415
            ],
            [
              -105.061478,
              18.1049614
            ],
            [
              -105.059151,
              18.1104717
            ],
            [
              -105.056625,
              18.1158905
            ],
            [
              -105.053833,
              18.1211433
            ],
            [
              -105.050774,
              18.1262207
            ],
            [
              -105.047455,
              18.1311169
            ],
            [
              -105.043892,
              18.1358261
            ],
            [
              -105.04007,
              18.140337
            ],
            [
              -105.036011,
              18.1446457
            ],
            [
              -105.031715,
              18.1487446
            ],
            [
              -105.027191,
              18.152626
            ],
            [
              -105.022514,
              18.1563606
            ],
            [
              -105.017776,
              18.160017
            ],
            [
              -105.01297,
              18.1635933
            ],
            [
              -105.008087,
              18.1670914
            ],
            [
              -105.003159,
              18.1705074
            ],
            [
              -104.998154,
              18.1738377
            ],
            [
              -104.993103,
              18.1770878
            ],
            [
              -104.987984,
              18.1802502
            ],
            [
              -104.982819,
              18.1833286
            ],
            [
              -104.977585,
              18.1863232
            ],
            [
              -104.972298,
              18.1892319
            ],
            [
              -104.966957,
              18.1920471
            ],
            [
              -104.961571,
              18.1947746
            ],
            [
              -104.956139,
              18.1974125
            ],
            [
              -104.950653,
              18.1999607
            ],
            [
              -104.945122,
              18.2024155
            ],
            [
              -104.939545,
              18.2047806
            ],
            [
              -104.933914,
              18.2070522
            ],
            [
              -104.928253,
              18.2092285
            ],
            [
              -104.922546,
              18.2113113
            ],
            [
              -104.916809,
              18.2132969
            ],
            [
              -104.911041,
              18.2151909
            ],
            [
              -104.905235,
              18.2169857
            ],
            [
              -104.899391,
              18.2186852
            ],
            [
              -104.893524,
              18.2202873
            ],
            [
              -104.887627,
              18.2217941
            ],
            [
              -104.881706,
              18.2231979
            ],
            [
              -104.875763,
              18.2245064
            ],
            [
              -104.869781,
              18.2257156
            ],
            [
              -104.863792,
              18.2268238
            ],
            [
              -104.857773,
              18.2278328
            ],
            [
              -104.851738,
              18.2287426
            ],
            [
              -104.845688,
              18.2295513
            ],
            [
              -104.83963,
              18.2302608
            ],
            [
              -104.833565,
              18.2308674
            ],
            [
              -104.827477,
              18.2313747
            ],
            [
              -104.821381,
              18.2317791
            ],
            [
              -104.815277,
              18.2320824
            ],
            [
              -104.809174,
              18.2322865
            ],
            [
              -104.803062,
              18.2323875
            ],
            [
              -104.796959,
              18.2323875
            ]
          ]
        ]
      },
      "properties": {
        "RADII": 64,
        "STORMID": "ep202026",
        "BASIN": "ep",
        "STORMNUM": 20,
        "ADVNUM": "14A",
        "VALIDTIME": "2026101100",
        "SYNOPTIME": "2026101018",
        "TIMEZONE": "UTC",
        "TAU": 0,
        "NE": 20,
        "SE": 15,
        "SW": 10,
        "NW": 20,
        "nhc_product": "wind_radii",
        "atcf": "ep202026",
        "storm_name": "Simon",
        "storm_id": "20E"
      }
    },
    {
      "type": "Feature",
      "geometry": null,
      "properties": {
        "nhc_product": "metadata",
        "basin": "epac",
        "generated_at": "2026-10-11T01:10:32.576765+00:00",
        "active_storms": 2,
        "gtwo_areas": 0
      }
    }
  ]
}